date,dow_is_weekend,precipitation_total,humidity_ave,humidity_day_ave,humidity_night_ave,humidity_peak,cloud_cover_ave,cloud_cover_day_ave,wind_speed_ave,wind_speed_peak,irradiance_total,irradiance_peak,temperature_ave,demand_total
01-Jan-2010, -   ,3.182, 0.014 , 0.162 , 0.173 , 0.015 , 0.659 , 0.293 , 1.937 ,2.455," 6,566 ", 815 , 23.9 ," 374,465 "
02-Jan-2010, 1.00 ,9.976, 0.013 , 0.151 , 0.163 , 0.015 , 0.309 , 0.161 , 2.290 ,3.333," 7,221 ", 911 , 24.1 ," 384,838 "
03-Jan-2010, 1.00 ,2.934, 0.011 , 0.130 , 0.132 , 0.011 , 0.415 , 0.171 , 2.590 ,3.273," 6,975 ", 796 , 20.4 ," 355,195 "
04-Jan-2010, -   ,0.264, 0.011 , 0.133 , 0.132 , 0.012 , 0.128 , 0.088 , 2.396 ,3.05," 8,053 ", 889 , 21.0 ," 395,603 "
05-Jan-2010, -   ,3.389, 0.013 , 0.151 , 0.159 , 0.014 , 0.332 , 0.138 , 1.900 ,2.818," 8,012 "," 1,057 ", 23.3 ," 423,735 "
06-Jan-2010, -   ,0.846, 0.013 , 0.151 , 0.153 , 0.013 , 0.379 , 0.147 , 2.300 ,2.737," 7,574 ", 933 , 23.3 ," 433,043 "
07-Jan-2010, -   ,1.318, 0.012 , 0.140 , 0.143 , 0.012 , 0.291 , 0.130 , 1.999 ,2.744," 7,636 ", 954 , 22.1 ," 411,209 "
08-Jan-2010, -   ,0.207, 0.013 , 0.148 , 0.158 , 0.014 , 0.202 , 0.078 , 1.919 ,2.708," 8,822 "," 1,043 ", 23.3 ," 428,487 "
09-Jan-2010, 1.00 ,0.005, 0.012 , 0.137 , 0.156 , 0.013 , 0.252 , 0.217 , 1.603 ,2.448," 8,940 "," 1,074 ", 26.6 ," 443,638 "
10-Jan-2010, 1.00 ,0.284, 0.012 , 0.144 , 0.151 , 0.013 , 0.302 , 0.165 , 2.275 ,3.22," 8,232 "," 1,062 ", 26.1 ," 436,850 "
11-Jan-2010, -   ,0.188, 0.013 , 0.154 , 0.153 , 0.014 , 0.060 , 0.015 , 2.447 ,3.109," 8,876 "," 1,065 ", 24.9 ," 460,043 "
12-Jan-2010, -   ,0.143, 0.013 , 0.155 , 0.167 , 0.014 , 0.266 , 0.082 , 1.999 ,2.832," 8,606 "," 1,059 ", 27.8 ," 515,344 "
13-Jan-2010, -   ,8.756, 0.012 , 0.151 , 0.161 , 0.013 , 0.571 , 0.211 , 3.096 ,4.021," 7,318 "," 1,022 ", 25.0 ," 469,035 "
14-Jan-2010, -   ,1.128, 0.012 , 0.149 , 0.144 , 0.013 , 0.450 , 0.251 , 2.165 ,2.997," 6,469 ", 776 , 21.8 ," 422,902 "
15-Jan-2010, -   ,0.44, 0.013 , 0.155 , 0.152 , 0.013 , 0.338 , 0.150 , 1.891 ,2.648," 7,527 ", 896 , 22.8 ," 431,459 "
16-Jan-2010, 1.00 ,3.585, 0.013 , 0.154 , 0.156 , 0.014 , 0.492 , 0.157 , 1.949 ,2.53," 7,433 ", 951 , 23.7 ," 401,807 "
17-Jan-2010, 1.00 ,1.809, 0.010 , 0.118 , 0.163 , 0.012 , 0.212 , 0.164 , 2.707 ,3.517," 8,012 "," 1,028 ", 23.1 ," 379,941 "
18-Jan-2010, -   ,0.138, 0.006 , 0.071 , 0.126 , 0.007 , 0.121 , 0.029 , 2.944 ,4.251," 8,863 "," 1,062 ", 19.0 ," 409,269 "
19-Jan-2010, -   ,0.004, 0.006 , 0.070 , 0.080 , 0.008 , 0.002 , 0.001 , 1.916 ,2.604," 9,258 "," 1,103 ", 18.9 ," 409,301 "
20-Jan-2010, -   ,0, 0.009 , 0.100 , 0.084 , 0.011 , 0.005 , 0.003 , 1.655 ,2.382," 9,043 "," 1,093 ", 22.7 ," 430,673 "
21-Jan-2010, -   ,0.014, 0.012 , 0.132 , 0.124 , 0.014 , 0.250 , 0.051 , 1.791 ,2.458," 8,698 "," 1,066 ", 25.7 ," 477,982 "
22-Jan-2010, -   ,0.136, 0.011 , 0.126 , 0.160 , 0.013 , 0.041 , 0.020 , 2.344 ,2.906," 8,738 "," 1,059 ", 27.6 ," 515,780 "
23-Jan-2010, 1.00 ,0.908, 0.011 , 0.126 , 0.142 , 0.013 , 0.295 , 0.128 , 2.925 ,4.5," 7,599 ", 978 , 27.6 ," 459,807 "
24-Jan-2010, 1.00 ,0.227, 0.012 , 0.137 , 0.138 , 0.012 , 0.396 , 0.104 , 1.811 ,3.187," 7,884 ", 912 , 22.8 ," 387,133 "
25-Jan-2010, -   ,0.768, 0.013 , 0.147 , 0.139 , 0.014 , 0.262 , 0.116 , 1.927 ,3.26," 8,330 "," 1,032 ", 24.6 ," 446,617 "
26-Jan-2010, -   ,0.192, 0.013 , 0.140 , 0.162 , 0.015 , 0.522 , 0.205 , 2.163 ,2.748," 7,811 "," 1,031 ", 26.9 ," 446,159 "
27-Jan-2010, -   ,4.509, 0.013 , 0.154 , 0.166 , 0.014 , 0.526 , 0.212 , 1.884 ,2.554," 7,145 ", 989 , 24.9 ," 459,424 "
28-Jan-2010, -   ,6.987, 0.013 , 0.151 , 0.164 , 0.014 , 0.671 , 0.282 , 1.629 ,1.995," 5,062 ", 845 , 23.4 ," 454,778 "
29-Jan-2010, -   ,2.17, 0.012 , 0.139 , 0.166 , 0.014 , 0.218 , 0.083 , 2.962 ,3.271," 7,955 "," 1,014 ", 24.1 ," 451,054 "
30-Jan-2010, 1.00 ,1.891, 0.013 , 0.157 , 0.160 , 0.014 , 0.317 , 0.132 , 2.530 ,3.147," 8,116 "," 1,012 ", 23.1 ," 402,709 "
31-Jan-2010, 1.00 ,3.385, 0.013 , 0.153 , 0.164 , 0.013 , 0.908 , 0.445 , 2.696 ,3.611," 7,033 ", 968 , 24.2 ," 405,150 "
01-Feb-2010, -   ,0.823, 0.012 , 0.137 , 0.158 , 0.013 , 0.804 , 0.364 , 2.856 ,3.678," 6,587 ", 779 , 23.7 ," 459,124 "
02-Feb-2010, -   ,9.449, 0.013 , 0.152 , 0.151 , 0.015 , 0.697 , 0.348 , 3.374 ,4.15," 6,686 ", 871 , 22.6 ," 438,767 "
03-Feb-2010, -   ,12.921, 0.015 , 0.170 , 0.160 , 0.016 , 0.592 , 0.240 , 3.142 ,3.916," 6,803 ", 929 , 23.4 ," 450,692 "
04-Feb-2010, -   ,15.111, 0.016 , 0.185 , 0.173 , 0.016 , 0.535 , 0.287 , 2.944 ,3.51," 5,096 ", 766 , 23.6 ," 457,173 "
05-Feb-2010, -   ,27.273, 0.016 , 0.187 , 0.186 , 0.016 , 0.669 , 0.335 , 2.215 ,3.313," 4,180 ", 631 , 23.2 ," 461,533 "
06-Feb-2010, 1.00 ,31.611, 0.015 , 0.180 , 0.192 , 0.016 , 0.771 , 0.343 , 2.814 ,3.799," 5,100 ", 800 , 22.7 ," 396,063 "
07-Feb-2010, 1.00 ,10.366, 0.015 , 0.183 , 0.189 , 0.016 , 0.801 , 0.413 , 2.092 ,2.454," 4,251 ", 715 , 22.5 ," 389,075 "
08-Feb-2010, -   ,2.047, 0.014 , 0.170 , 0.186 , 0.015 , 0.570 , 0.290 , 1.846 ,2.327," 7,117 ", 872 , 23.2 ," 456,713 "
09-Feb-2010, -   ,0.403, 0.014 , 0.168 , 0.180 , 0.015 , 0.113 , 0.068 , 1.753 ,2.305," 7,918 ", 979 , 23.7 ," 471,293 "
10-Feb-2010, -   ,0.803, 0.014 , 0.168 , 0.168 , 0.015 , 0.650 , 0.261 , 1.670 ,2.231," 7,726 "," 1,000 ", 24.2 ," 481,375 "
11-Feb-2010, -   ,0.83, 0.014 , 0.171 , 0.170 , 0.015 , 0.624 , 0.254 , 2.077 ,2.29," 7,423 ", 953 , 24.6 ," 488,352 "
12-Feb-2010, -   ,16.472, 0.015 , 0.183 , 0.175 , 0.017 , 0.737 , 0.320 , 2.024 ,2.972," 6,143 ", 941 , 24.9 ," 493,639 "
13-Feb-2010, 1.00 ,17.676, 0.016 , 0.187 , 0.176 , 0.016 , 0.822 , 0.396 , 1.774 ,2.019," 4,084 ", 603 , 22.8 ," 415,736 "
14-Feb-2010, 1.00 ,14.988, 0.016 , 0.187 , 0.186 , 0.017 , 0.830 , 0.407 , 2.249 ,3.356," 4,240 ", 614 , 23.3 ," 404,802 "
15-Feb-2010, -   ,2.789, 0.013 , 0.158 , 0.192 , 0.015 , 0.269 , 0.173 , 2.698 ,3.704," 6,646 ", 853 , 22.7 ," 465,284 "
16-Feb-2010, -   ,0.505, 0.012 , 0.140 , 0.189 , 0.012 , 0.205 , 0.090 , 3.078 ,4.122," 7,278 ", 925 , 21.1 ," 432,508 "
17-Feb-2010, -   ,0.073, 0.011 , 0.134 , 0.157 , 0.012 , 0.346 , 0.184 , 2.481 ,3.157," 7,141 ", 973 , 21.0 ," 431,481 "
18-Feb-2010, -   ,0.437, 0.011 , 0.124 , 0.144 , 0.011 , 0.208 , 0.077 , 2.533 ,3.292," 7,619 ", 975 , 20.4 ," 425,063 "
19-Feb-2010, -   ,0.382, 0.012 , 0.137 , 0.133 , 0.012 , 0.260 , 0.054 , 2.042 ,2.482," 7,519 ", 951 , 20.9 ," 425,385 "
20-Feb-2010, 1.00 ,0.257, 0.013 , 0.149 , 0.130 , 0.013 , 0.064 , 0.030 , 2.236 ,2.743," 7,696 ", 990 , 22.3 ," 406,468 "
21-Feb-2010, 1.00 ,0.417, 0.013 , 0.155 , 0.143 , 0.014 , 0.309 , 0.145 , 1.869 ,2.258," 7,524 ", 984 , 24.2 ," 423,070 "
22-Feb-2010, -   ,0.082, 0.013 , 0.152 , 0.156 , 0.014 , 0.346 , 0.148 , 1.670 ,2.486," 6,961 ", 934 , 25.2 ," 502,056 "
23-Feb-2010, -   ,0.478, 0.010 , 0.131 , 0.165 , 0.012 , 0.232 , 0.121 , 2.673 ,3.918," 6,745 ", 942 , 22.9 ," 458,877 "
24-Feb-2010, -   ,0.262, 0.010 , 0.120 , 0.164 , 0.010 , 0.264 , 0.161 , 2.142 ,2.532," 6,058 ", 760 , 20.6 ," 426,309 "
25-Feb-2010, -   ,0.29, 0.010 , 0.119 , 0.126 , 0.010 , 0.225 , 0.064 , 2.254 ,2.917," 7,315 ", 958 , 20.7 ," 428,259 "
26-Feb-2010, -   ,0.645, 0.011 , 0.131 , 0.120 , 0.012 , 0.255 , 0.176 , 2.078 ,2.606," 6,876 ", 925 , 21.2 ," 426,901 "
27-Feb-2010, 1.00 ,0.839, 0.013 , 0.148 , 0.119 , 0.013 , 0.512 , 0.286 , 1.465 ,2.256," 6,718 ", 932 , 22.8 ," 410,506 "
28-Feb-2010, 1.00 ,7.746, 0.012 , 0.140 , 0.131 , 0.014 , 0.943 , 0.465 , 2.405 ,3.83," 4,828 ", 794 , 23.0 ," 394,712 "
01-Mar-2010, -   ,8.278, 0.010 , 0.119 , 0.150 , 0.011 , 0.889 , 0.437 , 3.432 ,4.073," 3,370 ", 448 , 18.9 ," 410,918 "
02-Mar-2010, -   ,2.662, 0.010 , 0.113 , 0.160 , 0.010 , 0.641 , 0.344 , 2.607 ,3.627," 4,197 ", 528 , 18.2 ," 409,302 "
03-Mar-2010, -   ,0.875, 0.010 , 0.125 , 0.143 , 0.011 , 0.417 , 0.218 , 2.116 ,2.633," 6,005 ", 819 , 19.6 ," 416,318 "
04-Mar-2010, -   ,1.021, 0.012 , 0.143 , 0.111 , 0.013 , 0.307 , 0.234 , 2.550 ,3.185," 5,774 ", 806 , 20.9 ," 425,296 "
05-Mar-2010, -   ,13.908, 0.014 , 0.165 , 0.117 , 0.015 , 0.440 , 0.192 , 2.570 ,3.222," 5,431 ", 676 , 21.7 ," 428,913 "
06-Mar-2010, 1.00 ,1.263, 0.015 , 0.178 , 0.127 , 0.015 , 0.127 , 0.072 , 1.967 ,3.197," 6,357 ", 845 , 22.9 ," 411,226 "
07-Mar-2010, 1.00 ,6.797, 0.014 , 0.169 , 0.152 , 0.015 , 0.349 , 0.173 , 3.107 ,3.705," 5,490 ", 848 , 22.7 ," 390,677 "
08-Mar-2010, -   ,0.802, 0.011 , 0.141 , 0.174 , 0.014 , 0.074 , 0.051 , 2.202 ,2.697," 6,536 ", 873 , 23.0 ," 445,518 "
09-Mar-2010, -   ,0.357, 0.010 , 0.123 , 0.180 , 0.011 , 0.135 , 0.084 , 2.045 ,3.243," 6,419 ", 930 , 21.5 ," 431,406 "
10-Mar-2010, -   ,2.218, 0.010 , 0.116 , 0.173 , 0.011 , 0.361 , 0.164 , 3.607 ,4.059," 4,831 ", 707 , 18.8 ," 415,144 "
11-Mar-2010, -   ,1.248, 0.009 , 0.108 , 0.131 , 0.009 , 0.381 , 0.135 , 3.122 ,3.762," 6,230 ", 890 , 18.8 ," 408,345 "
12-Mar-2010, -   ,1.14, 0.009 , 0.105 , 0.124 , 0.010 , 0.564 , 0.225 , 2.819 ,3.479," 5,246 ", 705 , 19.2 ," 406,133 "
13-Mar-2010, 1.00 ,3.234, 0.010 , 0.116 , 0.116 , 0.011 , 0.455 , 0.176 , 2.475 ,3.219," 5,450 ", 773 , 19.1 ," 374,122 "
14-Mar-2010, 1.00 ,0.658, 0.010 , 0.120 , 0.108 , 0.010 , 0.558 , 0.276 , 1.599 ,2.319," 5,115 ", 755 , 19.3 ," 364,334 "
15-Mar-2010, -   ,0.219, 0.011 , 0.123 , 0.113 , 0.011 , 0.226 , 0.175 , 1.338 ,1.795," 5,100 ", 709 , 20.1 ," 417,400 "
16-Mar-2010, -   ,0.151, 0.010 , 0.116 , 0.120 , 0.010 , 0.030 , 0.013 , 1.555 ,2.212," 6,722 ", 899 , 20.7 ," 424,311 "
17-Mar-2010, -   ,0.036, 0.009 , 0.107 , 0.120 , 0.010 , 0.287 , 0.178 , 1.633 ,2.04," 6,531 ", 911 , 20.7 ," 426,102 "
18-Mar-2010, -   ,0.054, 0.010 , 0.117 , 0.132 , 0.011 , 0.381 , 0.299 , 1.920 ,2.128," 5,964 ", 801 , 21.1 ," 429,004 "
19-Mar-2010, -   ,0.013, 0.011 , 0.117 , 0.120 , 0.012 , 0.390 , 0.228 , 1.584 ,1.994," 6,080 ", 790 , 22.0 ," 435,892 "
20-Mar-2010, 1.00 ,0.015, 0.011 , 0.128 , 0.120 , 0.012 , 0.621 , 0.209 , 1.688 ,2.073," 5,958 ", 872 , 23.6 ," 408,233 "
21-Mar-2010, 1.00 ,0.043, 0.011 , 0.125 , 0.128 , 0.012 , 0.432 , 0.287 , 1.951 ,3.094," 5,102 ", 735 , 23.8 ," 400,682 "
22-Mar-2010, -   ,0.166, 0.011 , 0.125 , 0.136 , 0.011 , 0.110 , 0.058 , 1.677 ,2.857," 5,906 ", 792 , 21.0 ," 429,093 "
23-Mar-2010, -   ,0.072, 0.011 , 0.125 , 0.139 , 0.011 , 0.080 , 0.048 , 1.525 ,2.145," 6,184 ", 855 , 21.4 ," 438,302 "
24-Mar-2010, -   ,0.026, 0.011 , 0.125 , 0.141 , 0.011 , 0.564 , 0.210 , 1.713 ,2.612," 5,866 ", 828 , 20.9 ," 430,215 "
25-Mar-2010, -   ,0.021, 0.012 , 0.134 , 0.134 , 0.013 , 0.563 , 0.242 , 1.986 ,2.632," 6,137 ", 848 , 21.7 ," 436,647 "
26-Mar-2010, -   ,0.007, 0.012 , 0.129 , 0.131 , 0.013 , 0.754 , 0.330 , 1.410 ,2.199," 5,640 ", 839 , 23.7 ," 452,066 "
27-Mar-2010, 1.00 ,0.23, 0.013 , 0.148 , 0.132 , 0.014 , 0.755 , 0.340 , 1.525 ,2.383," 5,457 ", 795 , 23.2 ," 409,803 "
28-Mar-2010, 1.00 ,1.279, 0.013 , 0.149 , 0.135 , 0.014 , 0.664 , 0.275 , 2.219 ,2.855," 4,860 ", 798 , 23.3 ," 399,822 "
29-Mar-2010, -   ,9.737, 0.013 , 0.157 , 0.149 , 0.014 , 0.885 , 0.427 , 1.262 ,1.778," 3,214 ", 589 , 22.6 ," 439,969 "
30-Mar-2010, -   ,25.888, 0.013 , 0.151 , 0.152 , 0.013 , 0.736 , 0.329 , 2.538 ,3.906," 2,798 ", 528 , 19.9 ," 431,125 "
31-Mar-2010, -   ,2.061, 0.011 , 0.128 , 0.161 , 0.012 , 0.381 , 0.101 , 2.952 ,3.967," 5,100 ", 696 , 19.2 ," 417,798 "
01-Apr-2010, -   ,0.321, 0.010 , 0.116 , 0.166 , 0.010 , 0.115 , 0.034 , 2.422 ,2.917," 5,804 ", 824 , 18.9 ," 408,842 "
02-Apr-2010, -   ,0.094, 0.010 , 0.116 , 0.165 , 0.010 , 0.170 , 0.104 , 2.416 ,2.924," 5,101 ", 732 , 18.8 ," 355,245 "
03-Apr-2010, 1.00 ,3.243, 0.010 , 0.120 , 0.150 , 0.010 , 0.448 , 0.192 , 2.588 ,3.014," 4,672 ", 689 , 18.1 ," 359,226 "
04-Apr-2010, 1.00 ,1.223, 0.009 , 0.108 , 0.127 , 0.009 , 0.412 , 0.181 , 1.931 ,2.598," 4,719 ", 649 , 17.5 ," 346,133 "
05-Apr-2010, -   ,0.692, 0.009 , 0.107 , 0.120 , 0.010 , 0.388 , 0.241 , 1.541 ,1.892," 4,988 ", 762 , 18.1 ," 358,000 "
06-Apr-2010, -   ,6.765, 0.012 , 0.135 , 0.120 , 0.013 , 0.938 , 0.468 , 2.251 ,2.917," 2,706 ", 548 , 18.4 ," 401,698 "
07-Apr-2010, -   ,2.425, 0.013 , 0.150 , 0.120 , 0.013 , 0.870 , 0.402 , 2.322 ,3.414," 2,803 ", 549 , 19.5 ," 410,195 "
08-Apr-2010, -   ,1.596, 0.010 , 0.121 , 0.108 , 0.011 , 0.097 , 0.051 , 2.183 ,3.56," 5,327 ", 770 , 20.4 ," 413,431 "
09-Apr-2010, -   ,0.219, 0.010 , 0.113 , 0.114 , 0.010 , 0.466 , 0.183 , 1.619 ,2.296," 5,076 ", 764 , 18.4 ," 405,199 "
10-Apr-2010, 1.00 ,0.395, 0.010 , 0.121 , 0.144 , 0.011 , 0.405 , 0.184 , 1.656 ,2.488," 4,940 ", 754 , 19.8 ," 374,223 "
11-Apr-2010, 1.00 ,0.097, 0.008 , 0.102 , 0.156 , 0.010 , 0.181 , 0.126 , 2.552 ,3.129," 4,846 ", 666 , 19.7 ," 360,465 "
12-Apr-2010, -   ,0.066, 0.006 , 0.071 , 0.130 , 0.007 , 0.082 , 0.044 , 2.199 ,3.008," 5,280 ", 771 , 16.2 ," 398,690 "
13-Apr-2010, -   ,0.034, 0.007 , 0.084 , 0.120 , 0.008 , 0.029 , 0.016 , 1.662 ,2.431," 5,312 ", 764 , 15.5 ," 409,336 "
14-Apr-2010, -   ,0.03, 0.008 , 0.089 , 0.128 , 0.009 , 0.600 , 0.246 , 1.398 ,1.969," 4,824 ", 763 , 17.0 ," 410,723 "
15-Apr-2010, -   ,0.485, 0.010 , 0.108 , 0.110 , 0.010 , 0.466 , 0.231 , 1.783 ,2.156," 4,163 ", 567 , 17.5 ," 412,468 "
16-Apr-2010, -   ,0.458, 0.010 , 0.119 , 0.082 , 0.011 , 0.088 , 0.039 , 1.356 ,1.944," 4,872 ", 708 , 18.3 ," 408,927 "
17-Apr-2010, 1.00 ,0.673, 0.011 , 0.125 , 0.087 , 0.012 , 0.138 , 0.058 , 1.391 ,2.091," 4,779 ", 717 , 19.0 ," 378,599 "
18-Apr-2010, 1.00 ,0.45, 0.012 , 0.134 , 0.092 , 0.012 , 0.306 , 0.097 , 1.308 ,1.724," 4,668 ", 705 , 19.7 ," 367,242 "
19-Apr-2010, -   ,0.486, 0.012 , 0.136 , 0.109 , 0.012 , 0.403 , 0.147 , 1.568 ,1.839," 4,609 ", 700 , 20.1 ," 416,593 "
20-Apr-2010, -   ,0.755, 0.011 , 0.127 , 0.121 , 0.012 , 0.418 , 0.256 , 1.678 ,2.071," 4,410 ", 664 , 19.9 ," 419,638 "
21-Apr-2010, -   ,0.157, 0.010 , 0.120 , 0.128 , 0.011 , 0.246 , 0.176 , 1.507 ,1.95," 4,679 ", 690 , 19.9 ," 416,615 "
22-Apr-2010, -   ,0.079, 0.010 , 0.108 , 0.140 , 0.011 , 0.085 , 0.048 , 1.446 ,1.681," 4,726 ", 702 , 20.2 ," 419,082 "
23-Apr-2010, -   ,0.496, 0.010 , 0.113 , 0.143 , 0.010 , 0.516 , 0.264 , 1.721 ,2.313," 4,087 ", 694 , 20.9 ," 415,238 "
24-Apr-2010, 1.00 ,8.321, 0.011 , 0.129 , 0.143 , 0.012 , 0.841 , 0.416 , 2.064 ,2.504," 2,456 ", 415 , 20.4 ," 375,583 "
25-Apr-2010, 1.00 ,2.036, 0.008 , 0.098 , 0.136 , 0.010 , 0.145 , 0.103 , 2.899 ,3.339," 3,752 ", 553 , 17.3 ," 357,209 "
26-Apr-2010, -   ,0.019, 0.007 , 0.080 , 0.131 , 0.008 , 0.286 , 0.160 , 1.813 ,2.798," 4,380 ", 710 , 15.1 ," 361,680 "
27-Apr-2010, -   ,0.05, 0.007 , 0.077 , 0.124 , 0.007 , 0.410 , 0.260 , 1.818 ,2.052," 3,180 ", 536 , 14.8 ," 409,514 "
28-Apr-2010, -   ,0.024, 0.007 , 0.084 , 0.120 , 0.007 , 0.214 , 0.031 , 2.109 ,2.637," 4,528 ", 687 , 15.9 ," 411,076 "
29-Apr-2010, -   ,0.102, 0.008 , 0.091 , 0.143 , 0.009 , 0.061 , 0.050 , 2.130 ,2.721," 4,341 ", 677 , 16.4 ," 414,177 "
30-Apr-2010, -   ,1.262, 0.009 , 0.111 , 0.096 , 0.010 , 0.247 , 0.146 , 2.003 ,2.729," 3,377 ", 486 , 15.7 ," 420,551 "
01-May-2010, 1.00 ,0.122, 0.010 , 0.109 , 0.089 , 0.010 , 0.114 , 0.096 , 1.699 ,1.927," 3,645 ", 566 , 17.0 ," 383,278 "
02-May-2010, 1.00 ,0.159, 0.009 , 0.101 , 0.083 , 0.010 , 0.593 , 0.235 , 1.600 ,2.204," 4,304 ", 670 , 17.7 ," 369,278 "
03-May-2010, -   ,1.367, 0.010 , 0.116 , 0.084 , 0.011 , 0.301 , 0.215 , 1.965 ,2.483," 3,836 ", 625 , 17.7 ," 415,114 "
04-May-2010, -   ,3.228, 0.010 , 0.115 , 0.096 , 0.011 , 0.154 , 0.071 , 2.251 ,2.676," 3,912 ", 615 , 18.2 ," 418,582 "
05-May-2010, -   ,1.312, 0.006 , 0.081 , 0.108 , 0.009 , 0.112 , 0.064 , 2.856 ,3.799," 3,644 ", 496 , 15.2 ," 415,120 "
06-May-2010, -   ,0.015, 0.007 , 0.077 , 0.119 , 0.007 , 0.051 , 0.033 , 2.032 ,3.103," 4,215 ", 648 , 13.3 ," 422,420 "
07-May-2010, -   ,0.014, 0.006 , 0.076 , 0.103 , 0.007 , 0.053 , 0.026 , 1.389 ,1.786," 4,148 ", 643 , 14.2 ," 422,342 "
08-May-2010, 1.00 ,0.03, 0.008 , 0.084 , 0.124 , 0.008 , 0.018 , 0.014 , 1.251 ,1.487," 4,081 ", 632 , 15.3 ," 390,516 "
09-May-2010, 1.00 ,0.02, 0.008 , 0.092 , 0.127 , 0.009 , 0.016 , 0.007 , 1.534 ,1.84," 4,066 ", 630 , 16.2 ," 371,044 "
10-May-2010, -   ,0.033, 0.008 , 0.093 , 0.088 , 0.009 , 0.051 , 0.007 , 1.943 ,2.357," 4,028 ", 624 , 16.5 ," 413,913 "
11-May-2010, -   ,0.122, 0.006 , 0.077 , 0.074 , 0.007 , 0.030 , 0.024 , 2.972 ,3.69," 3,831 ", 609 , 15.9 ," 419,854 "
12-May-2010, -   ,0.013, 0.005 , 0.062 , 0.078 , 0.006 , 0.025 , 0.015 , 2.972 ,3.734," 4,052 ", 638 , 12.2 ," 432,497 "
13-May-2010, -   ,0.179, 0.007 , 0.078 , 0.088 , 0.007 , 0.100 , 0.036 , 2.958 ,3.64," 3,791 ", 607 , 12.4 ," 438,252 "
14-May-2010, -   ,0.003, 0.007 , 0.078 , 0.098 , 0.007 , 0.063 , 0.037 , 2.651 ,3.349," 3,842 ", 610 , 13.3 ," 435,859 "
15-May-2010, 1.00 ,0.205, 0.008 , 0.089 , 0.108 , 0.008 , 0.215 , 0.156 , 2.208 ,2.569," 3,723 ", 594 , 13.7 ," 406,317 "
16-May-2010, 1.00 ,1.312, 0.008 , 0.096 , 0.093 , 0.009 , 0.632 , 0.284 , 1.660 ,1.974," 3,008 ", 564 , 14.5 ," 394,572 "
17-May-2010, -   ,7.979, 0.009 , 0.106 , 0.074 , 0.009 , 0.908 , 0.451 , 1.772 ,2.236," 1,324 ", 204 , 14.0 ," 441,519 "
18-May-2010, -   ,10.053, 0.009 , 0.105 , 0.066 , 0.009 , 0.751 , 0.373 , 2.374 ,2.727," 2,039 ", 313 , 13.4 ," 451,107 "
19-May-2010, -   ,0.842, 0.008 , 0.098 , 0.084 , 0.009 , 0.418 , 0.282 , 1.778 ,2.385," 2,793 ", 476 , 13.8 ," 445,179 "
20-May-2010, -   ,0.333, 0.008 , 0.094 , 0.084 , 0.008 , 0.857 , 0.413 , 1.222 ,1.656," 1,934 ", 330 , 13.9 ," 444,365 "
21-May-2010, -   ,6.708, 0.008 , 0.097 , 0.094 , 0.009 , 0.518 , 0.229 , 2.375 ,3.101," 2,314 ", 385 , 14.1 ," 440,916 "
22-May-2010, 1.00 ,3.375, 0.008 , 0.096 , 0.096 , 0.008 , 0.239 , 0.122 , 2.570 ,3.105," 3,019 ", 500 , 13.1 ," 417,592 "
23-May-2010, 1.00 ,0.65, 0.007 , 0.088 , 0.108 , 0.008 , 0.602 , 0.212 , 1.619 ,2.24," 3,084 ", 535 , 13.1 ," 414,580 "
24-May-2010, -   ,4.779, 0.009 , 0.104 , 0.103 , 0.010 , 0.645 , 0.320 , 1.496 ,1.804," 2,331 ", 408 , 14.3 ," 448,115 "
25-May-2010, -   ,7.979, 0.010 , 0.113 , 0.096 , 0.010 , 0.613 , 0.286 , 1.392 ,1.838," 2,222 ", 409 , 14.5 ," 450,198 "
26-May-2010, -   ,24.313, 0.009 , 0.110 , 0.096 , 0.010 , 0.700 , 0.370 , 3.294 ,4.245," 1,338 ", 255 , 14.2 ," 453,226 "
27-May-2010, -   ,1.955, 0.008 , 0.093 , 0.102 , 0.008 , 0.495 , 0.279 , 1.824 ,2.766," 2,495 ", 412 , 14.5 ," 445,151 "
28-May-2010, -   ,6.211, 0.009 , 0.107 , 0.096 , 0.010 , 0.727 , 0.370 , 2.294 ,3.026," 1,977 ", 347 , 14.4 ," 439,365 "
29-May-2010, 1.00 ,6.518, 0.009 , 0.109 , 0.085 , 0.010 , 0.560 , 0.318 , 2.223 ,3.097," 1,436 ", 315 , 14.0 ," 418,495 "
30-May-2010, 1.00 ,9.41, 0.008 , 0.103 , 0.108 , 0.010 , 0.638 , 0.281 , 2.574 ,3.774," 2,447 ", 472 , 12.6 ," 402,278 "
31-May-2010, -   ,5.485, 0.009 , 0.110 , 0.119 , 0.010 , 0.445 , 0.231 , 3.011 ,4.446," 2,374 ", 369 , 13.7 ," 443,135 "
01-Jun-2010, -   ,0.778, 0.008 , 0.096 , 0.110 , 0.008 , 0.901 , 0.440 , 1.752 ,2.274," 2,697 ", 457 , 13.6 ," 448,830 "
02-Jun-2010, -   ,11.775, 0.009 , 0.104 , 0.096 , 0.010 , 0.714 , 0.323 , 2.205 ,2.698," 2,816 ", 487 , 13.8 ," 447,733 "
03-Jun-2010, -   ,26.176, 0.010 , 0.117 , 0.106 , 0.010 , 0.775 , 0.366 , 2.718 ,3.093," 2,278 ", 443 , 14.5 ," 447,551 "
04-Jun-2010, -   ,14.67, 0.009 , 0.112 , 0.112 , 0.010 , 0.794 , 0.377 , 2.937 ,3.217," 1,819 ", 293 , 14.7 ," 449,733 "
05-Jun-2010, 1.00 ,0.483, 0.008 , 0.092 , 0.096 , 0.009 , 0.347 , 0.222 , 2.905 ,3.338," 2,696 ", 450 , 13.4 ," 418,427 "
06-Jun-2010, 1.00 ,1.996, 0.007 , 0.083 , 0.102 , 0.008 , 0.322 , 0.223 , 3.218 ,3.866," 2,402 ", 465 , 11.3 ," 414,995 "
07-Jun-2010, -   ,0.742, 0.007 , 0.084 , 0.098 , 0.007 , 0.673 , 0.290 , 1.923 ,2.78," 2,129 ", 356 , 10.7 ," 460,985 "
08-Jun-2010, -   ,0.023, 0.007 , 0.079 , 0.099 , 0.007 , 0.307 , 0.167 , 1.741 ,2.578," 2,966 ", 491 , 11.4 ," 466,213 "
09-Jun-2010, -   ,0.521, 0.006 , 0.069 , 0.110 , 0.006 , 0.179 , 0.105 , 3.567 ,4.058," 3,048 ", 515 , 10.1 ," 471,720 "
10-Jun-2010, -   ,0.008, 0.005 , 0.064 , 0.120 , 0.006 , 0.127 , 0.067 , 2.307 ,3.719," 3,205 ", 531 , 9.4 ," 475,191 "
11-Jun-2010, -   ,0.047, 0.006 , 0.072 , 0.111 , 0.006 , 0.299 , 0.097 , 2.445 ,2.988," 3,131 ", 515 , 8.8 ," 479,573 "
12-Jun-2010, 1.00 ,0.173, 0.006 , 0.072 , 0.092 , 0.006 , 0.070 , 0.035 , 2.578 ,3.064," 3,194 ", 530 , 9.4 ," 449,101 "
13-Jun-2010, 1.00 ,0.323, 0.006 , 0.079 , 0.085 , 0.007 , 0.168 , 0.107 , 2.104 ,2.693," 2,994 ", 508 , 9.8 ," 434,452 "
14-Jun-2010, -   ,0.194, 0.006 , 0.081 , 0.084 , 0.007 , 0.231 , 0.141 , 1.350 ,1.849," 2,978 ", 511 , 10.8 ," 441,781 "
15-Jun-2010, -   ,0.215, 0.007 , 0.084 , 0.082 , 0.007 , 0.421 , 0.115 , 1.477 ,1.718," 2,915 ", 488 , 11.8 ," 478,968 "
16-Jun-2010, -   ,1.145, 0.007 , 0.086 , 0.072 , 0.008 , 0.573 , 0.325 , 2.256 ,3.573," 2,484 ", 499 , 12.0 ," 468,547 "
17-Jun-2010, -   ,2.111, 0.007 , 0.089 , 0.060 , 0.009 , 0.254 , 0.210 , 2.703 ,3.852," 1,772 ", 370 , 12.1 ," 470,366 "
18-Jun-2010, -   ,0.096, 0.006 , 0.072 , 0.072 , 0.006 , 0.076 , 0.035 , 2.022 ,2.551," 3,207 ", 537 , 10.8 ," 464,539 "
19-Jun-2010, 1.00 ,0.085, 0.007 , 0.083 , 0.072 , 0.007 , 0.119 , 0.065 , 2.233 ,2.77," 3,020 ", 496 , 10.6 ," 436,159 "
20-Jun-2010, 1.00 ,1.463, 0.007 , 0.089 , 0.075 , 0.008 , 0.145 , 0.075 , 1.743 ,2.262," 3,007 ", 516 , 11.8 ," 422,158 "
21-Jun-2010, -   ,1.627, 0.008 , 0.096 , 0.074 , 0.008 , 0.408 , 0.210 , 2.020 ,2.33," 2,401 ", 442 , 12.1 ," 470,512 "
22-Jun-2010, -   ,2.751, 0.008 , 0.094 , 0.084 , 0.008 , 0.876 , 0.412 , 2.315 ,2.545," 2,030 ", 348 , 12.6 ," 471,896 "
23-Jun-2010, -   ,5.018, 0.008 , 0.096 , 0.091 , 0.008 , 0.771 , 0.377 , 1.840 ,2.456," 2,119 ", 393 , 13.1 ," 468,169 "
24-Jun-2010, -   ,0.204, 0.008 , 0.096 , 0.085 , 0.008 , 0.412 , 0.292 , 1.688 ,2.018," 2,300 ", 412 , 12.6 ," 460,321 "
25-Jun-2010, -   ,3.469, 0.009 , 0.100 , 0.072 , 0.009 , 0.611 , 0.406 , 2.159 ,2.334," 2,005 ", 389 , 12.8 ," 451,674 "
26-Jun-2010, 1.00 ,0.753, 0.007 , 0.088 , 0.081 , 0.009 , 0.241 , 0.169 , 2.234 ,2.544," 2,061 ", 338 , 11.8 ," 424,849 "
27-Jun-2010, 1.00 ,0.139, 0.006 , 0.067 , 0.084 , 0.006 , 0.097 , 0.051 , 2.194 ,2.648," 2,986 ", 481 , 9.0 ," 438,807 "
28-Jun-2010, -   ,0.019, 0.005 , 0.055 , 0.092 , 0.005 , 0.033 , 0.016 , 1.666 ,2.14," 3,301 ", 537 , 8.2 ," 489,609 "
29-Jun-2010, -   ,0.031, 0.004 , 0.049 , 0.096 , 0.005 , 0.040 , 0.024 , 1.777 ,2.334," 3,360 ", 554 , 6.9 ," 507,854 "
30-Jun-2010, -   ,0.082, 0.005 , 0.065 , 0.090 , 0.006 , 0.178 , 0.098 , 2.066 ,2.401," 3,116 ", 524 , 7.2 ," 510,489 "
01-Jul-2010, -   ,0.071, 0.005 , 0.064 , 0.096 , 0.006 , 0.596 , 0.314 , 1.508 ,2.231," 2,511 ", 468 , 9.1 ," 503,563 "
02-Jul-2010, -   ,2.301, 0.006 , 0.073 , 0.099 , 0.007 , 0.652 , 0.294 , 1.999 ,3.49," 1,966 ", 335 , 8.7 ," 514,509 "
03-Jul-2010, 1.00 ,0.073, 0.006 , 0.069 , 0.102 , 0.006 , 0.121 , 0.057 , 2.765 ,3.592," 3,123 ", 510 , 8.7 ," 463,880 "
04-Jul-2010, 1.00 ,0.464, 0.007 , 0.084 , 0.076 , 0.007 , 0.422 , 0.287 , 1.970 ,2.43," 2,783 ", 501 , 9.7 ," 444,070 "
05-Jul-2010, -   ,3.425, 0.007 , 0.089 , 0.072 , 0.008 , 0.815 , 0.398 , 1.493 ,2.142," 1,715 ", 272 , 10.4 ," 487,307 "
06-Jul-2010, -   ,1.389, 0.007 , 0.087 , 0.059 , 0.008 , 0.696 , 0.283 , 2.825 ,3.127," 2,531 ", 470 , 11.1 ," 482,097 "
07-Jul-2010, -   ,3.035, 0.007 , 0.091 , 0.048 , 0.008 , 0.608 , 0.272 , 2.712 ,3.195," 2,104 ", 308 , 10.8 ," 488,463 "
08-Jul-2010, -   ,4.743, 0.007 , 0.087 , 0.062 , 0.008 , 0.379 , 0.165 , 2.276 ,2.998," 2,663 ", 477 , 11.1 ," 487,288 "
09-Jul-2010, -   ,1.796, 0.007 , 0.092 , 0.060 , 0.008 , 0.333 , 0.204 , 2.010 ,2.356," 2,670 ", 494 , 11.6 ," 474,290 "
10-Jul-2010, 1.00 ,0.623, 0.008 , 0.095 , 0.072 , 0.008 , 0.344 , 0.218 , 2.127 ,2.523," 2,608 ", 496 , 12.3 ," 437,416 "
11-Jul-2010, 1.00 ,1.04, 0.008 , 0.096 , 0.072 , 0.009 , 0.244 , 0.142 , 1.880 ,2.599," 2,550 ", 398 , 12.8 ," 413,084 "
12-Jul-2010, -   ,0.438, 0.008 , 0.091 , 0.084 , 0.009 , 0.350 , 0.165 , 1.312 ,1.941," 2,890 ", 509 , 12.2 ," 459,562 "
13-Jul-2010, -   ,8.15, 0.009 , 0.107 , 0.090 , 0.010 , 0.828 , 0.389 , 3.032 ,3.819," 1,501 ", 325 , 13.2 ," 456,243 "
14-Jul-2010, -   ,2.216, 0.006 , 0.073 , 0.084 , 0.007 , 0.201 , 0.083 , 3.467 ,4.162," 3,230 ", 526 , 12.5 ," 445,972 "
15-Jul-2010, -   ,0.058, 0.006 , 0.065 , 0.084 , 0.006 , 0.084 , 0.041 , 2.724 ,3.752," 3,374 ", 543 , 10.1 ," 462,809 "
16-Jul-2010, -   ,0.058, 0.006 , 0.072 , 0.084 , 0.006 , 0.110 , 0.070 , 2.091 ,2.652," 3,221 ", 531 , 9.1 ," 474,114 "
17-Jul-2010, 1.00 ,0.033, 0.006 , 0.073 , 0.084 , 0.007 , 0.038 , 0.020 , 1.466 ,1.82," 3,498 ", 555 , 9.9 ," 440,483 "
18-Jul-2010, 1.00 ,0.136, 0.006 , 0.073 , 0.095 , 0.007 , 0.405 , 0.135 , 1.752 ,2.018," 3,401 ", 576 , 10.2 ," 423,681 "
19-Jul-2010, -   ,1.343, 0.007 , 0.074 , 0.101 , 0.007 , 0.458 , 0.256 , 2.257 ,2.983," 2,478 ", 440 , 10.2 ," 480,790 "
20-Jul-2010, -   ,2.239, 0.006 , 0.072 , 0.091 , 0.006 , 0.386 , 0.162 , 2.374 ,2.924," 2,970 ", 486 , 9.5 ," 486,064 "
21-Jul-2010, -   ,0.898, 0.006 , 0.072 , 0.112 , 0.006 , 0.177 , 0.111 , 2.443 ,3.082," 3,086 ", 495 , 9.2 ," 494,655 "
22-Jul-2010, -   ,0.853, 0.006 , 0.075 , 0.090 , 0.007 , 0.279 , 0.171 , 2.572 ,3.209," 2,415 ", 356 , 8.9 ," 497,252 "
23-Jul-2010, -   ,1.424, 0.007 , 0.088 , 0.072 , 0.008 , 0.432 , 0.202 , 1.905 ,2.533," 2,709 ", 491 , 10.5 ," 478,404 "
24-Jul-2010, 1.00 ,1.491, 0.007 , 0.087 , 0.071 , 0.008 , 0.534 , 0.243 , 1.535 ,1.687," 2,577 ", 487 , 11.5 ," 440,787 "
25-Jul-2010, 1.00 ,4.224, 0.007 , 0.085 , 0.074 , 0.008 , 0.427 , 0.210 , 1.659 ,1.867," 2,324 ", 348 , 11.3 ," 426,402 "
26-Jul-2010, -   ,0.896, 0.007 , 0.081 , 0.080 , 0.007 , 0.203 , 0.103 , 1.585 ,1.953," 3,283 ", 521 , 11.1 ," 470,677 "
27-Jul-2010, -   ,2.23, 0.007 , 0.090 , 0.076 , 0.009 , 0.706 , 0.301 , 1.750 ,2.134," 2,827 ", 538 , 11.7 ," 475,306 "
28-Jul-2010, -   ,20.018, 0.009 , 0.104 , 0.083 , 0.009 , 0.856 , 0.432 , 2.373 ,2.978," 1,480 ", 276 , 12.4 ," 480,707 "
29-Jul-2010, -   ,3.318, 0.009 , 0.106 , 0.072 , 0.010 , 0.412 , 0.255 , 1.909 ,2.316," 2,820 ", 470 , 13.1 ," 467,977 "
30-Jul-2010, -   ,6.606, 0.010 , 0.120 , 0.072 , 0.011 , 0.784 , 0.334 , 1.664 ,2.359," 2,730 ", 544 , 14.2 ," 448,069 "
31-Jul-2010, 1.00 ,0.404, 0.007 , 0.091 , 0.076 , 0.010 , 0.082 , 0.047 , 2.529 ,2.995," 3,551 ", 551 , 14.2 ," 410,653 "
01-Aug-2010, 1.00 ,2.195, 0.006 , 0.073 , 0.089 , 0.007 , 0.228 , 0.067 , 3.320 ,3.708," 3,734 ", 594 , 11.3 ," 405,388 "
02-Aug-2010, -   ,10.615, 0.007 , 0.075 , 0.087 , 0.008 , 0.605 , 0.208 , 4.672 ,5.837," 3,254 ", 563 , 9.3 ," 474,213 "
03-Aug-2010, -   ,1.28, 0.007 , 0.082 , 0.084 , 0.008 , 0.241 , 0.157 , 2.915 ,4.868," 2,777 ", 426 , 11.4 ," 477,644 "
04-Aug-2010, -   ,0.047, 0.006 , 0.068 , 0.080 , 0.007 , 0.092 , 0.055 , 1.836 ,2.38," 4,020 ", 622 , 10.1 ," 463,919 "
05-Aug-2010, -   ,0.077, 0.005 , 0.061 , 0.085 , 0.006 , 0.103 , 0.051 , 2.470 ,2.947," 4,005 ", 632 , 9.2 ," 471,673 "
06-Aug-2010, -   ,0.068, 0.006 , 0.066 , 0.107 , 0.006 , 0.078 , 0.033 , 2.631 ,2.98," 4,096 ", 632 , 8.9 ," 476,313 "
07-Aug-2010, 1.00 ,0.008, 0.006 , 0.066 , 0.105 , 0.006 , 0.289 , 0.136 , 1.940 ,2.627," 4,044 ", 633 , 8.9 ," 445,966 "
08-Aug-2010, 1.00 ,0.01, 0.006 , 0.066 , 0.121 , 0.006 , 0.118 , 0.088 , 1.410 ,1.815," 3,988 ", 585 , 9.6 ," 430,552 "
09-Aug-2010, -   ,5.359, 0.008 , 0.094 , 0.077 , 0.009 , 0.382 , 0.187 , 2.264 ,3.122," 3,591 ", 645 , 10.9 ," 466,961 "
10-Aug-2010, -   ,8.842, 0.009 , 0.102 , 0.071 , 0.011 , 0.841 , 0.382 , 3.015 ,3.661," 2,189 ", 406 , 13.4 ," 478,204 "
11-Aug-2010, -   ,2.88, 0.006 , 0.072 , 0.083 , 0.006 , 0.516 , 0.209 , 3.444 ,4.069," 3,212 ", 575 , 11.0 ," 460,680 "
12-Aug-2010, -   ,0.374, 0.006 , 0.072 , 0.084 , 0.006 , 0.448 , 0.166 , 3.584 ,4.458," 3,744 ", 587 , 10.1 ," 469,951 "
13-Aug-2010, -   ,0.014, 0.007 , 0.077 , 0.071 , 0.007 , 0.118 , 0.072 , 2.143 ,3.538," 4,020 ", 609 , 10.9 ," 457,377 "
14-Aug-2010, 1.00 ,0.382, 0.007 , 0.077 , 0.064 , 0.007 , 0.150 , 0.057 , 2.496 ,2.991," 4,276 ", 676 , 11.1 ," 418,805 "
15-Aug-2010, 1.00 ,1.448, 0.007 , 0.080 , 0.070 , 0.007 , 0.141 , 0.076 , 3.015 ,3.586," 3,849 ", 587 , 11.9 ," 397,074 "
16-Aug-2010, -   ,0.277, 0.006 , 0.067 , 0.072 , 0.006 , 0.051 , 0.026 , 2.788 ,3.632," 4,522 ", 672 , 11.0 ," 438,990 "
17-Aug-2010, -   ,0.015, 0.005 , 0.059 , 0.072 , 0.006 , 0.260 , 0.110 , 1.677 ,2.619," 4,650 ", 712 , 9.2 ," 461,532 "
18-Aug-2010, -   ,6.7, 0.008 , 0.089 , 0.076 , 0.009 , 0.478 , 0.196 , 2.899 ,3.208," 3,792 ", 616 , 11.4 ," 457,237 "
19-Aug-2010, -   ,0.754, 0.007 , 0.089 , 0.102 , 0.009 , 0.138 , 0.077 , 2.510 ,2.86," 4,155 ", 641 , 14.5 ," 424,058 "
20-Aug-2010, -   ,0.167, 0.005 , 0.060 , 0.102 , 0.005 , 0.058 , 0.030 , 2.820 ,3.643," 4,650 ", 682 , 11.0 ," 428,404 "
21-Aug-2010, 1.00 ,0.144, 0.005 , 0.060 , 0.072 , 0.005 , 0.059 , 0.028 , 2.539 ,3.719," 4,723 ", 701 , 9.5 ," 414,318 "
22-Aug-2010, 1.00 ,1.226, 0.006 , 0.069 , 0.072 , 0.007 , 0.661 , 0.238 , 1.459 ,1.805," 4,118 ", 721 , 10.3 ," 408,966 "
23-Aug-2010, -   ,1.002, 0.007 , 0.079 , 0.081 , 0.007 , 0.319 , 0.198 , 2.248 ,3.442," 3,149 ", 495 , 10.7 ," 459,753 "
24-Aug-2010, -   ,0.277, 0.005 , 0.067 , 0.084 , 0.006 , 0.172 , 0.058 , 2.781 ,3.416," 4,802 ", 705 , 11.1 ," 445,010 "
25-Aug-2010, -   ,0.722, 0.005 , 0.059 , 0.084 , 0.006 , 0.193 , 0.105 , 3.208 ,3.526," 4,615 ", 720 , 10.1 ," 446,842 "
26-Aug-2010, -   ,1.565, 0.006 , 0.068 , 0.065 , 0.006 , 0.356 , 0.177 , 3.352 ,3.825," 4,267 ", 640 , 9.8 ," 457,182 "
27-Aug-2010, -   ,0.23, 0.006 , 0.067 , 0.061 , 0.006 , 0.083 , 0.048 , 2.889 ,3.807," 4,768 ", 679 , 10.4 ," 449,413 "
28-Aug-2010, 1.00 ,0.024, 0.006 , 0.066 , 0.103 , 0.006 , 0.108 , 0.057 , 1.858 ,2.375," 5,012 ", 751 , 10.1 ," 423,027 "
29-Aug-2010, 1.00 ,0.044, 0.007 , 0.077 , 0.083 , 0.007 , 0.130 , 0.063 , 1.427 ,1.938," 4,847 ", 716 , 11.2 ," 406,077 "
30-Aug-2010, -   ,0.01, 0.007 , 0.078 , 0.060 , 0.007 , 0.103 , 0.067 , 1.333 ,1.9," 4,824 ", 702 , 12.2 ," 438,035 "
31-Aug-2010, -   ,0.013, 0.007 , 0.085 , 0.060 , 0.008 , 0.453 , 0.152 , 2.071 ,2.711," 5,047 ", 743 , 13.0 ," 434,289 "
01-Sep-2010, -   ,1.068, 0.009 , 0.106 , 0.072 , 0.010 , 0.818 , 0.389 , 1.582 ,2.545," 3,488 ", 631 , 15.2 ," 421,534 "
02-Sep-2010, -   ,2.837, 0.009 , 0.110 , 0.083 , 0.010 , 0.590 , 0.281 , 2.352 ,3.096," 3,012 ", 441 , 15.4 ," 427,875 "
03-Sep-2010, -   ,12.41, 0.009 , 0.113 , 0.063 , 0.011 , 0.869 , 0.399 , 3.043 ,4.283," 2,807 ", 512 , 14.1 ," 430,567 "
04-Sep-2010, 1.00 ,5.978, 0.009 , 0.118 , 0.060 , 0.012 , 0.512 , 0.296 , 4.343 ,5.138," 3,232 ", 551 , 16.5 ," 397,372 "
05-Sep-2010, 1.00 ,0.555, 0.006 , 0.079 , 0.070 , 0.007 , 0.172 , 0.077 , 2.792 ,4.968," 5,166 ", 753 , 14.2 ," 368,426 "
06-Sep-2010, -   ,0.67, 0.006 , 0.072 , 0.071 , 0.006 , 0.209 , 0.091 , 1.860 ,2.943," 5,112 ", 772 , 12.2 ," 421,617 "
07-Sep-2010, -   ,0.368, 0.006 , 0.072 , 0.068 , 0.006 , 0.161 , 0.080 , 2.366 ,2.745," 5,015 ", 701 , 11.3 ," 439,970 "
08-Sep-2010, -   ,0.048, 0.007 , 0.077 , 0.079 , 0.007 , 0.142 , 0.107 , 1.550 ,1.915," 5,170 ", 783 , 11.6 ," 434,122 "
09-Sep-2010, -   ,4.89, 0.009 , 0.099 , 0.084 , 0.010 , 0.486 , 0.278 , 2.250 ,2.627," 3,508 ", 583 , 12.7 ," 439,933 "
10-Sep-2010, -   ,1.477, 0.007 , 0.092 , 0.085 , 0.010 , 0.125 , 0.094 , 2.931 ,4.319," 4,916 ", 741 , 14.2 ," 426,390 "
11-Sep-2010, 1.00 ,0.003, 0.006 , 0.068 , 0.092 , 0.006 , 0.018 , 0.010 , 1.407 ,2.247," 5,868 ", 827 , 12.6 ," 392,885 "
12-Sep-2010, 1.00 ,0.183, 0.008 , 0.086 , 0.111 , 0.008 , 0.707 , 0.248 , 1.856 ,2.591," 5,224 ", 771 , 13.3 ," 379,771 "
13-Sep-2010, -   ,1.986, 0.008 , 0.097 , 0.106 , 0.009 , 0.279 , 0.096 , 1.656 ,2.584," 5,297 ", 779 , 15.2 ," 411,423 "
14-Sep-2010, -   ,17.958, 0.009 , 0.104 , 0.115 , 0.010 , 0.560 , 0.241 , 2.524 ,3.713," 3,840 ", 617 , 14.1 ," 430,149 "
15-Sep-2010, -   ,0.076, 0.006 , 0.078 , 0.108 , 0.008 , 0.334 , 0.119 , 2.683 ,3.562," 5,781 ", 812 , 13.5 ," 420,801 "
16-Sep-2010, -   ,0.006, 0.005 , 0.067 , 0.076 , 0.006 , 0.453 , 0.159 , 3.064 ,3.616," 5,979 ", 838 , 12.3 ," 419,643 "
17-Sep-2010, -   ,0.009, 0.006 , 0.065 , 0.072 , 0.006 , 0.182 , 0.132 , 1.681 ,2.37," 5,913 ", 809 , 11.6 ," 422,326 "
18-Sep-2010, 1.00 ,0.022, 0.006 , 0.074 , 0.072 , 0.007 , 0.488 , 0.195 , 1.446 ,2.184," 5,471 ", 820 , 12.1 ," 388,139 "
19-Sep-2010, 1.00 ,0.708, 0.008 , 0.087 , 0.083 , 0.008 , 0.572 , 0.322 , 1.277 ,1.835," 4,104 ", 581 , 12.7 ," 380,059 "
20-Sep-2010, -   ,0.843, 0.008 , 0.096 , 0.108 , 0.009 , 0.149 , 0.087 , 1.580 ,1.747," 5,484 ", 770 , 13.4 ," 422,787 "
21-Sep-2010, -   ,0.89, 0.008 , 0.100 , 0.073 , 0.009 , 0.261 , 0.068 , 2.247 ,3.593," 5,801 ", 821 , 14.7 ," 421,197 "
22-Sep-2010, -   ,0.243, 0.009 , 0.097 , 0.072 , 0.009 , 0.429 , 0.184 , 1.657 ,2.302," 5,051 ", 790 , 15.1 ," 414,410 "
23-Sep-2010, -   ,0.37, 0.008 , 0.097 , 0.096 , 0.009 , 0.229 , 0.149 , 1.552 ,1.848," 4,459 ", 679 , 14.9 ," 416,823 "
24-Sep-2010, -   ,0.132, 0.008 , 0.093 , 0.096 , 0.009 , 0.186 , 0.137 , 1.573 ,2.228," 6,307 ", 873 , 15.9 ," 410,080 "
25-Sep-2010, 1.00 ,0.196, 0.007 , 0.087 , 0.113 , 0.008 , 0.476 , 0.269 , 1.515 ,2.014," 5,204 ", 731 , 15.8 ," 373,817 "
26-Sep-2010, 1.00 ,0.036, 0.008 , 0.097 , 0.072 , 0.009 , 0.326 , 0.194 , 1.596 ,2.048," 5,866 ", 864 , 16.4 ," 358,623 "
27-Sep-2010, -   ,0.336, 0.009 , 0.101 , 0.062 , 0.009 , 0.357 , 0.247 , 1.775 ,2.291," 5,263 ", 730 , 17.2 ," 396,035 "
28-Sep-2010, -   ,0.606, 0.007 , 0.079 , 0.070 , 0.008 , 0.514 , 0.185 , 2.029 ,3.344," 6,169 ", 868 , 16.3 ," 400,206 "
29-Sep-2010, -   ,1.043, 0.006 , 0.068 , 0.077 , 0.006 , 0.191 , 0.084 , 2.532 ,3.688," 5,976 ", 768 , 12.7 ," 409,239 "
30-Sep-2010, -   ,0.006, 0.006 , 0.065 , 0.090 , 0.006 , 0.638 , 0.225 , 1.720 ,2.354," 6,070 ", 901 , 11.7 ," 417,668 "
01-Oct-2010, -   ,0.829, 0.008 , 0.090 , 0.097 , 0.009 , 0.902 , 0.445 , 1.931 ,2.714," 3,318 ", 501 , 13.5 ," 415,816 "
02-Oct-2010, 1.00 ,15.976, 0.009 , 0.112 , 0.098 , 0.010 , 0.683 , 0.370 , 2.496 ,3.034," 3,436 ", 503 , 15.0 ," 377,929 "
03-Oct-2010, 1.00 ,17.444, 0.010 , 0.119 , 0.102 , 0.010 , 0.660 , 0.302 , 2.678 ,3.202," 3,570 ", 615 , 15.3 ," 359,891 "
04-Oct-2010, -   ,5.139, 0.010 , 0.123 , 0.103 , 0.011 , 0.249 , 0.127 , 1.983 ,3.24," 5,519 ", 749 , 16.3 ," 360,217 "
05-Oct-2010, -   ,1.32, 0.011 , 0.132 , 0.100 , 0.011 , 0.191 , 0.083 , 1.490 ,1.905," 6,213 ", 803 , 17.6 ," 403,703 "
06-Oct-2010, -   ,1.467, 0.011 , 0.127 , 0.101 , 0.011 , 0.527 , 0.239 , 1.619 ,2.127," 5,805 ", 861 , 18.0 ," 404,755 "
07-Oct-2010, -   ,0.73, 0.008 , 0.101 , 0.092 , 0.010 , 0.636 , 0.245 , 2.064 ,3.518," 6,050 ", 812 , 16.6 ," 403,498 "
08-Oct-2010, -   ,1.508, 0.008 , 0.096 , 0.105 , 0.008 , 0.670 , 0.296 , 2.011 ,2.579," 5,328 ", 744 , 14.9 ," 404,606 "
09-Oct-2010, 1.00 ,1.765, 0.008 , 0.098 , 0.103 , 0.009 , 0.439 , 0.289 , 2.114 ,3.661," 5,128 ", 695 , 15.5 ," 376,048 "
10-Oct-2010, 1.00 ,4.653, 0.008 , 0.103 , 0.082 , 0.010 , 0.501 , 0.227 , 3.209 ,3.845," 5,318 ", 735 , 15.6 ," 360,975 "
11-Oct-2010, -   ,1.584, 0.009 , 0.112 , 0.071 , 0.010 , 0.323 , 0.194 , 2.980 ,3.992," 5,170 ", 673 , 16.6 ," 404,794 "
12-Oct-2010, -   ,1.655, 0.010 , 0.120 , 0.072 , 0.010 , 0.743 , 0.343 , 2.358 ,3.018," 4,941 ", 770 , 17.5 ," 413,037 "
13-Oct-2010, -   ,5.806, 0.011 , 0.131 , 0.094 , 0.011 , 0.735 , 0.326 , 1.942 ,2.32," 4,818 ", 738 , 17.9 ," 411,525 "
14-Oct-2010, -   ,2.484, 0.011 , 0.132 , 0.108 , 0.012 , 0.784 , 0.323 , 2.052 ,4.406," 5,634 ", 920 , 19.1 ," 415,301 "
15-Oct-2010, -   ,9.12, 0.009 , 0.109 , 0.120 , 0.013 , 0.466 , 0.294 , 4.702 ,5.427," 4,217 ", 643 , 18.6 ," 408,428 "
16-Oct-2010, 1.00 ,0.223, 0.005 , 0.059 , 0.120 , 0.006 , 0.126 , 0.098 , 3.663 ,5.035," 6,306 ", 791 , 10.8 ," 378,339 "
17-Oct-2010, 1.00 ,0.022, 0.007 , 0.075 , 0.132 , 0.007 , 0.048 , 0.019 , 1.623 ,2.383," 7,611 ", 978 , 13.0 ," 363,725 "
18-Oct-2010, -   ,1.414, 0.007 , 0.086 , 0.132 , 0.008 , 0.174 , 0.125 , 1.963 ,2.799," 6,975 ", 986 , 14.9 ," 402,787 "
19-Oct-2010, -   ,0.544, 0.008 , 0.092 , 0.096 , 0.008 , 0.423 , 0.255 , 1.837 ,2.769," 5,180 ", 744 , 14.2 ," 414,834 "
20-Oct-2010, -   ,0.069, 0.009 , 0.101 , 0.096 , 0.009 , 0.240 , 0.115 , 1.798 ,2.497," 7,385 ", 954 , 16.1 ," 404,129 "
21-Oct-2010, -   ,0.209, 0.009 , 0.112 , 0.096 , 0.010 , 0.423 , 0.170 , 1.893 ,2.659," 7,060 ", 940 , 17.1 ," 406,818 "
22-Oct-2010, -   ,1.235, 0.010 , 0.112 , 0.099 , 0.010 , 0.177 , 0.074 , 1.632 ,2.091," 6,908 ", 890 , 18.4 ," 405,014 "
23-Oct-2010, 1.00 ,12.526, 0.010 , 0.109 , 0.108 , 0.011 , 0.737 , 0.327 , 2.183 ,3.499," 5,291 ", 919 , 18.9 ," 373,111 "
24-Oct-2010, 1.00 ,9.55, 0.009 , 0.106 , 0.117 , 0.010 , 0.773 , 0.362 , 2.835 ,3.776," 4,179 ", 597 , 14.9 ," 370,332 "
25-Oct-2010, -   ,0.813, 0.009 , 0.105 , 0.128 , 0.009 , 0.250 , 0.072 , 2.265 ,3.753," 7,140 ", 907 , 15.8 ," 405,767 "
26-Oct-2010, -   ,0.173, 0.009 , 0.096 , 0.135 , 0.010 , 0.147 , 0.063 , 1.529 ,2.018," 7,581 ", 975 , 17.8 ," 406,429 "
27-Oct-2010, -   ,2.922, 0.009 , 0.111 , 0.137 , 0.010 , 0.441 , 0.213 , 2.425 ,3.038," 5,892 ", 894 , 17.2 ," 406,426 "
28-Oct-2010, -   ,0.376, 0.009 , 0.108 , 0.072 , 0.009 , 0.240 , 0.143 , 1.797 ,2.342," 6,500 ", 810 , 16.6 ," 404,061 "
29-Oct-2010, -   ,0.15, 0.010 , 0.120 , 0.068 , 0.012 , 0.412 , 0.290 , 1.990 ,2.391," 5,936 ", 726 , 17.7 ," 402,800 "
30-Oct-2010, 1.00 ,2.939, 0.012 , 0.143 , 0.086 , 0.013 , 0.760 , 0.322 , 2.660 ,3.05," 5,784 ", 746 , 19.7 ," 376,364 "
31-Oct-2010, 1.00 ,1.593, 0.011 , 0.130 , 0.086 , 0.012 , 0.343 , 0.205 , 1.849 ,2.553," 6,730 ", 919 , 20.2 ," 362,307 "
01-Nov-2010, -   ,31.132, 0.009 , 0.112 , 0.090 , 0.011 , 0.693 , 0.341 , 2.977 ,4.299," 4,425 ", 709 , 16.6 ," 405,241 "
02-Nov-2010, -   ,0.777, 0.008 , 0.090 , 0.103 , 0.008 , 0.249 , 0.146 , 2.058 ,3.591," 7,013 ", 884 , 14.1 ," 400,958 "
03-Nov-2010, -   ,2.608, 0.009 , 0.097 , 0.109 , 0.009 , 0.486 , 0.164 , 2.348 ,3.101," 6,931 "," 1,009 ", 15.7 ," 399,871 "
04-Nov-2010, -   ,11.619, 0.008 , 0.096 , 0.118 , 0.009 , 0.536 , 0.301 , 3.002 ,3.427," 4,537 ", 531 , 14.4 ," 402,442 "
05-Nov-2010, -   ,7.446, 0.008 , 0.096 , 0.124 , 0.008 , 0.512 , 0.242 , 2.862 ,3.593," 5,572 ", 644 , 14.2 ," 401,586 "
06-Nov-2010, 1.00 ,3.897, 0.008 , 0.100 , 0.108 , 0.009 , 0.417 , 0.226 , 2.062 ,2.414," 6,153 ", 797 , 14.9 ," 372,722 "
07-Nov-2010, 1.00 ,0.73, 0.010 , 0.119 , 0.106 , 0.011 , 0.584 , 0.309 , 2.136 ,2.614," 7,087 ", 952 , 17.2 ," 357,696 "
08-Nov-2010, -   ,12.167, 0.012 , 0.145 , 0.110 , 0.013 , 0.634 , 0.325 , 1.700 ,2.427," 5,278 ", 683 , 19.3 ," 404,940 "
09-Nov-2010, -   ,0.846, 0.012 , 0.146 , 0.112 , 0.013 , 0.743 , 0.353 , 1.624 ,2.159," 5,675 ", 719 , 19.1 ," 409,423 "
10-Nov-2010, -   ,5.14, 0.013 , 0.155 , 0.108 , 0.014 , 0.697 , 0.271 , 1.379 ,1.733," 6,244 ", 892 , 20.7 ," 415,926 "
11-Nov-2010, -   ,1.496, 0.012 , 0.144 , 0.120 , 0.013 , 0.598 , 0.224 , 1.277 ,1.576," 7,356 ", 889 , 21.2 ," 419,558 "
12-Nov-2010, -   ,0.195, 0.013 , 0.150 , 0.149 , 0.014 , 0.632 , 0.308 , 1.933 ,2.542," 8,010 ", 995 , 21.9 ," 431,943 "
13-Nov-2010, 1.00 ,2.875, 0.014 , 0.166 , 0.132 , 0.015 , 0.637 , 0.355 , 1.926 ,2.555," 7,155 ", 970 , 22.6 ," 403,441 "
14-Nov-2010, 1.00 ,5.36, 0.014 , 0.161 , 0.115 , 0.014 , 0.739 , 0.326 , 1.727 ,2.553," 6,721 ", 934 , 22.5 ," 396,986 "
15-Nov-2010, -   ,20.145, 0.012 , 0.146 , 0.095 , 0.013 , 0.894 , 0.437 , 1.748 ,2.813," 4,193 ", 704 , 20.1 ," 420,601 "
16-Nov-2010, -   ,3.179, 0.010 , 0.123 , 0.106 , 0.011 , 0.789 , 0.354 , 2.241 ,3.018," 6,930 ", 935 , 18.2 ," 408,433 "
17-Nov-2010, -   ,1.06, 0.010 , 0.120 , 0.099 , 0.010 , 0.464 , 0.239 , 1.667 ,2.241," 6,538 ", 915 , 17.6 ," 402,252 "
18-Nov-2010, -   ,2.379, 0.010 , 0.117 , 0.096 , 0.011 , 0.620 , 0.337 , 2.248 ,4.006," 5,172 ", 745 , 18.1 ," 405,769 "
19-Nov-2010, -   ,0.965, 0.008 , 0.101 , 0.096 , 0.009 , 0.204 , 0.135 , 2.531 ,3.68," 6,960 ", 872 , 16.8 ," 396,199 "
20-Nov-2010, 1.00 ,0.077, 0.009 , 0.101 , 0.109 , 0.009 , 0.329 , 0.177 , 1.810 ,2.212," 8,436 "," 1,060 ", 17.4 ," 366,407 "
21-Nov-2010, 1.00 ,0.085, 0.010 , 0.113 , 0.141 , 0.010 , 0.460 , 0.134 , 1.882 ,2.39," 8,369 "," 1,017 ", 18.4 ," 355,690 "
22-Nov-2010, -   ,0.149, 0.010 , 0.120 , 0.145 , 0.010 , 0.623 , 0.234 , 2.423 ,2.978," 8,119 "," 1,031 ", 19.3 ," 408,604 "
23-Nov-2010, -   ,0.297, 0.011 , 0.125 , 0.149 , 0.011 , 0.509 , 0.240 , 2.590 ,3.141," 7,805 ", 947 , 19.6 ," 414,915 "
24-Nov-2010, -   ,0.132, 0.011 , 0.127 , 0.157 , 0.011 , 0.177 , 0.080 , 2.335 ,2.798," 8,621 "," 1,046 ", 20.5 ," 423,425 "
25-Nov-2010, -   ,0.31, 0.011 , 0.126 , 0.149 , 0.011 , 0.372 , 0.191 , 1.920 ,2.608," 8,260 "," 1,023 ", 21.2 ," 434,378 "
26-Nov-2010, -   ,1.278, 0.012 , 0.137 , 0.156 , 0.012 , 0.553 , 0.309 , 1.812 ,2.302," 7,508 ", 955 , 21.2 ," 428,515 "
27-Nov-2010, 1.00 ,1.868, 0.011 , 0.132 , 0.170 , 0.012 , 0.766 , 0.314 , 2.828 ,3.605," 5,943 ", 933 , 21.2 ," 392,515 "
28-Nov-2010, 1.00 ,12.739, 0.012 , 0.139 , 0.164 , 0.012 , 0.656 , 0.336 , 1.957 ,2.699," 4,824 ", 724 , 19.8 ," 363,208 "
29-Nov-2010, -   ,12.475, 0.012 , 0.146 , 0.145 , 0.013 , 0.718 , 0.321 , 2.502 ,3.184," 5,520 ", 832 , 18.3 ," 400,467 "
30-Nov-2010, -   ,25.551, 0.013 , 0.153 , 0.124 , 0.013 , 0.873 , 0.428 , 2.739 ,3.3," 3,859 ", 495 , 18.6 ," 406,384 "
01-Dec-2010, -   ,22.706, 0.013 , 0.155 , 0.120 , 0.013 , 0.780 , 0.357 , 2.891 ,3.407," 4,164 ", 564 , 18.9 ," 407,400 "
02-Dec-2010, -   ,5.644, 0.013 , 0.156 , 0.131 , 0.014 , 0.837 , 0.438 , 2.238 ,2.849," 4,308 ", 602 , 20.0 ," 411,616 "
03-Dec-2010, -   ,7.084, 0.013 , 0.156 , 0.096 , 0.013 , 0.895 , 0.419 , 1.808 ,2.328," 4,631 ", 710 , 20.3 ," 418,625 "
04-Dec-2010, 1.00 ,3.667, 0.013 , 0.156 , 0.108 , 0.014 , 0.703 , 0.388 , 1.453 ,1.925," 4,874 ", 751 , 19.8 ," 384,305 "
05-Dec-2010, 1.00 ,3.698, 0.013 , 0.156 , 0.119 , 0.014 , 0.638 , 0.283 , 1.612 ,2.179," 6,990 ", 858 , 20.4 ," 371,372 "
06-Dec-2010, -   ,2.957, 0.013 , 0.156 , 0.120 , 0.013 , 0.480 , 0.154 , 1.929 ,2.467," 7,981 ", 961 , 20.8 ," 424,875 "
07-Dec-2010, -   ,0.966, 0.013 , 0.160 , 0.129 , 0.014 , 0.728 , 0.317 , 2.682 ,3.221," 8,481 "," 1,029 ", 21.3 ," 429,545 "
08-Dec-2010, -   ,7.247, 0.015 , 0.177 , 0.132 , 0.016 , 0.567 , 0.166 , 2.700 ,3.405," 7,954 "," 1,002 ", 22.5 ," 442,421 "
09-Dec-2010, -   ,7.882, 0.015 , 0.183 , 0.132 , 0.017 , 0.649 , 0.269 , 1.939 ,2.74," 6,421 ", 926 , 23.6 ," 454,826 "
10-Dec-2010, -   ,1.553, 0.012 , 0.133 , 0.142 , 0.013 , 0.643 , 0.297 , 1.556 ,2.176," 7,355 ", 973 , 21.9 ," 432,072 "
11-Dec-2010, 1.00 ,1.027, 0.010 , 0.111 , 0.143 , 0.011 , 0.083 , 0.037 , 1.634 ,1.999," 9,007 "," 1,048 ", 19.9 ," 381,234 "
12-Dec-2010, 1.00 ,0.167, 0.010 , 0.115 , 0.142 , 0.011 , 0.174 , 0.064 , 1.606 ,2.224," 8,790 "," 1,083 ", 20.4 ," 372,062 "
13-Dec-2010, -   ,0.501, 0.011 , 0.130 , 0.144 , 0.012 , 0.537 , 0.196 , 1.894 ,2.647," 8,512 "," 1,093 ", 19.8 ," 422,473 "
14-Dec-2010, -   ,0.946, 0.012 , 0.145 , 0.148 , 0.013 , 0.407 , 0.236 , 1.260 ,2.012," 7,722 ", 933 , 20.4 ," 423,997 "
15-Dec-2010, -   ,0.869, 0.013 , 0.148 , 0.149 , 0.013 , 0.472 , 0.222 , 1.647 ,2.352," 7,806 "," 1,062 ", 22.3 ," 439,449 "
16-Dec-2010, -   ,7.104, 0.012 , 0.146 , 0.155 , 0.013 , 0.608 , 0.324 , 1.942 ,3.099," 5,340 ", 813 , 21.3 ," 425,508 "
17-Dec-2010, -   ,0.642, 0.009 , 0.117 , 0.156 , 0.011 , 0.790 , 0.376 , 2.051 ,3.13," 5,008 ", 708 , 19.5 ," 403,072 "
18-Dec-2010, 1.00 ,0.974, 0.008 , 0.104 , 0.158 , 0.010 , 0.710 , 0.362 , 2.466 ,3.934," 5,811 ", 779 , 18.8 ," 363,556 "
19-Dec-2010, 1.00 ,6.486, 0.009 , 0.094 , 0.157 , 0.011 , 0.346 , 0.174 , 3.433 ,5.099," 7,225 ", 896 , 17.8 ," 351,588 "
20-Dec-2010, -   ,0.104, 0.007 , 0.081 , 0.157 , 0.007 , 0.052 , 0.032 , 3.295 ,5.182," 9,322 "," 1,075 ", 15.5 ," 380,689 "
21-Dec-2010, -   ,0.078, 0.009 , 0.103 , 0.156 , 0.010 , 0.118 , 0.075 , 1.676 ,2.603," 8,952 "," 1,111 ", 17.9 ," 394,073 "
22-Dec-2010, -   ,0.844, 0.011 , 0.128 , 0.156 , 0.012 , 0.675 , 0.331 , 1.606 ,2.254," 6,906 ", 812 , 19.1 ," 402,994 "
23-Dec-2010, -   ,0.947, 0.010 , 0.118 , 0.181 , 0.012 , 0.317 , 0.144 , 2.653 ,3.378," 8,412 ", 965 , 21.2 ," 406,505 "
24-Dec-2010, -   ,2.07, 0.010 , 0.126 , 0.184 , 0.012 , 0.186 , 0.092 , 2.016 ,2.749," 8,535 "," 1,034 ", 19.9 ," 375,404 "
25-Dec-2010, 1.00 ,6.006, 0.013 , 0.155 , 0.145 , 0.014 , 0.331 , 0.143 , 1.690 ,2.169," 7,949 ", 999 , 21.8 ," 344,362 "
26-Dec-2010, 1.00 ,12.797, 0.012 , 0.145 , 0.125 , 0.014 , 0.414 , 0.241 , 2.073 ,3.277," 6,108 ", 802 , 23.0 ," 344,254 "
27-Dec-2010, -   ,3.77, 0.009 , 0.113 , 0.128 , 0.011 , 0.399 , 0.174 , 3.371 ,4.26," 6,728 ", 805 , 18.4 ," 340,976 "
28-Dec-2010, -   ,0.287, 0.009 , 0.110 , 0.137 , 0.011 , 0.164 , 0.102 , 2.278 ,2.873," 8,268 ", 947 , 17.7 ," 339,880 "
29-Dec-2010, -   ,0.032, 0.012 , 0.137 , 0.154 , 0.012 , 0.067 , 0.018 , 1.795 ,2.887," 9,049 "," 1,075 ", 21.2 ," 374,209 "
30-Dec-2010, -   ,0.025, 0.013 , 0.149 , 0.154 , 0.013 , 0.077 , 0.042 , 1.621 ,2.259," 8,719 "," 1,052 ", 23.3 ," 399,798 "
31-Dec-2010, -   ,0.036, 0.012 , 0.143 , 0.141 , 0.013 , 0.219 , 0.159 , 1.983 ,2.464," 9,169 "," 1,082 ", 24.3 ," 416,441 "
01-Jan-2011, 1.00 ,0.489, 0.012 , 0.140 , 0.109 , 0.014 , 0.072 , 0.033 , 1.696 ,2.468," 9,060 "," 1,085 ", 25.3 ," 402,523 "
02-Jan-2011, 1.00 ,4.644, 0.013 , 0.154 , 0.099 , 0.015 , 0.460 , 0.148 , 2.350 ,2.711," 7,757 "," 1,045 ", 23.8 ," 377,216 "
03-Jan-2011, -   ,2.342, 0.011 , 0.134 , 0.115 , 0.012 , 0.575 , 0.233 , 2.879 ,3.41," 6,434 ", 730 , 20.5 ," 354,759 "
04-Jan-2011, -   ,1.197, 0.010 , 0.125 , 0.083 , 0.011 , 0.515 , 0.282 , 1.839 ,2.879," 6,701 ", 852 , 19.8 ," 384,017 "
05-Jan-2011, -   ,7.859, 0.011 , 0.136 , 0.098 , 0.012 , 0.767 , 0.322 , 1.872 ,2.713," 5,702 ", 776 , 19.9 ," 390,283 "
06-Jan-2011, -   ,4.608, 0.012 , 0.139 , 0.128 , 0.013 , 0.234 , 0.091 , 2.220 ,2.875," 8,310 ", 985 , 20.5 ," 398,458 "
07-Jan-2011, -   ,3.831, 0.013 , 0.153 , 0.135 , 0.014 , 0.347 , 0.154 , 2.249 ,2.692," 8,174 ", 990 , 21.6 ," 406,812 "
08-Jan-2011, 1.00 ,7.144, 0.014 , 0.170 , 0.120 , 0.016 , 0.340 , 0.168 , 1.977 ,2.774," 7,624 "," 1,031 ", 23.0 ," 391,822 "
09-Jan-2011, 1.00 ,9.171, 0.015 , 0.173 , 0.135 , 0.015 , 0.780 , 0.358 , 2.791 ,3.718," 5,410 ", 639 , 23.0 ," 382,318 "
10-Jan-2011, -   ,8.57, 0.014 , 0.166 , 0.167 , 0.015 , 0.792 , 0.333 , 3.110 ,3.966," 6,708 ", 849 , 22.5 ," 420,652 "
11-Jan-2011, -   ,6.217, 0.015 , 0.178 , 0.145 , 0.016 , 0.654 , 0.268 , 3.108 ,3.906," 6,447 ", 839 , 22.5 ," 422,660 "
12-Jan-2011, -   ,1.809, 0.015 , 0.175 , 0.103 , 0.015 , 0.710 , 0.271 , 3.292 ,4.016," 6,811 ", 912 , 23.9 ," 441,053 "
13-Jan-2011, -   ,0.949, 0.014 , 0.163 , 0.116 , 0.014 , 0.828 , 0.414 , 3.051 ,3.77," 6,227 ", 715 , 23.4 ," 443,494 "
14-Jan-2011, -   ,1.365, 0.014 , 0.161 , 0.143 , 0.014 , 0.728 , 0.340 , 2.388 ,3.376," 6,445 ", 838 , 23.5 ," 442,089 "
15-Jan-2011, 1.00 ,0.561, 0.014 , 0.168 , 0.156 , 0.015 , 0.254 , 0.141 , 1.364 ,1.922," 6,963 ", 859 , 24.0 ," 413,507 "
16-Jan-2011, 1.00 ,0.098, 0.014 , 0.167 , 0.153 , 0.014 , 0.036 , 0.019 , 1.860 ,2.133," 8,790 "," 1,039 ", 24.2 ," 409,127 "
17-Jan-2011, -   ,0.277, 0.013 , 0.148 , 0.153 , 0.014 , 0.163 , 0.046 , 2.481 ,3.266," 8,593 "," 1,067 ", 24.2 ," 454,160 "
18-Jan-2011, -   ,1.559, 0.012 , 0.137 , 0.162 , 0.012 , 0.275 , 0.117 , 2.151 ,3.066," 7,688 ", 994 , 21.6 ," 427,110 "
19-Jan-2011, -   ,3.912, 0.013 , 0.148 , 0.132 , 0.013 , 0.341 , 0.158 , 2.438 ,2.845," 6,861 ", 844 , 22.0 ," 427,564 "
20-Jan-2011, -   ,1.033, 0.012 , 0.145 , 0.125 , 0.013 , 0.104 , 0.058 , 2.396 ,3.091," 8,125 ", 955 , 22.9 ," 438,567 "
21-Jan-2011, -   ,0.399, 0.012 , 0.140 , 0.136 , 0.013 , 0.245 , 0.106 , 2.165 ,3.219," 8,459 "," 1,057 ", 23.5 ," 450,397 "
22-Jan-2011, 1.00 ,1.291, 0.011 , 0.130 , 0.142 , 0.012 , 0.343 , 0.078 , 2.171 ,2.839," 8,320 "," 1,032 ", 23.5 ," 411,356 "
23-Jan-2011, 1.00 ,0.647, 0.012 , 0.136 , 0.161 , 0.012 , 0.281 , 0.182 , 2.678 ,3.466," 7,725 "," 1,052 ", 23.4 ," 395,778 "
24-Jan-2011, -   ,0.129, 0.013 , 0.150 , 0.176 , 0.014 , 0.499 , 0.240 , 2.072 ,3.202," 6,538 ", 848 , 25.0 ," 463,187 "
25-Jan-2011, -   ,0.033, 0.014 , 0.159 , 0.178 , 0.015 , 0.220 , 0.144 , 1.698 ,2.629," 8,502 "," 1,039 ", 25.5 ," 481,566 "
26-Jan-2011, -   ,0.03, 0.015 , 0.171 , 0.168 , 0.016 , 0.173 , 0.083 , 1.885 ,2.405," 8,051 "," 1,012 ", 27.8 ," 460,675 "
27-Jan-2011, -   ,0.468, 0.013 , 0.147 , 0.178 , 0.014 , 0.168 , 0.072 , 2.476 ,3.303," 8,212 ", 993 , 26.5 ," 492,352 "
28-Jan-2011, -   ,0.213, 0.010 , 0.125 , 0.179 , 0.011 , 0.159 , 0.059 , 2.649 ,3.406," 8,174 ", 983 , 23.0 ," 437,577 "
29-Jan-2011, 1.00 ,0.068, 0.010 , 0.116 , 0.165 , 0.011 , 0.288 , 0.137 , 2.382 ,2.905," 8,678 "," 1,050 ", 22.1 ," 389,781 "
30-Jan-2011, 1.00 ,0.005, 0.011 , 0.119 , 0.167 , 0.013 , 0.516 , 0.358 , 1.950 ,2.763," 8,677 "," 1,060 ", 24.6 ," 410,151 "
31-Jan-2011, -   ,0.007, 0.012 , 0.139 , 0.169 , 0.014 , 0.324 , 0.293 , 1.906 ,2.386," 8,623 "," 1,053 ", 27.3 ," 513,153 "
01-Feb-2011, -   ,0.598, 0.013 , 0.151 , 0.173 , 0.015 , 0.271 , 0.181 , 1.854 ,2.437," 8,270 "," 1,049 ", 28.7 ," 545,723 "
02-Feb-2011, -   ,7.953, 0.016 , 0.189 , 0.165 , 0.017 , 0.544 , 0.214 , 1.692 ,2.391," 6,843 ", 944 , 28.0 ," 553,911 "
03-Feb-2011, -   ,1.047, 0.017 , 0.192 , 0.147 , 0.018 , 0.689 , 0.337 , 1.680 ,2.386," 5,469 ", 681 , 27.6 ," 543,438 "
04-Feb-2011, -   ,3.388, 0.016 , 0.187 , 0.145 , 0.017 , 0.617 , 0.319 , 1.831 ,2.777," 6,075 ", 783 , 27.1 ," 534,716 "
05-Feb-2011, 1.00 ,2.412, 0.014 , 0.167 , 0.155 , 0.015 , 0.258 , 0.142 , 2.159 ,3.065," 7,522 ", 990 , 29.1 ," 517,667 "
06-Feb-2011, 1.00 ,3.994, 0.011 , 0.136 , 0.153 , 0.014 , 0.695 , 0.314 , 3.503 ,5.283," 5,671 ", 869 , 24.6 ," 428,236 "
07-Feb-2011, -   ,0.68, 0.010 , 0.116 , 0.154 , 0.010 , 0.390 , 0.238 , 1.947 ,2.598," 6,397 ", 791 , 19.7 ," 411,077 "
08-Feb-2011, -   ,0.358, 0.010 , 0.123 , 0.139 , 0.011 , 0.216 , 0.138 , 2.298 ,3.006," 7,354 ", 876 , 20.8 ," 420,963 "
09-Feb-2011, -   ,0.851, 0.011 , 0.135 , 0.143 , 0.012 , 0.785 , 0.400 , 2.195 ,2.845," 6,812 ", 867 , 21.2 ," 420,434 "
10-Feb-2011, -   ,0.648, 0.012 , 0.138 , 0.166 , 0.013 , 0.509 , 0.130 , 2.283 ,2.853," 7,590 ", 971 , 22.8 ," 434,670 "
11-Feb-2011, -   ,4.168, 0.013 , 0.155 , 0.176 , 0.014 , 0.649 , 0.324 , 2.031 ,3.586," 5,821 ", 879 , 25.1 ," 460,483 "
12-Feb-2011, 1.00 ,7.621, 0.013 , 0.159 , 0.190 , 0.014 , 0.787 , 0.382 , 1.930 ,3.648," 4,553 ", 591 , 22.8 ," 395,857 "
13-Feb-2011, 1.00 ,4.029, 0.012 , 0.146 , 0.164 , 0.013 , 0.616 , 0.302 , 3.090 ,3.851," 5,077 ", 684 , 21.4 ," 369,935 "
14-Feb-2011, -   ,3.046, 0.011 , 0.137 , 0.122 , 0.012 , 0.572 , 0.240 , 2.559 ,3.358," 6,496 ", 868 , 20.7 ," 411,245 "
15-Feb-2011, -   ,1.937, 0.012 , 0.148 , 0.127 , 0.013 , 0.800 , 0.364 , 2.027 ,3.198," 5,689 ", 782 , 21.0 ," 415,472 "
16-Feb-2011, -   ,4.814, 0.014 , 0.162 , 0.142 , 0.015 , 0.529 , 0.232 , 1.993 ,2.474," 6,032 ", 810 , 21.9 ," 424,915 "
17-Feb-2011, -   ,3.57, 0.015 , 0.170 , 0.158 , 0.015 , 0.511 , 0.189 , 1.477 ,2.175," 6,677 ", 888 , 24.2 ," 451,993 "
18-Feb-2011, -   ,0.674, 0.015 , 0.173 , 0.162 , 0.015 , 0.889 , 0.447 , 2.011 ,2.899," 6,588 ", 893 , 23.7 ," 443,762 "
19-Feb-2011, 1.00 ,1.424, 0.015 , 0.178 , 0.200 , 0.016 , 0.724 , 0.380 , 1.560 ,2.504," 5,645 ", 821 , 25.8 ," 441,413 "
20-Feb-2011, 1.00 ,2.168, 0.014 , 0.162 , 0.206 , 0.015 , 0.759 , 0.350 , 1.787 ,2.426," 5,998 ", 815 , 25.7 ," 445,676 "
21-Feb-2011, -   ,1.941, 0.010 , 0.117 , 0.199 , 0.011 , 0.333 , 0.128 , 3.612 ,4.089," 6,536 ", 801 , 21.0 ," 432,043 "
22-Feb-2011, -   ,0.804, 0.009 , 0.106 , 0.178 , 0.010 , 0.601 , 0.310 , 2.618 ,3.523," 6,246 ", 896 , 19.0 ," 412,302 "
23-Feb-2011, -   ,0.272, 0.010 , 0.111 , 0.145 , 0.010 , 0.613 , 0.315 , 1.990 ,3.057," 7,167 ", 910 , 19.7 ," 415,192 "
24-Feb-2011, -   ,0.066, 0.010 , 0.113 , 0.113 , 0.011 , 0.576 , 0.283 , 1.635 ,2.816," 7,232 ", 997 , 21.1 ," 425,520 "
25-Feb-2011, -   ,0.127, 0.011 , 0.120 , 0.119 , 0.012 , 0.563 , 0.207 , 1.644 ,2.601," 6,600 ", 810 , 22.1 ," 425,762 "
26-Feb-2011, 1.00 ,0.185, 0.012 , 0.128 , 0.126 , 0.013 , 0.342 , 0.169 , 1.784 ,2.552," 6,506 ", 963 , 23.5 ," 409,965 "
27-Feb-2011, 1.00 ,1.383, 0.013 , 0.148 , 0.140 , 0.014 , 0.397 , 0.265 , 1.480 ,1.753," 4,899 ", 695 , 23.9 ," 388,466 "
28-Feb-2011, -   ,2.061, 0.014 , 0.156 , 0.156 , 0.015 , 0.328 , 0.169 , 2.213 ,2.897," 6,161 ", 821 , 24.3 ," 448,047 "
01-Mar-2011, -   ,1.511, 0.011 , 0.131 , 0.165 , 0.013 , 0.719 , 0.319 , 2.837 ,3.329," 5,210 ", 707 , 24.3 ," 449,662 "
02-Mar-2011, -   ,1.837, 0.011 , 0.120 , 0.156 , 0.012 , 0.368 , 0.211 , 2.035 ,2.614," 4,943 ", 689 , 19.7 ," 415,118 "
03-Mar-2011, -   ,1.265, 0.010 , 0.110 , 0.143 , 0.011 , 0.536 , 0.199 , 1.776 ,2.762," 6,464 ", 869 , 21.1 ," 421,316 "
04-Mar-2011, -   ,1.841, 0.010 , 0.114 , 0.134 , 0.011 , 0.419 , 0.171 , 3.044 ,3.712," 6,556 ", 908 , 21.0 ," 422,291 "
05-Mar-2011, 1.00 ,1.326, 0.008 , 0.103 , 0.144 , 0.009 , 0.526 , 0.240 , 3.025 ,3.845," 5,141 ", 686 , 18.6 ," 367,460 "
06-Mar-2011, 1.00 ,0.308, 0.008 , 0.101 , 0.178 , 0.009 , 0.328 , 0.139 , 2.291 ,3.062," 5,986 ", 769 , 18.8 ," 353,901 "
07-Mar-2011, -   ,0.368, 0.010 , 0.116 , 0.179 , 0.011 , 0.078 , 0.041 , 2.224 ,2.842," 6,768 ", 874 , 19.8 ," 408,033 "
08-Mar-2011, -   ,0.201, 0.011 , 0.124 , 0.178 , 0.012 , 0.139 , 0.071 , 2.294 ,3.313," 6,813 ", 927 , 21.4 ," 424,852 "
09-Mar-2011, -   ,1.09, 0.011 , 0.126 , 0.185 , 0.012 , 0.424 , 0.219 , 1.319 ,1.499," 5,422 ", 875 , 22.9 ," 429,778 "
10-Mar-2011, -   ,3.676, 0.013 , 0.150 , 0.162 , 0.014 , 0.650 , 0.301 , 1.341 ,1.69," 4,296 ", 746 , 22.3 ," 432,962 "
11-Mar-2011, -   ,4.633, 0.014 , 0.161 , 0.115 , 0.014 , 0.459 , 0.197 , 1.493 ,2.341," 5,013 ", 732 , 21.8 ," 431,345 "
12-Mar-2011, 1.00 ,1.776, 0.014 , 0.160 , 0.111 , 0.014 , 0.136 , 0.088 , 1.747 ,2.17," 5,660 ", 702 , 22.9 ," 401,975 "
13-Mar-2011, 1.00 ,2.398, 0.014 , 0.160 , 0.119 , 0.014 , 0.148 , 0.080 , 1.801 ,2.795," 6,176 ", 878 , 23.8 ," 403,685 "
14-Mar-2011, -   ,1.998, 0.012 , 0.146 , 0.126 , 0.013 , 0.443 , 0.205 , 2.830 ,4.077," 5,092 ", 747 , 22.3 ," 428,092 "
15-Mar-2011, -   ,1.413, 0.012 , 0.142 , 0.135 , 0.012 , 0.290 , 0.128 , 1.433 ,2.331," 5,566 ", 714 , 21.3 ," 422,974 "
16-Mar-2011, -   ,4.633, 0.013 , 0.149 , 0.151 , 0.013 , 0.402 , 0.203 , 1.994 ,3.06," 5,328 ", 848 , 21.6 ," 429,440 "
17-Mar-2011, -   ,2.644, 0.013 , 0.147 , 0.163 , 0.013 , 0.754 , 0.447 , 2.034 ,2.65," 4,498 ", 693 , 20.9 ," 429,308 "
18-Mar-2011, -   ,8.077, 0.013 , 0.149 , 0.175 , 0.013 , 0.753 , 0.312 , 2.136 ,2.763," 4,568 ", 631 , 20.2 ," 417,625 "
19-Mar-2011, 1.00 ,39.951, 0.013 , 0.150 , 0.149 , 0.014 , 0.341 , 0.163 , 2.715 ,3.412," 5,133 ", 729 , 20.3 ," 381,768 "
20-Mar-2011, 1.00 ,19.652, 0.014 , 0.165 , 0.128 , 0.015 , 0.400 , 0.213 , 2.945 ,3.553," 4,211 ", 614 , 20.6 ," 370,465 "
21-Mar-2011, -   ,21.396, 0.015 , 0.183 , 0.137 , 0.016 , 0.334 , 0.165 , 2.113 ,3.073," 4,566 ", 665 , 21.5 ," 431,179 "
22-Mar-2011, -   ,1.067, 0.014 , 0.163 , 0.132 , 0.015 , 0.161 , 0.048 , 1.467 ,2.396," 6,042 ", 850 , 22.6 ," 448,112 "
23-Mar-2011, -   ,0.374, 0.010 , 0.128 , 0.119 , 0.012 , 0.136 , 0.065 , 1.977 ,3.144," 5,920 ", 836 , 21.3 ," 434,056 "
24-Mar-2011, -   ,0.693, 0.010 , 0.109 , 0.098 , 0.010 , 0.078 , 0.034 , 2.793 ,3.515," 6,082 ", 843 , 19.0 ," 413,505 "
25-Mar-2011, -   ,0.652, 0.010 , 0.115 , 0.103 , 0.011 , 0.180 , 0.086 , 2.924 ,3.883," 5,668 ", 842 , 18.6 ," 411,017 "
26-Mar-2011, 1.00 ,1.299, 0.009 , 0.115 , 0.127 , 0.010 , 0.380 , 0.180 , 3.028 ,3.859," 4,666 ", 683 , 17.7 ," 372,981 "
27-Mar-2011, 1.00 ,1.952, 0.010 , 0.120 , 0.140 , 0.010 , 0.426 , 0.194 , 2.088 ,2.78," 4,292 ", 602 , 17.6 ," 364,543 "
28-Mar-2011, -   ,2.078, 0.011 , 0.128 , 0.135 , 0.012 , 0.243 , 0.129 , 1.931 ,2.179," 5,143 ", 741 , 18.9 ," 411,658 "
29-Mar-2011, -   ,0.917, 0.011 , 0.132 , 0.158 , 0.012 , 0.184 , 0.081 , 2.103 ,2.609," 5,482 ", 791 , 20.0 ," 421,239 "
30-Mar-2011, -   ,3.283, 0.011 , 0.134 , 0.168 , 0.012 , 0.281 , 0.105 , 1.925 ,3.018," 5,260 ", 796 , 20.9 ," 421,103 "
31-Mar-2011, -   ,1.987, 0.010 , 0.120 , 0.167 , 0.010 , 0.396 , 0.188 , 2.334 ,3.214," 4,012 ", 545 , 18.5 ," 414,945 "
01-Apr-2011, -   ,0.275, 0.010 , 0.120 , 0.168 , 0.011 , 0.196 , 0.109 , 2.089 ,3.365," 5,156 ", 714 , 18.9 ," 410,846 "
02-Apr-2011, 1.00 ,0.691, 0.009 , 0.106 , 0.144 , 0.010 , 0.165 , 0.108 , 2.369 ,3.449," 4,915 ", 708 , 17.8 ," 371,679 "
03-Apr-2011, 1.00 ,0.112, 0.009 , 0.105 , 0.144 , 0.010 , 0.161 , 0.070 , 1.944 ,3.024," 5,529 ", 804 , 17.8 ," 360,747 "
04-Apr-2011, -   ,5.444, 0.010 , 0.113 , 0.156 , 0.010 , 0.362 , 0.144 , 3.034 ,3.488," 4,805 ", 741 , 17.6 ," 405,035 "
05-Apr-2011, -   ,4.164, 0.010 , 0.120 , 0.155 , 0.010 , 0.362 , 0.190 , 2.642 ,3.35," 3,630 ", 548 , 17.0 ," 409,010 "
06-Apr-2011, -   ,2.897, 0.009 , 0.110 , 0.155 , 0.010 , 0.245 , 0.117 , 2.571 ,3.181," 4,692 ", 662 , 17.5 ," 411,002 "
07-Apr-2011, -   ,1.492, 0.009 , 0.108 , 0.158 , 0.009 , 0.281 , 0.083 , 2.219 ,2.88," 5,072 ", 714 , 17.9 ," 409,828 "
08-Apr-2011, -   ,0.375, 0.010 , 0.113 , 0.167 , 0.010 , 0.087 , 0.057 , 1.663 ,1.871," 5,099 ", 741 , 18.2 ," 408,193 "
09-Apr-2011, 1.00 ,0.837, 0.010 , 0.109 , 0.185 , 0.010 , 0.259 , 0.165 , 2.199 ,2.662," 5,252 ", 780 , 18.8 ," 379,427 "
10-Apr-2011, 1.00 ,6.895, 0.009 , 0.107 , 0.173 , 0.010 , 0.669 , 0.344 , 2.322 ,2.909," 4,414 ", 674 , 17.8 ," 363,522 "
11-Apr-2011, -   ,0.927, 0.007 , 0.085 , 0.132 , 0.008 , 0.163 , 0.081 , 1.928 ,2.881," 4,929 ", 716 , 14.8 ," 405,227 "
12-Apr-2011, -   ,0.469, 0.007 , 0.084 , 0.115 , 0.007 , 0.099 , 0.060 , 2.492 ,2.938," 5,172 ", 746 , 14.2 ," 406,669 "
13-Apr-2011, -   ,0.041, 0.007 , 0.084 , 0.126 , 0.007 , 0.267 , 0.118 , 2.174 ,2.735," 4,967 ", 750 , 15.4 ," 405,669 "
14-Apr-2011, -   ,0.046, 0.008 , 0.089 , 0.116 , 0.008 , 0.321 , 0.204 , 1.975 ,2.712," 4,866 ", 758 , 16.1 ," 401,358 "
15-Apr-2011, -   ,11.47, 0.010 , 0.109 , 0.112 , 0.010 , 0.746 , 0.328 , 2.705 ,3.44," 3,962 ", 739 , 16.2 ," 406,621 "
16-Apr-2011, 1.00 ,13.588, 0.009 , 0.115 , 0.123 , 0.010 , 0.697 , 0.336 , 3.266 ,3.827," 2,593 ", 406 , 16.1 ," 384,150 "
17-Apr-2011, 1.00 ,1.398, 0.008 , 0.095 , 0.133 , 0.009 , 0.293 , 0.144 , 1.901 ,3.051," 4,059 ", 563 , 16.2 ," 371,972 "
18-Apr-2011, -   ,0.227, 0.009 , 0.101 , 0.133 , 0.009 , 0.127 , 0.069 , 1.690 ,2.095," 4,834 ", 719 , 16.5 ," 413,128 "
19-Apr-2011, -   ,0.313, 0.009 , 0.101 , 0.133 , 0.009 , 0.539 , 0.363 , 1.233 ,1.569," 3,502 ", 657 , 17.3 ," 417,141 "
20-Apr-2011, -   ,1.589, 0.010 , 0.114 , 0.120 , 0.011 , 0.530 , 0.257 , 1.546 ,2.195," 2,795 ", 524 , 17.2 ," 415,781 "
21-Apr-2011, -   ,0.279, 0.009 , 0.108 , 0.128 , 0.009 , 0.146 , 0.042 , 1.757 ,2.188," 4,723 ", 706 , 17.7 ," 406,641 "
22-Apr-2011, -   ,1.451, 0.009 , 0.108 , 0.108 , 0.009 , 0.287 , 0.183 , 2.047 ,2.63," 4,123 ", 669 , 16.9 ," 355,908 "
23-Apr-2011, 1.00 ,1.079, 0.009 , 0.110 , 0.116 , 0.010 , 0.406 , 0.205 , 1.251 ,1.576," 3,537 ", 536 , 15.5 ," 369,358 "
24-Apr-2011, 1.00 ,5.242, 0.010 , 0.119 , 0.120 , 0.011 , 0.516 , 0.196 , 1.721 ,2.641," 3,784 ", 600 , 16.9 ," 353,980 "
25-Apr-2011, -   ,7.302, 0.010 , 0.121 , 0.120 , 0.011 , 0.368 , 0.196 , 2.552 ,3.249," 3,662 ", 584 , 17.0 ," 358,998 "
26-Apr-2011, -   ,3.699, 0.009 , 0.108 , 0.116 , 0.010 , 0.575 , 0.240 , 2.937 ,3.584," 3,200 ", 518 , 16.8 ," 368,098 "
27-Apr-2011, -   ,6.322, 0.009 , 0.106 , 0.108 , 0.010 , 0.525 , 0.258 , 2.785 ,3.155," 2,634 ", 380 , 15.9 ," 404,732 "
28-Apr-2011, -   ,6.978, 0.010 , 0.120 , 0.120 , 0.010 , 0.381 , 0.184 , 2.444 ,3.114," 3,367 ", 504 , 16.0 ," 414,356 "
29-Apr-2011, -   ,9.613, 0.010 , 0.124 , 0.119 , 0.011 , 0.373 , 0.161 , 2.056 ,2.829," 3,455 ", 539 , 16.3 ," 416,394 "
30-Apr-2011, 1.00 ,3.651, 0.010 , 0.119 , 0.112 , 0.011 , 0.189 , 0.069 , 2.012 ,2.349," 4,132 ", 624 , 17.2 ," 387,983 "
01-May-2011, 1.00 ,0.232, 0.009 , 0.108 , 0.081 , 0.009 , 0.724 , 0.311 , 1.718 ,2.243," 3,953 ", 642 , 16.7 ," 373,386 "
02-May-2011, -   ,1.285, 0.009 , 0.109 , 0.083 , 0.010 , 0.788 , 0.446 , 1.437 ,1.813," 2,005 ", 358 , 15.7 ," 421,032 "
03-May-2011, -   ,1.223, 0.009 , 0.110 , 0.084 , 0.010 , 0.513 , 0.274 , 2.328 ,3.058," 2,471 ", 379 , 15.2 ," 427,864 "
04-May-2011, -   ,0.367, 0.008 , 0.097 , 0.093 , 0.009 , 0.091 , 0.058 , 2.590 ,4.017," 3,906 ", 583 , 15.2 ," 423,900 "
05-May-2011, -   ,0.126, 0.007 , 0.084 , 0.112 , 0.007 , 0.162 , 0.080 , 3.027 ,3.975," 3,978 ", 637 , 14.0 ," 425,790 "
06-May-2011, -   ,0.014, 0.007 , 0.084 , 0.117 , 0.007 , 0.629 , 0.239 , 2.091 ,2.642," 3,866 ", 612 , 13.1 ," 426,797 "
07-May-2011, 1.00 ,0.021, 0.007 , 0.078 , 0.102 , 0.007 , 0.280 , 0.099 , 1.406 ,1.902," 4,094 ", 637 , 13.5 ," 398,112 "
08-May-2011, 1.00 ,0.188, 0.007 , 0.080 , 0.101 , 0.008 , 0.218 , 0.111 , 2.028 ,3.504," 3,823 ", 636 , 13.5 ," 382,712 "
09-May-2011, -   ,3.539, 0.007 , 0.088 , 0.108 , 0.008 , 0.405 , 0.200 , 3.493 ,3.98," 2,707 ", 401 , 12.2 ," 437,367 "
10-May-2011, -   ,0.285, 0.006 , 0.070 , 0.111 , 0.007 , 0.173 , 0.098 , 2.455 ,3.652," 3,790 ", 585 , 11.5 ," 443,214 "
11-May-2011, -   ,0.753, 0.005 , 0.065 , 0.120 , 0.006 , 0.339 , 0.242 , 3.322 ,3.969," 2,693 ", 435 , 9.6 ," 461,819 "
12-May-2011, -   ,0.271, 0.006 , 0.070 , 0.108 , 0.007 , 0.098 , 0.043 , 2.741 ,3.435," 3,931 ", 624 , 9.7 ," 465,044 "
13-May-2011, -   ,0.352, 0.007 , 0.078 , 0.098 , 0.007 , 0.090 , 0.046 , 3.185 ,3.877," 3,805 ", 595 , 12.1 ," 449,215 "
14-May-2011, 1.00 ,0.018, 0.005 , 0.060 , 0.108 , 0.005 , 0.067 , 0.044 , 2.859 ,4.008," 3,819 ", 606 , 10.7 ," 423,644 "
15-May-2011, 1.00 ,0.016, 0.006 , 0.068 , 0.124 , 0.006 , 0.122 , 0.106 , 1.655 ,2.107," 3,842 ", 604 , 10.4 ," 418,171 "
16-May-2011, -   ,0.037, 0.006 , 0.068 , 0.120 , 0.006 , 0.078 , 0.052 , 1.506 ,1.903," 3,824 ", 598 , 11.0 ," 464,541 "
17-May-2011, -   ,0.054, 0.008 , 0.089 , 0.108 , 0.008 , 0.096 , 0.045 , 1.829 ,2.022," 3,785 ", 607 , 11.6 ," 467,688 "
18-May-2011, -   ,0.748, 0.008 , 0.093 , 0.112 , 0.009 , 0.686 , 0.237 , 1.464 ,1.946," 3,308 ", 575 , 13.3 ," 458,350 "
19-May-2011, -   ,0.229, 0.008 , 0.095 , 0.112 , 0.009 , 0.270 , 0.233 , 1.604 ,1.811," 2,726 ", 399 , 14.3 ," 450,226 "
20-May-2011, -   ,0.191, 0.008 , 0.085 , 0.125 , 0.009 , 0.212 , 0.089 , 1.566 ,1.967," 3,491 ", 548 , 14.4 ," 446,049 "
21-May-2011, 1.00 ,0.317, 0.008 , 0.091 , 0.120 , 0.009 , 0.464 , 0.203 , 1.459 ,1.912," 3,403 ", 558 , 15.3 ," 408,522 "
22-May-2011, 1.00 ,5.878, 0.009 , 0.108 , 0.108 , 0.010 , 0.866 , 0.396 , 2.461 ,3.158," 2,522 ", 511 , 15.8 ," 390,591 "
23-May-2011, -   ,1.541, 0.008 , 0.095 , 0.108 , 0.010 , 0.259 , 0.163 , 2.821 ,3.439," 2,942 ", 513 , 15.2 ," 425,725 "
24-May-2011, -   ,7.03, 0.008 , 0.088 , 0.112 , 0.008 , 0.733 , 0.363 , 3.259 ,5.016," 2,230 ", 415 , 12.5 ," 442,869 "
25-May-2011, -   ,3.442, 0.007 , 0.088 , 0.099 , 0.008 , 0.685 , 0.344 , 3.892 ,5.061," 1,664 ", 282 , 11.1 ," 463,583 "
26-May-2011, -   ,0.331, 0.007 , 0.081 , 0.085 , 0.008 , 0.181 , 0.131 , 2.375 ,3.424," 2,516 ", 382 , 11.4 ," 455,576 "
27-May-2011, -   ,0.155, 0.006 , 0.078 , 0.084 , 0.007 , 0.136 , 0.089 , 1.846 ,2.064," 3,282 ", 546 , 10.7 ," 459,181 "
28-May-2011, 1.00 ,0.891, 0.008 , 0.092 , 0.084 , 0.008 , 0.806 , 0.363 , 1.691 ,2.087," 2,728 ", 477 , 11.6 ," 435,662 "
29-May-2011, 1.00 ,11.852, 0.009 , 0.107 , 0.083 , 0.009 , 0.958 , 0.473 , 1.972 ,2.812," 1,561 ", 320 , 12.8 ," 422,895 "
30-May-2011, -   ,35.32, 0.009 , 0.111 , 0.090 , 0.010 , 0.852 , 0.438 , 3.192 ,3.701," 1,431 ", 252 , 13.0 ," 467,605 "
31-May-2011, -   ,13.72, 0.009 , 0.115 , 0.078 , 0.010 , 0.772 , 0.374 , 3.111 ,3.759," 1,654 ", 269 , 14.5 ," 455,031 "
01-Jun-2011, -   ,3.534, 0.009 , 0.105 , 0.064 , 0.009 , 0.683 , 0.357 , 2.631 ,3.238," 1,930 ", 320 , 14.7 ," 444,885 "
02-Jun-2011, -   ,1.102, 0.009 , 0.103 , 0.061 , 0.009 , 0.185 , 0.097 , 2.049 ,2.733," 3,037 ", 517 , 14.4 ," 442,561 "
03-Jun-2011, -   ,0.343, 0.007 , 0.089 , 0.077 , 0.008 , 0.492 , 0.121 , 1.669 ,2.034," 3,240 ", 544 , 13.2 ," 441,340 "
04-Jun-2011, 1.00 ,1.193, 0.007 , 0.088 , 0.077 , 0.008 , 0.521 , 0.263 , 1.812 ,2.139," 2,271 ", 394 , 12.7 ," 420,926 "
05-Jun-2011, 1.00 ,0.223, 0.006 , 0.072 , 0.061 , 0.006 , 0.131 , 0.075 , 2.306 ,2.706," 3,241 ", 544 , 11.1 ," 410,845 "
06-Jun-2011, -   ,0.042, 0.005 , 0.067 , 0.067 , 0.006 , 0.328 , 0.204 , 1.940 ,2.876," 3,067 ", 532 , 10.4 ," 459,307 "
07-Jun-2011, -   ,0.411, 0.005 , 0.060 , 0.072 , 0.006 , 0.227 , 0.152 , 2.804 ,3.583," 2,683 ", 391 , 8.4 ," 484,520 "
08-Jun-2011, -   ,0.105, 0.005 , 0.060 , 0.092 , 0.005 , 0.178 , 0.068 , 3.387 ,3.867," 3,252 ", 536 , 7.9 ," 487,399 "
09-Jun-2011, -   ,0.219, 0.006 , 0.068 , 0.104 , 0.006 , 0.249 , 0.148 , 3.081 ,3.482," 2,957 ", 501 , 8.1 ," 489,143 "
10-Jun-2011, -   ,2.094, 0.007 , 0.082 , 0.096 , 0.008 , 0.426 , 0.218 , 3.228 ,3.756," 2,453 ", 451 , 9.8 ," 485,094 "
11-Jun-2011, 1.00 ,11.717, 0.008 , 0.096 , 0.097 , 0.008 , 0.734 , 0.308 , 3.108 ,3.636," 2,194 ", 429 , 11.0 ," 449,500 "
12-Jun-2011, 1.00 ,13.881, 0.008 , 0.096 , 0.099 , 0.008 , 0.785 , 0.388 , 3.299 ,3.627," 1,929 ", 361 , 12.2 ," 431,267 "
13-Jun-2011, -   ,14.166, 0.008 , 0.096 , 0.118 , 0.008 , 0.892 , 0.451 , 3.236 ,4.046," 1,310 ", 238 , 12.5 ," 429,021 "
14-Jun-2011, -   ,15.217, 0.008 , 0.100 , 0.090 , 0.009 , 0.860 , 0.434 , 4.133 ,4.255," 1,026 ", 184 , 13.0 ," 467,332 "
15-Jun-2011, -   ,10.161, 0.008 , 0.105 , 0.093 , 0.009 , 0.712 , 0.365 , 3.357 ,4.129," 1,305 ", 230 , 13.3 ," 465,466 "
16-Jun-2011, -   ,0.562, 0.007 , 0.092 , 0.084 , 0.009 , 0.284 , 0.147 , 2.509 ,3.553," 2,378 ", 362 , 13.2 ," 460,852 "
17-Jun-2011, -   ,0.251, 0.006 , 0.073 , 0.079 , 0.007 , 0.068 , 0.038 , 3.664 ,4.29," 3,112 ", 517 , 10.8 ," 460,580 "
18-Jun-2011, 1.00 ,0.153, 0.007 , 0.079 , 0.073 , 0.007 , 0.125 , 0.065 , 2.915 ,3.709," 3,033 ", 502 , 10.1 ," 431,690 "
19-Jun-2011, 1.00 ,0.122, 0.006 , 0.075 , 0.095 , 0.007 , 0.181 , 0.035 , 1.942 ,2.305," 3,113 ", 510 , 10.7 ," 418,612 "
20-Jun-2011, -   ,0.443, 0.007 , 0.081 , 0.106 , 0.007 , 0.224 , 0.147 , 2.619 ,3.771," 3,017 ", 512 , 11.1 ," 455,217 "
21-Jun-2011, -   ,1.967, 0.006 , 0.073 , 0.108 , 0.007 , 0.233 , 0.183 , 3.723 ,4.413," 2,542 ", 378 , 10.5 ," 469,711 "
22-Jun-2011, -   ,0.386, 0.006 , 0.070 , 0.109 , 0.007 , 0.120 , 0.046 , 3.019 ,4.061," 3,071 ", 507 , 8.5 ," 478,114 "
23-Jun-2011, -   ,0.04, 0.007 , 0.079 , 0.108 , 0.007 , 0.106 , 0.052 , 2.147 ,3.265," 3,067 ", 507 , 10.6 ," 464,956 "
24-Jun-2011, -   ,0.141, 0.006 , 0.073 , 0.104 , 0.007 , 0.068 , 0.039 , 1.195 ,1.825," 3,159 ", 525 , 10.7 ," 467,310 "
25-Jun-2011, 1.00 ,0.048, 0.007 , 0.080 , 0.093 , 0.008 , 0.236 , 0.051 , 1.616 ,1.986," 3,145 ", 512 , 11.1 ," 437,971 "
26-Jun-2011, 1.00 ,0.034, 0.006 , 0.076 , 0.088 , 0.007 , 0.054 , 0.031 , 1.745 ,1.979," 3,307 ", 543 , 11.1 ," 421,072 "
27-Jun-2011, -   ,0.054, 0.007 , 0.082 , 0.084 , 0.007 , 0.111 , 0.060 , 2.099 ,2.37," 3,180 ", 536 , 11.0 ," 466,590 "
28-Jun-2011, -   ,3.297, 0.008 , 0.088 , 0.072 , 0.008 , 0.601 , 0.246 , 2.476 ,2.72," 2,566 ", 499 , 11.7 ," 476,170 "
29-Jun-2011, -   ,2.178, 0.008 , 0.093 , 0.062 , 0.008 , 0.741 , 0.364 , 2.194 ,2.549," 1,875 ", 351 , 12.9 ," 464,780 "
30-Jun-2011, -   ,1.522, 0.007 , 0.091 , 0.064 , 0.008 , 0.674 , 0.319 , 1.965 ,2.251," 1,766 ", 333 , 12.7 ," 460,982 "
01-Jul-2011, -   ,2.147, 0.008 , 0.093 , 0.060 , 0.008 , 0.546 , 0.319 , 1.647 ,2.159," 1,751 ", 296 , 11.9 ," 461,718 "
02-Jul-2011, 1.00 ,0.157, 0.008 , 0.090 , 0.071 , 0.008 , 0.200 , 0.134 , 1.608 ,2.046," 2,552 ", 410 , 12.0 ," 422,293 "
03-Jul-2011, 1.00 ,1.506, 0.007 , 0.086 , 0.084 , 0.008 , 0.183 , 0.091 , 2.368 ,2.684," 3,021 ", 522 , 12.1 ," 405,163 "
04-Jul-2011, -   ,0.762, 0.007 , 0.086 , 0.096 , 0.008 , 0.085 , 0.042 , 3.499 ,4.864," 3,072 ", 514 , 12.7 ," 433,910 "
05-Jul-2011, -   ,0.452, 0.006 , 0.066 , 0.096 , 0.006 , 0.110 , 0.052 , 3.775 ,5.198," 3,201 ", 526 , 10.6 ," 452,446 "
06-Jul-2011, -   ,0.924, 0.006 , 0.072 , 0.096 , 0.006 , 0.237 , 0.170 , 3.605 ,4.334," 2,702 ", 483 , 10.0 ," 450,616 "
07-Jul-2011, -   ,0.05, 0.005 , 0.065 , 0.096 , 0.006 , 0.065 , 0.041 , 2.870 ,4.514," 3,229 ", 526 , 10.1 ," 454,961 "
08-Jul-2011, -   ,0.082, 0.005 , 0.060 , 0.097 , 0.005 , 0.065 , 0.031 , 2.419 ,3.189," 3,365 ", 549 , 7.6 ," 470,005 "
09-Jul-2011, 1.00 ,0.041, 0.005 , 0.060 , 0.087 , 0.005 , 0.071 , 0.033 , 3.017 ,4.053," 3,343 ", 541 , 7.7 ," 445,011 "
10-Jul-2011, 1.00 ,0.184, 0.005 , 0.060 , 0.072 , 0.005 , 0.070 , 0.028 , 3.494 ,4.491," 3,390 ", 554 , 8.3 ," 433,756 "
11-Jul-2011, -   ,0.006, 0.005 , 0.061 , 0.082 , 0.006 , 0.047 , 0.021 , 2.270 ,3.162," 3,399 ", 546 , 9.1 ," 466,255 "
12-Jul-2011, -   ,0.023, 0.005 , 0.063 , 0.072 , 0.006 , 0.566 , 0.225 , 2.134 ,2.613," 3,022 ", 564 , 9.0 ," 474,304 "
13-Jul-2011, -   ,0.18, 0.006 , 0.072 , 0.075 , 0.006 , 0.682 , 0.337 , 2.726 ,3.348," 1,652 ", 352 , 9.0 ," 490,169 "
14-Jul-2011, -   ,0.406, 0.006 , 0.066 , 0.065 , 0.006 , 0.243 , 0.129 , 2.672 ,3.198," 3,083 ", 522 , 9.1 ," 484,397 "
15-Jul-2011, -   ,3.799, 0.007 , 0.082 , 0.062 , 0.007 , 0.888 , 0.423 , 2.116 ,2.939," 1,792 ", 324 , 9.1 ," 492,829 "
16-Jul-2011, 1.00 ,1.73, 0.007 , 0.086 , 0.080 , 0.008 , 0.824 , 0.395 , 1.740 ,1.939," 1,803 ", 302 , 10.7 ," 449,791 "
17-Jul-2011, 1.00 ,1.326, 0.008 , 0.091 , 0.076 , 0.008 , 0.474 , 0.278 , 1.650 ,2.046," 2,045 ", 335 , 11.2 ," 427,898 "
18-Jul-2011, -   ,0.836, 0.006 , 0.076 , 0.078 , 0.007 , 0.183 , 0.088 , 2.297 ,3.158," 3,144 ", 518 , 10.9 ," 459,798 "
19-Jul-2011, -   ,23.922, 0.007 , 0.086 , 0.080 , 0.008 , 0.616 , 0.288 , 4.069 ,5.169," 2,198 ", 475 , 8.7 ," 496,373 "
20-Jul-2011, -   ,17.356, 0.008 , 0.100 , 0.076 , 0.009 , 0.569 , 0.287 , 4.088 ,5.064," 1,755 ", 295 , 12.2 ," 478,239 "
21-Jul-2011, -   ,36.762, 0.008 , 0.096 , 0.087 , 0.008 , 0.685 , 0.339 , 3.670 ,4.19," 1,569 ", 259 , 11.6 ," 489,972 "
22-Jul-2011, -   ,15.497, 0.007 , 0.090 , 0.094 , 0.008 , 0.523 , 0.263 , 3.406 ,3.913," 1,882 ", 283 , 11.6 ," 483,328 "
23-Jul-2011, 1.00 ,1.46, 0.007 , 0.079 , 0.091 , 0.007 , 0.313 , 0.209 , 2.471 ,3.475," 2,656 ", 445 , 10.4 ," 455,247 "
24-Jul-2011, 1.00 ,0.869, 0.006 , 0.072 , 0.084 , 0.006 , 0.610 , 0.370 , 1.661 ,1.926," 2,034 ", 345 , 9.3 ," 446,864 "
25-Jul-2011, -   ,0.517, 0.007 , 0.081 , 0.095 , 0.007 , 0.164 , 0.093 , 1.989 ,2.481," 3,189 ", 502 , 10.2 ," 471,514 "
26-Jul-2011, -   ,0.699, 0.006 , 0.078 , 0.091 , 0.007 , 0.235 , 0.130 , 2.155 ,2.591," 3,277 ", 561 , 10.5 ," 472,144 "
27-Jul-2011, -   ,0.349, 0.006 , 0.079 , 0.091 , 0.007 , 0.304 , 0.160 , 1.649 ,2.251," 2,804 ", 433 , 9.8 ," 475,165 "
28-Jul-2011, -   ,0.056, 0.006 , 0.068 , 0.078 , 0.007 , 0.113 , 0.087 , 1.665 ,1.957," 3,818 ", 596 , 10.6 ," 466,931 "
29-Jul-2011, -   ,0.025, 0.006 , 0.063 , 0.071 , 0.007 , 0.096 , 0.039 , 1.338 ,1.655," 3,926 ", 619 , 10.6 ," 464,130 "
30-Jul-2011, 1.00 ,0.075, 0.006 , 0.074 , 0.072 , 0.007 , 0.675 , 0.249 , 1.713 ,1.954," 3,698 ", 600 , 10.9 ," 431,963 "
31-Jul-2011, 1.00 ,0.061, 0.007 , 0.082 , 0.060 , 0.007 , 0.184 , 0.146 , 1.465 ,1.744," 3,266 ", 516 , 11.5 ," 416,277 "
01-Aug-2011, -   ,0.01, 0.007 , 0.084 , 0.060 , 0.009 , 0.079 , 0.051 , 1.643 ,1.929," 3,861 ", 607 , 12.7 ," 446,378 "
02-Aug-2011, -   ,0.047, 0.008 , 0.089 , 0.060 , 0.009 , 0.386 , 0.260 , 1.637 ,2.249," 3,393 ", 558 , 13.3 ," 445,964 "
03-Aug-2011, -   ,0.036, 0.008 , 0.097 , 0.060 , 0.010 , 0.051 , 0.038 , 1.674 ,2.111," 3,680 ", 582 , 14.6 ," 438,507 "
04-Aug-2011, -   ,0.016, 0.008 , 0.098 , 0.060 , 0.010 , 0.013 , 0.008 , 1.834 ,2.218," 4,005 ", 618 , 14.7 ," 431,877 "
05-Aug-2011, -   ,0.53, 0.008 , 0.091 , 0.068 , 0.009 , 0.061 , 0.024 , 2.128 ,2.355," 3,995 ", 629 , 13.9 ," 426,226 "
06-Aug-2011, 1.00 ,2.894, 0.009 , 0.100 , 0.071 , 0.009 , 0.234 , 0.073 , 1.967 ,2.428," 3,697 ", 581 , 14.0 ," 397,532 "
07-Aug-2011, 1.00 ,4.225, 0.007 , 0.084 , 0.072 , 0.009 , 0.284 , 0.113 , 1.869 ,2.216," 3,660 ", 600 , 12.9 ," 395,316 "
08-Aug-2011, -   ,0.917, 0.006 , 0.072 , 0.081 , 0.006 , 0.430 , 0.255 , 1.878 ,2.277," 3,387 ", 574 , 10.1 ," 444,772 "
09-Aug-2011, -   ,0.336, 0.006 , 0.071 , 0.084 , 0.006 , 0.305 , 0.171 , 2.224 ,3.077," 3,484 ", 530 , 9.0 ," 466,514 "
10-Aug-2011, -   ,0.551, 0.006 , 0.067 , 0.091 , 0.006 , 0.548 , 0.235 , 2.243 ,3.092," 3,842 ", 635 , 9.4 ," 463,063 "
11-Aug-2011, -   ,5.789, 0.007 , 0.088 , 0.081 , 0.008 , 0.540 , 0.307 , 2.238 ,3.253," 2,466 ", 392 , 9.9 ," 465,337 "
12-Aug-2011, -   ,0.508, 0.007 , 0.081 , 0.076 , 0.008 , 0.317 , 0.168 , 2.113 ,3.319," 3,501 ", 553 , 11.7 ," 453,444 "
13-Aug-2011, 1.00 ,1.449, 0.007 , 0.082 , 0.096 , 0.007 , 0.907 , 0.431 , 1.023 ,1.354," 3,367 ", 619 , 11.5 ," 423,643 "
14-Aug-2011, 1.00 ,1.384, 0.007 , 0.085 , 0.096 , 0.008 , 0.332 , 0.212 , 1.311 ,1.624," 3,036 ", 454 , 12.2 ," 410,038 "
15-Aug-2011, -   ,0.2, 0.007 , 0.084 , 0.094 , 0.007 , 0.676 , 0.269 , 1.317 ,1.552," 3,686 ", 613 , 12.0 ," 447,203 "
16-Aug-2011, -   ,1.768, 0.008 , 0.092 , 0.084 , 0.009 , 0.401 , 0.234 , 1.829 ,2.83," 3,482 ", 608 , 12.9 ," 443,962 "
17-Aug-2011, -   ,12.72, 0.009 , 0.100 , 0.078 , 0.009 , 0.768 , 0.323 , 3.578 ,3.971," 2,228 ", 444 , 12.9 ," 455,084 "
18-Aug-2011, -   ,1.562, 0.006 , 0.073 , 0.072 , 0.007 , 0.468 , 0.224 , 2.693 ,3.91," 3,620 ", 595 , 11.6 ," 444,749 "
19-Aug-2011, -   ,16.514, 0.008 , 0.092 , 0.080 , 0.008 , 0.472 , 0.257 , 3.526 ,4.653," 2,316 ", 444 , 10.6 ," 464,137 "
20-Aug-2011, 1.00 ,5.434, 0.007 , 0.085 , 0.073 , 0.008 , 0.384 , 0.185 , 3.001 ,3.678," 3,628 ", 582 , 12.6 ," 415,338 "
21-Aug-2011, 1.00 ,1.977, 0.007 , 0.084 , 0.075 , 0.007 , 0.547 , 0.283 , 2.644 ,3.156," 3,048 ", 445 , 12.7 ," 403,853 "
22-Aug-2011, -   ,2.145, 0.007 , 0.086 , 0.077 , 0.008 , 0.624 , 0.295 , 2.242 ,2.827," 2,972 ", 480 , 12.5 ," 442,143 "
23-Aug-2011, -   ,0.734, 0.007 , 0.086 , 0.071 , 0.008 , 0.146 , 0.090 , 1.554 ,1.777," 4,171 ", 581 , 13.2 ," 441,191 "
24-Aug-2011, -   ,0.112, 0.007 , 0.086 , 0.078 , 0.008 , 0.067 , 0.034 , 1.823 ,2.049," 4,821 ", 701 , 13.1 ," 434,323 "
25-Aug-2011, -   ,0.031, 0.007 , 0.086 , 0.084 , 0.009 , 0.012 , 0.007 , 1.711 ,2.077," 5,019 ", 736 , 13.3 ," 425,191 "
26-Aug-2011, -   ,0.423, 0.008 , 0.092 , 0.090 , 0.009 , 0.038 , 0.026 , 1.508 ,1.635," 4,905 ", 729 , 13.5 ," 424,372 "
27-Aug-2011, 1.00 ,1.956, 0.008 , 0.097 , 0.093 , 0.009 , 0.327 , 0.209 , 1.523 ,1.934," 3,716 ", 555 , 13.4 ," 406,348 "
28-Aug-2011, 1.00 ,0.027, 0.008 , 0.091 , 0.098 , 0.008 , 0.257 , 0.132 , 1.531 ,1.968," 4,980 ", 730 , 13.6 ," 385,467 "
29-Aug-2011, -   ,0.921, 0.008 , 0.092 , 0.101 , 0.008 , 0.655 , 0.330 , 1.957 ,2.214," 4,657 ", 739 , 13.4 ," 422,241 "
30-Aug-2011, -   ,0.989, 0.007 , 0.087 , 0.090 , 0.008 , 0.413 , 0.208 , 1.303 ,1.798," 3,692 ", 568 , 12.8 ," 436,160 "
31-Aug-2011, -   ,0.117, 0.008 , 0.091 , 0.103 , 0.008 , 0.449 , 0.189 , 1.345 ,1.917," 4,555 ", 691 , 13.2 ," 428,508 "
01-Sep-2011, -   ,0.238, 0.008 , 0.091 , 0.094 , 0.008 , 0.289 , 0.144 , 1.991 ,3.193," 4,443 ", 634 , 13.9 ," 422,095 "
02-Sep-2011, -   ,0.086, 0.007 , 0.082 , 0.076 , 0.007 , 0.452 , 0.181 , 2.068 ,3.09," 4,352 ", 642 , 13.2 ," 422,244 "
03-Sep-2011, 1.00 ,0.031, 0.007 , 0.084 , 0.072 , 0.008 , 0.286 , 0.195 , 2.213 ,2.521," 4,734 ", 690 , 13.3 ," 392,229 "
04-Sep-2011, 1.00 ,0.201, 0.008 , 0.095 , 0.072 , 0.009 , 0.247 , 0.204 , 2.029 ,2.701," 4,863 ", 693 , 14.2 ," 373,189 "
05-Sep-2011, -   ,0.246, 0.009 , 0.099 , 0.077 , 0.009 , 0.561 , 0.196 , 2.085 ,2.546," 5,080 ", 734 , 15.0 ," 413,780 "
06-Sep-2011, -   ,2.205, 0.008 , 0.092 , 0.089 , 0.009 , 0.327 , 0.217 , 2.211 ,2.555," 5,114 ", 727 , 15.3 ," 414,401 "
07-Sep-2011, -   ,0.158, 0.006 , 0.077 , 0.082 , 0.007 , 0.191 , 0.073 , 1.850 ,2.44," 5,281 ", 790 , 12.9 ," 416,841 "
08-Sep-2011, -   ,6.864, 0.008 , 0.090 , 0.084 , 0.009 , 0.841 , 0.368 , 1.940 ,3.275," 3,285 ", 544 , 13.4 ," 425,791 "
09-Sep-2011, -   ,2.839, 0.006 , 0.071 , 0.084 , 0.007 , 0.461 , 0.223 , 3.239 ,4.233," 3,443 ", 526 , 11.1 ," 440,609 "
10-Sep-2011, 1.00 ,0.081, 0.006 , 0.066 , 0.084 , 0.006 , 0.159 , 0.085 , 3.219 ,4.296," 5,104 ", 721 , 10.1 ," 413,114 "
11-Sep-2011, 1.00 ,1.079, 0.006 , 0.070 , 0.096 , 0.006 , 0.231 , 0.054 , 2.688 ,3.084," 5,572 ", 797 , 11.2 ," 393,036 "
12-Sep-2011, -   ,0.069, 0.006 , 0.067 , 0.108 , 0.006 , 0.067 , 0.052 , 1.723 ,2.356," 5,716 ", 783 , 11.0 ," 431,899 "
13-Sep-2011, -   ,0.004, 0.006 , 0.065 , 0.072 , 0.007 , 0.123 , 0.017 , 1.866 ,2.285," 6,010 ", 840 , 11.9 ," 428,311 "
14-Sep-2011, -   ,0.003, 0.007 , 0.081 , 0.095 , 0.007 , 0.036 , 0.011 , 1.703 ,2.102," 5,975 ", 844 , 14.2 ," 416,327 "
15-Sep-2011, -   ,0.004, 0.007 , 0.079 , 0.084 , 0.008 , 0.044 , 0.040 , 1.588 ,1.992," 5,692 ", 792 , 14.2 ," 410,481 "
16-Sep-2011, -   ,0, 0.007 , 0.091 , 0.084 , 0.008 , 0.088 , 0.077 , 1.484 ,1.794," 5,678 ", 764 , 15.7 ," 406,936 "
17-Sep-2011, 1.00 ,0.006, 0.008 , 0.094 , 0.084 , 0.010 , 0.153 , 0.045 , 1.821 ,2.49," 5,970 ", 838 , 17.3 ," 373,760 "
18-Sep-2011, 1.00 ,0, 0.009 , 0.104 , 0.088 , 0.009 , 0.136 , 0.033 , 1.877 ,2.924," 5,893 ", 836 , 17.4 ," 359,874 "
19-Sep-2011, -   ,0.067, 0.009 , 0.106 , 0.093 , 0.010 , 0.117 , 0.010 , 2.737 ,3.123," 5,844 ", 826 , 17.6 ," 401,949 "
20-Sep-2011, -   ,0.326, 0.006 , 0.080 , 0.087 , 0.008 , 0.051 , 0.029 , 3.079 ,4.664," 5,990 ", 811 , 16.6 ," 403,248 "
21-Sep-2011, -   ,0.002, 0.007 , 0.075 , 0.102 , 0.007 , 0.001 , 0.000 , 1.374 ,1.903," 6,391 ", 875 , 14.1 ," 404,092 "
22-Sep-2011, -   ,0.012, 0.007 , 0.084 , 0.103 , 0.008 , 0.001 , 0.000 , 1.959 ,2.515," 6,413 ", 879 , 15.1 ," 408,254 "
23-Sep-2011, -   ,0.415, 0.008 , 0.094 , 0.093 , 0.009 , 0.281 , 0.107 , 2.136 ,2.932," 5,791 ", 872 , 16.7 ," 401,086 "
24-Sep-2011, 1.00 ,20.531, 0.008 , 0.097 , 0.094 , 0.009 , 0.671 , 0.321 , 2.739 ,3.843," 3,201 ", 503 , 14.6 ," 374,679 "
25-Sep-2011, 1.00 ,23.382, 0.007 , 0.092 , 0.093 , 0.008 , 0.505 , 0.282 , 3.542 ,4.305," 3,591 ", 572 , 13.0 ," 378,848 "
26-Sep-2011, -   ,0.34, 0.007 , 0.082 , 0.092 , 0.007 , 0.436 , 0.233 , 2.087 ,3.18," 5,145 ", 703 , 13.5 ," 405,546 "
27-Sep-2011, -   ,0.218, 0.008 , 0.090 , 0.096 , 0.009 , 0.479 , 0.364 , 2.343 ,2.71," 5,216 ", 795 , 14.2 ," 407,744 "
28-Sep-2011, -   ,13.028, 0.010 , 0.116 , 0.086 , 0.011 , 0.955 , 0.474 , 3.266 ,4.306," 2,789 ", 535 , 15.0 ," 414,880 "
29-Sep-2011, -   ,2.44, 0.006 , 0.080 , 0.082 , 0.009 , 0.352 , 0.194 , 3.715 ,4.462," 5,131 ", 761 , 14.2 ," 409,100 "
30-Sep-2011, -   ,0.366, 0.006 , 0.072 , 0.095 , 0.006 , 0.389 , 0.231 , 1.995 ,3.905," 6,065 ", 904 , 12.6 ," 400,844 "
01-Oct-2011, 1.00 ,9.928, 0.007 , 0.085 , 0.101 , 0.008 , 0.872 , 0.421 , 2.916 ,4.466," 3,721 ", 740 , 11.8 ," 383,909 "
02-Oct-2011, 1.00 ,8.925, 0.007 , 0.088 , 0.106 , 0.008 , 0.566 , 0.272 , 3.501 ,4.597," 3,866 ", 671 , 11.7 ," 379,599 "
03-Oct-2011, -   ,0.364, 0.007 , 0.084 , 0.093 , 0.007 , 0.270 , 0.165 , 2.708 ,3.346," 5,642 ", 786 , 12.4 ," 370,850 "
04-Oct-2011, -   ,0.162, 0.007 , 0.083 , 0.077 , 0.007 , 0.440 , 0.278 , 1.893 ,2.671," 5,401 ", 777 , 13.1 ," 409,671 "
05-Oct-2011, -   ,0.924, 0.007 , 0.089 , 0.101 , 0.008 , 0.884 , 0.436 , 1.320 ,1.56," 4,739 ", 744 , 13.3 ," 409,343 "
06-Oct-2011, -   ,3.67, 0.009 , 0.100 , 0.070 , 0.009 , 0.682 , 0.329 , 1.322 ,1.694," 3,910 ", 666 , 13.9 ," 414,900 "
07-Oct-2011, -   ,6.993, 0.010 , 0.114 , 0.072 , 0.010 , 0.621 , 0.235 , 1.255 ,1.838," 5,583 ", 794 , 15.4 ," 404,015 "
08-Oct-2011, 1.00 ,3.58, 0.009 , 0.115 , 0.072 , 0.010 , 0.518 , 0.298 , 1.601 ,2.831," 5,076 ", 651 , 16.0 ," 375,530 "
09-Oct-2011, 1.00 ,0.654, 0.007 , 0.091 , 0.070 , 0.008 , 0.301 , 0.203 , 2.048 ,2.933," 6,434 ", 886 , 15.5 ," 357,548 "
10-Oct-2011, -   ,0.086, 0.007 , 0.076 , 0.070 , 0.008 , 0.493 , 0.280 , 1.884 ,2.775," 6,738 ", 919 , 14.4 ," 396,990 "
11-Oct-2011, -   ,0.313, 0.006 , 0.075 , 0.081 , 0.007 , 0.217 , 0.188 , 1.602 ,2.506," 6,806 ", 893 , 13.8 ," 401,672 "
12-Oct-2011, -   ,0.242, 0.008 , 0.089 , 0.080 , 0.008 , 0.258 , 0.111 , 1.731 ,2.391," 6,657 ", 910 , 13.9 ," 405,027 "
13-Oct-2011, -   ,0.921, 0.008 , 0.101 , 0.085 , 0.009 , 0.800 , 0.383 , 2.094 ,2.484," 5,296 ", 813 , 15.3 ," 403,572 "
14-Oct-2011, -   ,10.77, 0.011 , 0.125 , 0.092 , 0.012 , 0.828 , 0.388 , 2.308 ,2.766," 3,903 ", 582 , 16.3 ," 406,069 "
15-Oct-2011, 1.00 ,1.075, 0.010 , 0.116 , 0.108 , 0.011 , 0.144 , 0.127 , 1.811 ,2.689," 6,258 ", 796 , 18.0 ," 367,712 "
16-Oct-2011, 1.00 ,0.841, 0.007 , 0.084 , 0.108 , 0.008 , 0.124 , 0.020 , 2.346 ,3.153," 7,654 ", 989 , 16.4 ," 349,292 "
17-Oct-2011, -   ,0.062, 0.007 , 0.077 , 0.073 , 0.007 , 0.129 , 0.053 , 2.209 ,2.939," 7,510 ", 982 , 14.5 ," 399,380 "
18-Oct-2011, -   ,0.01, 0.007 , 0.085 , 0.080 , 0.008 , 0.033 , 0.015 , 1.690 ,1.939," 7,596 ", 967 , 15.2 ," 404,437 "
19-Oct-2011, -   ,0.022, 0.008 , 0.090 , 0.093 , 0.008 , 0.028 , 0.014 , 1.717 ,1.975," 7,767 ", 989 , 16.3 ," 401,299 "
20-Oct-2011, -   ,0.006, 0.009 , 0.098 , 0.097 , 0.009 , 0.119 , 0.052 , 1.800 ,2.083," 7,660 ", 991 , 17.7 ," 404,101 "
21-Oct-2011, -   ,0.008, 0.009 , 0.107 , 0.102 , 0.010 , 0.226 , 0.096 , 1.062 ,1.576," 7,473 ", 981 , 19.5 ," 406,488 "
22-Oct-2011, 1.00 ,0.081, 0.011 , 0.125 , 0.091 , 0.011 , 0.706 , 0.331 , 1.320 ,1.861," 6,428 ", 910 , 19.8 ," 372,575 "
23-Oct-2011, 1.00 ,0.013, 0.010 , 0.120 , 0.084 , 0.011 , 0.458 , 0.324 , 1.738 ,2.206," 6,598 ", 797 , 20.3 ," 362,210 "
24-Oct-2011, -   ,2.173, 0.011 , 0.128 , 0.088 , 0.012 , 0.811 , 0.390 , 1.838 ,2.438," 6,291 ", 906 , 21.8 ," 417,348 "
25-Oct-2011, -   ,7.847, 0.009 , 0.113 , 0.105 , 0.011 , 0.868 , 0.447 , 3.267 ,4.026," 3,240 ", 527 , 18.0 ," 401,650 "
26-Oct-2011, -   ,3.081, 0.008 , 0.096 , 0.115 , 0.008 , 0.537 , 0.276 , 2.635 ,3.286," 5,015 ", 626 , 15.0 ," 394,378 "
27-Oct-2011, -   ,0.537, 0.008 , 0.101 , 0.072 , 0.009 , 0.448 , 0.294 , 2.071 ,2.385," 6,133 ", 771 , 16.2 ," 394,104 "
28-Oct-2011, -   ,0.632, 0.011 , 0.127 , 0.072 , 0.012 , 0.849 , 0.428 , 2.073 ,2.648," 6,102 ", 878 , 18.3 ," 398,449 "
29-Oct-2011, 1.00 ,1.125, 0.012 , 0.141 , 0.085 , 0.013 , 0.719 , 0.362 , 1.630 ,2.024," 4,612 ", 509 , 20.2 ," 373,813 "
30-Oct-2011, 1.00 ,2.299, 0.009 , 0.101 , 0.084 , 0.009 , 0.118 , 0.070 , 2.525 ,3.453," 7,250 ", 899 , 18.8 ," 357,862 "
31-Oct-2011, -   ,0.253, 0.008 , 0.094 , 0.084 , 0.008 , 0.321 , 0.113 , 2.542 ,3.174," 7,613 "," 1,011 ", 16.3 ," 391,071 "
01-Nov-2011, -   ,0.064, 0.009 , 0.098 , 0.078 , 0.009 , 0.222 , 0.118 , 1.838 ,2.727," 7,500 ", 923 , 16.9 ," 388,673 "
02-Nov-2011, -   ,5.617, 0.009 , 0.102 , 0.087 , 0.009 , 0.570 , 0.191 , 2.167 ,3.201," 6,781 "," 1,005 ", 17.8 ," 391,391 "
03-Nov-2011, -   ,1.95, 0.008 , 0.097 , 0.106 , 0.009 , 0.328 , 0.187 , 1.490 ,2.251," 5,465 ", 765 , 15.9 ," 392,934 "
04-Nov-2011, -   ,0.074, 0.009 , 0.101 , 0.120 , 0.009 , 0.086 , 0.031 , 1.721 ,2.197," 8,081 ", 976 , 17.4 ," 393,267 "
05-Nov-2011, 1.00 ,0.009, 0.010 , 0.115 , 0.112 , 0.011 , 0.467 , 0.186 , 1.873 ,2.287," 7,925 "," 1,030 ", 19.6 ," 370,771 "
06-Nov-2011, 1.00 ,1.008, 0.012 , 0.141 , 0.086 , 0.013 , 0.654 , 0.277 , 1.567 ,2.126," 6,028 ", 861 , 21.8 ," 369,430 "
07-Nov-2011, -   ,1.939, 0.013 , 0.148 , 0.082 , 0.013 , 0.543 , 0.208 , 1.325 ,1.979," 6,780 ", 922 , 22.3 ," 422,243 "
08-Nov-2011, -   ,8.115, 0.014 , 0.160 , 0.080 , 0.015 , 0.615 , 0.333 , 1.436 ,2.259," 6,187 ", 880 , 23.1 ," 434,775 "
09-Nov-2011, -   ,3.824, 0.013 , 0.153 , 0.096 , 0.015 , 0.584 , 0.372 , 2.042 ,3.078," 5,160 ", 749 , 23.6 ," 448,559 "
10-Nov-2011, -   ,0.402, 0.009 , 0.114 , 0.098 , 0.011 , 0.395 , 0.285 , 1.982 ,2.95," 7,172 ", 845 , 21.8 ," 422,918 "
11-Nov-2011, -   ,0.374, 0.009 , 0.113 , 0.125 , 0.010 , 0.747 , 0.358 , 2.114 ,2.974," 7,445 ", 959 , 19.1 ," 405,517 "
12-Nov-2011, 1.00 ,0.753, 0.011 , 0.126 , 0.127 , 0.012 , 0.784 , 0.369 , 1.609 ,2.282," 7,679 ", 998 , 20.4 ," 374,098 "
13-Nov-2011, 1.00 ,1.782, 0.012 , 0.139 , 0.099 , 0.013 , 0.663 , 0.397 , 1.933 ,2.465," 7,098 ", 913 , 20.7 ," 363,434 "
14-Nov-2011, -   ,0.027, 0.010 , 0.124 , 0.085 , 0.012 , 0.607 , 0.250 , 2.102 ,2.838," 8,008 ", 990 , 24.0 ," 448,981 "
15-Nov-2011, -   ,0.119, 0.010 , 0.118 , 0.089 , 0.011 , 0.254 , 0.166 , 1.854 ,2.854," 7,836 "," 1,045 ", 21.9 ," 426,965 "
16-Nov-2011, -   ,9.69, 0.011 , 0.132 , 0.095 , 0.012 , 0.897 , 0.439 , 1.775 ,3.453," 4,547 ", 739 , 20.1 ," 409,038 "
17-Nov-2011, -   ,3.435, 0.011 , 0.133 , 0.100 , 0.012 , 0.539 , 0.293 , 1.167 ,1.674," 5,486 ", 793 , 18.9 ," 402,328 "
18-Nov-2011, -   ,0.118, 0.012 , 0.137 , 0.109 , 0.012 , 0.377 , 0.163 , 1.680 ,2.069," 8,259 ", 996 , 21.3 ," 411,399 "
19-Nov-2011, 1.00 ,0.435, 0.012 , 0.139 , 0.121 , 0.013 , 0.670 , 0.281 , 1.811 ,2.405," 7,699 "," 1,032 ", 23.9 ," 403,100 "
20-Nov-2011, 1.00 ,2.506, 0.011 , 0.126 , 0.131 , 0.012 , 0.672 , 0.366 , 1.984 ,2.546," 5,917 ", 911 , 22.6 ," 383,725 "
21-Nov-2011, -   ,4.453, 0.011 , 0.127 , 0.127 , 0.012 , 0.913 , 0.458 , 2.058 ,2.909," 4,625 ", 587 , 19.1 ," 403,329 "
22-Nov-2011, -   ,22.31, 0.011 , 0.131 , 0.132 , 0.012 , 0.891 , 0.428 , 2.170 ,3.229," 3,192 ", 450 , 18.8 ," 409,486 "
23-Nov-2011, -   ,17.375, 0.010 , 0.115 , 0.108 , 0.010 , 0.764 , 0.410 , 3.396 ,3.881," 3,800 ", 502 , 16.6 ," 400,817 "
24-Nov-2011, -   ,13.519, 0.010 , 0.117 , 0.096 , 0.011 , 0.912 , 0.455 , 2.609 ,3.816," 3,613 ", 490 , 16.4 ," 393,846 "
25-Nov-2011, -   ,40.987, 0.013 , 0.152 , 0.101 , 0.014 , 0.831 , 0.372 , 3.249 ,4.096," 3,635 ", 755 , 17.3 ," 399,181 "
26-Nov-2011, 1.00 ,4.613, 0.011 , 0.140 , 0.132 , 0.014 , 0.095 , 0.066 , 2.453 ,3.136," 8,034 ", 953 , 20.4 ," 369,861 "
27-Nov-2011, 1.00 ,0.128, 0.011 , 0.135 , 0.146 , 0.012 , 0.157 , 0.132 , 1.778 ,2.844," 8,819 "," 1,068 ", 20.0 ," 356,767 "
28-Nov-2011, -   ,0.039, 0.013 , 0.151 , 0.104 , 0.014 , 0.841 , 0.408 , 2.009 ,2.246," 7,578 ", 948 , 20.9 ," 416,777 "
29-Nov-2011, -   ,2.491, 0.014 , 0.171 , 0.096 , 0.015 , 0.835 , 0.402 , 2.569 ,2.987," 6,010 ", 741 , 22.2 ," 435,419 "
30-Nov-2011, -   ,4.504, 0.011 , 0.139 , 0.107 , 0.014 , 0.866 , 0.428 , 3.030 ,4.069," 5,833 ", 921 , 22.0 ," 428,752 "
01-Dec-2011, -   ,1.724, 0.008 , 0.096 , 0.108 , 0.008 , 0.306 , 0.176 , 3.412 ,3.924," 8,086 ", 976 , 16.7 ," 391,889 "
02-Dec-2011, -   ,0.799, 0.008 , 0.092 , 0.096 , 0.008 , 0.153 , 0.094 , 2.465 ,3.629," 8,504 "," 1,023 ", 16.0 ," 384,582 "
03-Dec-2011, 1.00 ,0.441, 0.009 , 0.100 , 0.107 , 0.009 , 0.124 , 0.069 , 1.813 ,2.907," 8,703 "," 1,075 ", 17.1 ," 355,825 "
04-Dec-2011, 1.00 ,2.686, 0.007 , 0.094 , 0.119 , 0.009 , 0.287 , 0.182 , 3.858 ,4.73," 6,581 ", 878 , 16.6 ," 344,905 "
05-Dec-2011, -   ,1.45, 0.007 , 0.084 , 0.148 , 0.008 , 0.735 , 0.288 , 3.016 ,3.844," 6,860 ", 912 , 14.7 ," 381,920 "
06-Dec-2011, -   ,0.686, 0.008 , 0.090 , 0.153 , 0.009 , 0.549 , 0.319 , 1.899 ,2.463," 6,965 ", 852 , 15.3 ," 389,729 "
07-Dec-2011, -   ,15.089, 0.010 , 0.120 , 0.170 , 0.011 , 0.901 , 0.425 , 2.032 ,2.412," 4,539 ", 578 , 15.8 ," 393,447 "
08-Dec-2011, -   ,4.528, 0.010 , 0.122 , 0.168 , 0.011 , 0.455 , 0.264 , 1.851 ,2.321," 6,150 ", 848 , 17.7 ," 399,294 "
09-Dec-2011, -   ,0.481, 0.011 , 0.125 , 0.135 , 0.011 , 0.755 , 0.287 , 1.573 ,2.148," 7,208 "," 1,006 ", 18.7 ," 395,652 "
10-Dec-2011, 1.00 ,1.46, 0.012 , 0.137 , 0.108 , 0.012 , 0.520 , 0.276 , 1.578 ,1.888," 6,310 ", 804 , 19.2 ," 366,820 "
11-Dec-2011, 1.00 ,20.323, 0.012 , 0.143 , 0.120 , 0.013 , 0.819 , 0.382 , 1.916 ,3.433," 4,974 ", 902 , 20.2 ," 355,837 "
12-Dec-2011, -   ,4.797, 0.010 , 0.121 , 0.137 , 0.011 , 0.748 , 0.360 , 2.919 ,3.388," 4,604 ", 684 , 18.0 ," 400,612 "
13-Dec-2011, -   ,1.25, 0.009 , 0.105 , 0.149 , 0.009 , 0.245 , 0.103 , 2.876 ,3.227," 7,687 ", 886 , 17.4 ," 396,861 "
14-Dec-2011, -   ,0.163, 0.008 , 0.096 , 0.120 , 0.008 , 0.438 , 0.223 , 2.579 ,3.215," 8,156 ", 993 , 17.0 ," 392,353 "
15-Dec-2011, -   ,0.141, 0.009 , 0.101 , 0.127 , 0.009 , 0.551 , 0.304 , 1.948 ,2.227," 7,822 ", 959 , 17.4 ," 393,408 "
16-Dec-2011, -   ,0.155, 0.009 , 0.105 , 0.138 , 0.009 , 0.251 , 0.132 , 2.068 ,2.696," 7,987 ", 920 , 17.8 ," 390,971 "
17-Dec-2011, 1.00 ,0.153, 0.009 , 0.106 , 0.132 , 0.009 , 0.609 , 0.247 , 2.052 ,2.408," 7,802 "," 1,022 ", 18.2 ," 363,936 "
18-Dec-2011, 1.00 ,2.241, 0.010 , 0.123 , 0.143 , 0.012 , 0.895 , 0.459 , 2.581 ,2.786," 4,915 ", 740 , 18.5 ," 351,106 "
19-Dec-2011, -   ,12.304, 0.012 , 0.144 , 0.147 , 0.013 , 0.525 , 0.307 , 2.300 ,3.028," 5,059 ", 857 , 19.5 ," 402,464 "
20-Dec-2011, -   ,1.081, 0.011 , 0.132 , 0.129 , 0.011 , 0.400 , 0.237 , 2.182 ,2.869," 7,650 ", 941 , 19.7 ," 401,076 "
21-Dec-2011, -   ,2.078, 0.011 , 0.130 , 0.141 , 0.011 , 0.525 , 0.341 , 1.762 ,2.282," 5,455 ", 707 , 19.3 ," 398,245 "
22-Dec-2011, -   ,4.421, 0.012 , 0.141 , 0.121 , 0.013 , 0.566 , 0.220 , 1.634 ,2.105," 6,463 ", 858 , 19.4 ," 394,599 "
23-Dec-2011, -   ,3.248, 0.013 , 0.146 , 0.113 , 0.013 , 0.480 , 0.167 , 1.507 ,2.236," 7,762 ", 895 , 20.8 ," 389,560 "
24-Dec-2011, 1.00 ,1.609, 0.012 , 0.145 , 0.115 , 0.013 , 0.308 , 0.098 , 1.812 ,2.359," 8,792 "," 1,031 ", 21.7 ," 370,545 "
25-Dec-2011, 1.00 ,1.348, 0.012 , 0.148 , 0.151 , 0.013 , 0.258 , 0.122 , 2.371 ,3.086," 8,397 "," 1,018 ", 21.9 ," 330,542 "
26-Dec-2011, -   ,4.067, 0.012 , 0.142 , 0.123 , 0.014 , 0.757 , 0.349 , 2.303 ,3.529," 6,386 ", 966 , 22.0 ," 333,996 "
27-Dec-2011, -   ,1.141, 0.010 , 0.115 , 0.137 , 0.010 , 0.333 , 0.175 , 3.248 ,3.89," 7,816 ", 938 , 19.6 ," 339,292 "
28-Dec-2011, -   ,0.179, 0.010 , 0.119 , 0.151 , 0.010 , 0.121 , 0.057 , 2.814 ,3.404," 8,630 ", 990 , 19.2 ," 355,353 "
29-Dec-2011, -   ,0.203, 0.009 , 0.111 , 0.174 , 0.010 , 0.201 , 0.081 , 2.589 ,3.152," 8,832 "," 1,084 ", 19.6 ," 358,854 "
30-Dec-2011, -   ,0.599, 0.010 , 0.111 , 0.149 , 0.010 , 0.195 , 0.088 , 2.169 ,2.867," 8,561 "," 1,024 ", 19.6 ," 359,074 "
31-Dec-2011, 1.00 ,0.116, 0.010 , 0.111 , 0.102 , 0.010 , 0.090 , 0.029 , 1.885 ,2.235," 9,011 "," 1,036 ", 20.1 ," 348,542 "
01-Jan-2012, 1.00 ,0.024, 0.010 , 0.117 , 0.096 , 0.011 , 0.143 , 0.030 , 1.885 ,2.359," 9,252 "," 1,098 ", 21.4 ," 341,654 "
02-Jan-2012, -   ,0.005, 0.011 , 0.125 , 0.101 , 0.011 , 0.367 , 0.200 , 2.195 ,2.657," 8,646 "," 1,073 ", 22.7 ," 362,899 "
03-Jan-2012, -   ,0.048, 0.012 , 0.138 , 0.098 , 0.013 , 0.473 , 0.192 , 2.147 ,2.501," 8,550 "," 1,064 ", 24.2 ," 420,546 "
04-Jan-2012, -   ,0.323, 0.012 , 0.135 , 0.086 , 0.014 , 0.529 , 0.280 , 2.434 ,3.568," 5,771 ", 853 , 24.4 ," 433,714 "
05-Jan-2012, -   ,3.535, 0.011 , 0.130 , 0.091 , 0.012 , 0.444 , 0.159 , 2.333 ,3.793," 7,615 "," 1,029 ", 22.2 ," 402,741 "
06-Jan-2012, -   ,0.282, 0.009 , 0.109 , 0.097 , 0.010 , 0.414 , 0.146 , 2.290 ,3.636," 8,229 ", 938 , 20.3 ," 389,549 "
07-Jan-2012, 1.00 ,1.022, 0.011 , 0.129 , 0.122 , 0.013 , 0.717 , 0.370 , 2.360 ,3.183," 7,820 "," 1,064 ", 21.6 ," 366,219 "
08-Jan-2012, 1.00 ,9.76, 0.015 , 0.163 , 0.122 , 0.016 , 0.735 , 0.326 , 2.128 ,3.053," 6,914 ", 854 , 24.0 ," 372,202 "
09-Jan-2012, -   ,0.608, 0.010 , 0.117 , 0.132 , 0.011 , 0.582 , 0.254 , 1.950 ,3.05," 8,440 "," 1,001 ", 22.5 ," 417,274 "
10-Jan-2012, -   ,0.055, 0.009 , 0.098 , 0.141 , 0.010 , 0.551 , 0.267 , 2.042 ,3.704," 7,490 ", 895 , 21.3 ," 408,107 "
11-Jan-2012, -   ,0.186, 0.007 , 0.084 , 0.152 , 0.007 , 0.075 , 0.038 , 3.658 ,4.715," 9,036 "," 1,085 ", 20.3 ," 396,083 "
12-Jan-2012, -   ,0.03, 0.007 , 0.083 , 0.120 , 0.008 , 0.034 , 0.019 , 2.030 ,3.181," 9,192 "," 1,093 ", 17.5 ," 390,055 "
13-Jan-2012, -   ,2.735, 0.010 , 0.108 , 0.108 , 0.011 , 0.724 , 0.328 , 2.310 ,3.277," 7,883 "," 1,080 ", 20.2 ," 400,557 "
14-Jan-2012, 1.00 ,13.118, 0.011 , 0.130 , 0.096 , 0.012 , 0.648 , 0.361 , 2.309 ,2.671," 5,321 ", 729 , 19.7 ," 368,080 "
15-Jan-2012, 1.00 ,9.578, 0.012 , 0.137 , 0.107 , 0.012 , 0.622 , 0.286 , 2.582 ,3.076," 5,164 ", 730 , 19.3 ," 359,124 "
16-Jan-2012, -   ,3.476, 0.011 , 0.130 , 0.108 , 0.011 , 0.299 , 0.154 , 2.721 ,3.459," 7,789 ", 935 , 20.7 ," 408,518 "
17-Jan-2012, -   ,2.422, 0.012 , 0.136 , 0.107 , 0.013 , 0.139 , 0.060 , 2.168 ,3.163," 8,580 "," 1,031 ", 21.7 ," 421,549 "
18-Jan-2012, -   ,0.485, 0.013 , 0.151 , 0.128 , 0.014 , 0.158 , 0.091 , 1.686 ,2.604," 8,599 "," 1,034 ", 23.3 ," 440,354 "
19-Jan-2012, -   ,0.247, 0.012 , 0.145 , 0.150 , 0.013 , 0.237 , 0.150 , 2.199 ,2.994," 8,251 "," 1,014 ", 23.1 ," 434,528 "
20-Jan-2012, -   ,1.906, 0.013 , 0.147 , 0.132 , 0.013 , 0.412 , 0.130 , 1.878 ,2.563," 7,842 "," 1,044 ", 22.8 ," 430,472 "
21-Jan-2012, 1.00 ,3.728, 0.012 , 0.139 , 0.132 , 0.012 , 0.721 , 0.325 , 2.784 ,3.763," 5,891 ", 790 , 21.9 ," 382,757 "
22-Jan-2012, 1.00 ,4.052, 0.011 , 0.125 , 0.142 , 0.011 , 0.490 , 0.190 , 3.325 ,3.949," 7,337 ", 954 , 21.3 ," 361,586 "
23-Jan-2012, -   ,4.167, 0.011 , 0.125 , 0.153 , 0.011 , 0.776 , 0.341 , 2.582 ,3.409," 6,425 ", 828 , 20.9 ," 408,053 "
24-Jan-2012, -   ,10.075, 0.013 , 0.155 , 0.153 , 0.014 , 0.941 , 0.471 , 2.000 ,2.568," 4,126 ", 573 , 21.1 ," 416,211 "
25-Jan-2012, -   ,29.444, 0.013 , 0.163 , 0.151 , 0.014 , 0.881 , 0.433 , 1.939 ,2.292," 3,510 ", 573 , 21.1 ," 420,400 "
26-Jan-2012, -   ,7.741, 0.014 , 0.167 , 0.154 , 0.014 , 0.511 , 0.221 , 2.439 ,3.326," 6,518 ", 777 , 22.2 ," 376,735 "
27-Jan-2012, -   ,4.395, 0.013 , 0.156 , 0.138 , 0.013 , 0.586 , 0.220 , 2.592 ,3.38," 7,258 ", 923 , 21.9 ," 404,872 "
28-Jan-2012, 1.00 ,1.119, 0.014 , 0.159 , 0.116 , 0.014 , 0.603 , 0.287 , 2.261 ,3.132," 6,782 ", 874 , 22.0 ," 386,449 "
29-Jan-2012, 1.00 ,5.065, 0.014 , 0.170 , 0.119 , 0.016 , 0.563 , 0.328 , 3.522 ,4.352," 6,478 ", 892 , 22.8 ," 381,093 "
30-Jan-2012, -   ,2.149, 0.015 , 0.180 , 0.114 , 0.016 , 0.374 , 0.170 , 2.421 ,4.05," 7,616 ", 971 , 24.9 ," 459,651 "
31-Jan-2012, -   ,13.035, 0.012 , 0.145 , 0.118 , 0.013 , 0.775 , 0.342 , 3.494 ,4.041," 5,634 ", 925 , 22.8 ," 435,232 "
01-Feb-2012, -   ,13.638, 0.011 , 0.136 , 0.119 , 0.012 , 0.883 , 0.439 , 2.914 ,3.457," 3,089 ", 416 , 18.8 ," 401,739 "
02-Feb-2012, -   ,26.925, 0.012 , 0.143 , 0.119 , 0.013 , 0.873 , 0.442 , 2.602 ,3.259," 3,055 ", 397 , 18.4 ," 398,642 "
03-Feb-2012, -   ,10.47, 0.013 , 0.155 , 0.131 , 0.013 , 0.548 , 0.282 , 1.535 ,2.238," 4,842 ", 649 , 19.3 ," 401,094 "
04-Feb-2012, 1.00 ,0.101, 0.013 , 0.156 , 0.152 , 0.013 , 0.142 , 0.074 , 1.217 ,1.832," 7,569 ", 886 , 21.0 ," 376,935 "
05-Feb-2012, 1.00 ,0.04, 0.013 , 0.158 , 0.145 , 0.014 , 0.053 , 0.024 , 1.920 ,2.698," 8,261 "," 1,035 ", 22.6 ," 376,712 "
06-Feb-2012, -   ,1.876, 0.012 , 0.149 , 0.144 , 0.013 , 0.364 , 0.167 , 2.852 ,3.785," 6,586 ", 927 , 21.1 ," 413,384 "
07-Feb-2012, -   ,4.744, 0.012 , 0.144 , 0.108 , 0.012 , 0.489 , 0.232 , 2.392 ,2.898," 5,297 ", 692 , 19.8 ," 405,864 "
08-Feb-2012, -   ,4.04, 0.012 , 0.144 , 0.137 , 0.012 , 0.358 , 0.146 , 2.347 ,2.86," 6,531 ", 858 , 19.9 ," 397,437 "
09-Feb-2012, -   ,13.193, 0.012 , 0.147 , 0.186 , 0.013 , 0.381 , 0.142 , 2.612 ,3.084," 6,534 ", 854 , 20.3 ," 404,749 "
10-Feb-2012, -   ,8.742, 0.012 , 0.144 , 0.122 , 0.013 , 0.371 , 0.188 , 2.034 ,2.856," 6,130 ", 816 , 20.5 ," 401,583 "
11-Feb-2012, 1.00 ,6.08, 0.011 , 0.133 , 0.114 , 0.012 , 0.108 , 0.081 , 1.404 ,1.973," 7,071 ", 878 , 20.1 ," 365,334 "
12-Feb-2012, 1.00 ,5.239, 0.012 , 0.137 , 0.073 , 0.012 , 0.147 , 0.065 , 1.262 ,1.99," 7,544 ", 997 , 20.1 ," 354,312 "
13-Feb-2012, -   ,5.886, 0.012 , 0.144 , 0.094 , 0.012 , 0.393 , 0.146 , 1.659 ,2.166," 6,511 ", 889 , 20.6 ," 401,761 "
14-Feb-2012, -   ,2.626, 0.011 , 0.134 , 0.118 , 0.012 , 0.278 , 0.110 , 2.103 ,2.599," 7,293 ", 924 , 20.5 ," 406,033 "
15-Feb-2012, -   ,0.351, 0.011 , 0.133 , 0.132 , 0.012 , 0.262 , 0.160 , 2.025 ,2.433," 7,599 ", 962 , 20.8 ," 410,667 "
16-Feb-2012, -   ,0.596, 0.012 , 0.138 , 0.139 , 0.012 , 0.686 , 0.381 , 2.098 ,2.642," 7,008 ", 957 , 21.2 ," 418,260 "
17-Feb-2012, -   ,4.281, 0.013 , 0.151 , 0.136 , 0.013 , 0.460 , 0.244 , 1.495 ,2.018," 6,733 ", 907 , 21.6 ," 414,949 "
18-Feb-2012, 1.00 ,1.192, 0.013 , 0.156 , 0.138 , 0.013 , 0.685 , 0.350 , 1.372 ,1.957," 6,553 ", 935 , 21.6 ," 381,432 "
19-Feb-2012, 1.00 ,21.504, 0.014 , 0.165 , 0.155 , 0.015 , 0.722 , 0.299 , 1.465 ,1.916," 6,070 ", 911 , 22.3 ," 379,126 "
20-Feb-2012, -   ,15.702, 0.014 , 0.162 , 0.149 , 0.014 , 0.748 , 0.335 , 2.157 ,3.325," 4,767 ", 653 , 21.6 ," 422,779 "
21-Feb-2012, -   ,2.002, 0.012 , 0.142 , 0.146 , 0.012 , 0.589 , 0.248 , 2.687 ,3.358," 6,383 ", 888 , 20.4 ," 408,664 "
22-Feb-2012, -   ,1.589, 0.012 , 0.142 , 0.153 , 0.012 , 0.403 , 0.273 , 1.372 ,1.926," 5,439 ", 778 , 19.8 ," 405,602 "
23-Feb-2012, -   ,0.304, 0.012 , 0.143 , 0.139 , 0.013 , 0.221 , 0.167 , 1.483 ,1.971," 7,510 ", 964 , 21.4 ," 424,686 "
24-Feb-2012, -   ,0.661, 0.012 , 0.144 , 0.131 , 0.013 , 0.154 , 0.111 , 1.894 ,2.337," 7,635 ", 976 , 21.9 ," 431,872 "
25-Feb-2012, 1.00 ,0.57, 0.013 , 0.149 , 0.129 , 0.013 , 0.708 , 0.352 , 2.368 ,2.711," 6,068 ", 956 , 21.6 ," 390,575 "
26-Feb-2012, 1.00 ,1.778, 0.014 , 0.167 , 0.165 , 0.014 , 0.858 , 0.409 , 2.085 ,2.232," 4,691 ", 647 , 22.0 ," 378,172 "
27-Feb-2012, -   ,2.843, 0.014 , 0.170 , 0.160 , 0.015 , 0.691 , 0.326 , 1.585 ,1.943," 4,995 ", 678 , 22.8 ," 441,328 "
28-Feb-2012, -   ,17.917, 0.014 , 0.168 , 0.168 , 0.015 , 0.914 , 0.466 , 1.744 ,2.721," 3,990 ", 518 , 23.2 ," 458,149 "
29-Feb-2012, -   ,31.798, 0.014 , 0.173 , 0.156 , 0.016 , 0.914 , 0.467 , 2.544 ,2.863," 3,495 ", 478 , 20.7 ," 419,359 "
01-Mar-2012, -   ,20.456, 0.014 , 0.172 , 0.165 , 0.016 , 0.934 , 0.468 , 2.984 ,3.826," 4,529 ", 797 , 22.2 ," 429,840 "
02-Mar-2012, -   ,16.818, 0.011 , 0.133 , 0.177 , 0.012 , 0.885 , 0.433 , 3.142 ,3.691," 3,035 ", 449 , 18.6 ," 400,215 "
03-Mar-2012, 1.00 ,11.379, 0.012 , 0.145 , 0.190 , 0.014 , 0.747 , 0.333 , 3.167 ,3.693," 3,798 ", 670 , 18.6 ," 366,805 "
04-Mar-2012, 1.00 ,7.606, 0.014 , 0.166 , 0.134 , 0.016 , 0.455 , 0.147 , 2.010 ,3.036," 5,943 ", 819 , 21.4 ," 371,420 "
05-Mar-2012, -   ,1.849, 0.011 , 0.133 , 0.132 , 0.012 , 0.218 , 0.085 , 2.445 ,3.167," 6,764 ", 930 , 20.3 ," 408,570 "
06-Mar-2012, -   ,3.546, 0.011 , 0.127 , 0.144 , 0.011 , 0.309 , 0.131 , 3.150 ,3.602," 6,018 ", 860 , 18.5 ," 399,739 "
07-Mar-2012, -   ,40.517, 0.011 , 0.125 , 0.154 , 0.011 , 0.743 , 0.330 , 3.251 ,3.522," 3,723 ", 536 , 16.7 ," 388,773 "
08-Mar-2012, -   ,8.663, 0.011 , 0.129 , 0.156 , 0.012 , 0.364 , 0.190 , 2.093 ,2.955," 4,707 ", 743 , 17.2 ," 392,529 "
09-Mar-2012, -   ,0.564, 0.011 , 0.133 , 0.165 , 0.013 , 0.083 , 0.047 , 1.336 ,2.548," 6,907 ", 929 , 18.7 ," 392,943 "
10-Mar-2012, 1.00 ,0.209, 0.011 , 0.132 , 0.146 , 0.011 , 0.237 , 0.070 , 1.899 ,2.768," 6,659 ", 928 , 18.7 ," 363,340 "
11-Mar-2012, 1.00 ,0.114, 0.012 , 0.138 , 0.143 , 0.012 , 0.488 , 0.255 , 1.638 ,2.28," 6,242 ", 888 , 19.2 ," 351,847 "
12-Mar-2012, -   ,0.346, 0.011 , 0.139 , 0.144 , 0.012 , 0.457 , 0.303 , 2.000 ,2.514," 4,942 ", 695 , 19.7 ," 394,772 "
13-Mar-2012, -   ,0.278, 0.012 , 0.146 , 0.142 , 0.013 , 0.416 , 0.221 , 1.841 ,2.146," 6,167 ", 887 , 20.1 ," 404,850 "
14-Mar-2012, -   ,0.709, 0.013 , 0.156 , 0.147 , 0.013 , 0.829 , 0.404 , 1.895 ,2.295," 4,938 ", 692 , 20.5 ," 408,800 "
15-Mar-2012, -   ,1.64, 0.014 , 0.164 , 0.140 , 0.014 , 0.206 , 0.109 , 2.125 ,2.568," 5,866 ", 794 , 21.2 ," 419,371 "
16-Mar-2012, -   ,18.326, 0.014 , 0.169 , 0.135 , 0.015 , 0.474 , 0.211 , 1.817 ,3.105," 5,385 ", 852 , 21.6 ," 426,680 "
17-Mar-2012, 1.00 ,2.715, 0.011 , 0.135 , 0.139 , 0.013 , 0.325 , 0.174 , 3.097 ,3.735," 4,835 ", 637 , 19.5 ," 369,688 "
18-Mar-2012, 1.00 ,2.895, 0.010 , 0.125 , 0.142 , 0.011 , 0.320 , 0.139 , 3.270 ,3.811," 5,427 ", 765 , 18.0 ," 347,274 "
19-Mar-2012, -   ,3.245, 0.011 , 0.135 , 0.136 , 0.012 , 0.231 , 0.104 , 2.638 ,3.681," 5,383 ", 691 , 18.5 ," 391,054 "
20-Mar-2012, -   ,0.973, 0.012 , 0.146 , 0.135 , 0.013 , 0.181 , 0.085 , 2.064 ,2.514," 5,934 ", 846 , 19.4 ," 398,348 "
21-Mar-2012, -   ,0.667, 0.013 , 0.146 , 0.144 , 0.014 , 0.340 , 0.131 , 2.253 ,3.605," 5,573 ", 816 , 20.4 ," 406,172 "
22-Mar-2012, -   ,1.422, 0.011 , 0.122 , 0.155 , 0.012 , 0.253 , 0.130 , 1.794 ,2.59," 5,231 ", 703 , 18.6 ," 397,207 "
23-Mar-2012, -   ,0.063, 0.007 , 0.091 , 0.156 , 0.008 , 0.017 , 0.009 , 2.970 ,3.275," 6,427 ", 870 , 17.3 ," 388,355 "
24-Mar-2012, 1.00 ,0.109, 0.008 , 0.096 , 0.174 , 0.009 , 0.202 , 0.103 , 2.089 ,3.09," 5,948 ", 884 , 15.4 ," 351,883 "
25-Mar-2012, 1.00 ,0.598, 0.009 , 0.113 , 0.163 , 0.010 , 0.268 , 0.155 , 1.819 ,1.968," 4,805 ", 648 , 16.4 ," 343,741 "
26-Mar-2012, -   ,0.504, 0.011 , 0.125 , 0.142 , 0.011 , 0.378 , 0.161 , 1.883 ,2.354," 5,241 ", 762 , 18.0 ," 387,747 "
27-Mar-2012, -   ,2.316, 0.011 , 0.135 , 0.139 , 0.012 , 0.676 , 0.317 , 1.852 ,2.121," 4,459 ", 720 , 19.0 ," 396,654 "
28-Mar-2012, -   ,1.926, 0.011 , 0.130 , 0.148 , 0.012 , 0.292 , 0.159 , 1.869 ,2.394," 4,328 ", 633 , 19.1 ," 397,103 "
29-Mar-2012, -   ,1.985, 0.011 , 0.132 , 0.154 , 0.012 , 0.095 , 0.046 , 1.407 ,1.736," 5,615 ", 807 , 19.0 ," 395,841 "
30-Mar-2012, -   ,0.557, 0.011 , 0.131 , 0.156 , 0.011 , 0.201 , 0.126 , 1.233 ,1.545," 5,495 ", 781 , 18.7 ," 391,601 "
31-Mar-2012, 1.00 ,0.082, 0.010 , 0.121 , 0.168 , 0.011 , 0.091 , 0.075 , 1.408 ,1.835," 5,685 ", 787 , 19.3 ," 357,256 "
01-Apr-2012, 1.00 ,3.718, 0.011 , 0.127 , 0.175 , 0.011 , 0.324 , 0.062 , 1.016 ,1.645," 5,504 ", 803 , 19.4 ," 348,155 "
02-Apr-2012, -   ,0.36, 0.011 , 0.130 , 0.171 , 0.012 , 0.162 , 0.124 , 1.475 ,1.888," 5,439 ", 767 , 19.5 ," 395,999 "
03-Apr-2012, -   ,0.006, 0.011 , 0.132 , 0.166 , 0.012 , 0.448 , 0.211 , 1.590 ,2.046," 5,364 ", 771 , 20.3 ," 408,389 "
04-Apr-2012, -   ,0.003, 0.012 , 0.144 , 0.169 , 0.012 , 0.137 , 0.077 , 1.848 ,2.323," 5,354 ", 761 , 20.6 ," 409,580 "
05-Apr-2012, -   ,0.01, 0.011 , 0.132 , 0.133 , 0.012 , 0.092 , 0.035 , 1.897 ,2.134," 5,445 ", 778 , 20.3 ," 402,368 "
06-Apr-2012, -   ,0, 0.010 , 0.121 , 0.134 , 0.011 , 0.527 , 0.203 , 2.197 ,2.547," 5,326 ", 788 , 20.0 ," 342,575 "
07-Apr-2012, 1.00 ,0.109, 0.010 , 0.117 , 0.167 , 0.011 , 0.364 , 0.213 , 2.250 ,2.958," 5,236 ", 799 , 18.9 ," 343,931 "
08-Apr-2012, 1.00 ,3.504, 0.010 , 0.121 , 0.158 , 0.013 , 0.493 , 0.255 , 2.334 ,2.936," 3,973 ", 611 , 18.7 ," 332,758 "
09-Apr-2012, -   ,0.941, 0.007 , 0.084 , 0.132 , 0.008 , 0.136 , 0.043 , 3.097 ,4.49," 5,364 ", 793 , 16.2 ," 333,869 "
10-Apr-2012, -   ,0.868, 0.007 , 0.080 , 0.127 , 0.008 , 0.289 , 0.140 , 3.859 ,4.717," 4,612 ", 712 , 12.9 ," 376,766 "
11-Apr-2012, -   ,2.521, 0.008 , 0.099 , 0.134 , 0.009 , 0.328 , 0.191 , 2.723 ,3.661," 3,627 ", 547 , 13.7 ," 387,628 "
12-Apr-2012, -   ,0.294, 0.008 , 0.097 , 0.131 , 0.009 , 0.087 , 0.066 , 1.604 ,2.335," 4,702 ", 655 , 15.6 ," 393,704 "
13-Apr-2012, -   ,0.31, 0.009 , 0.101 , 0.136 , 0.009 , 0.427 , 0.215 , 1.588 ,1.945," 4,906 ", 750 , 16.5 ," 391,424 "
14-Apr-2012, 1.00 ,0.45, 0.010 , 0.120 , 0.130 , 0.010 , 0.741 , 0.396 , 1.348 ,1.764," 2,855 ", 449 , 17.3 ," 363,313 "
15-Apr-2012, 1.00 ,0.933, 0.011 , 0.124 , 0.144 , 0.011 , 0.897 , 0.436 , 1.097 ,1.499," 3,633 ", 609 , 18.6 ," 353,184 "
16-Apr-2012, -   ,5.935, 0.011 , 0.128 , 0.135 , 0.012 , 0.799 , 0.408 , 1.995 ,2.839," 3,266 ", 580 , 18.1 ," 391,627 "
17-Apr-2012, -   ,31.217, 0.012 , 0.139 , 0.148 , 0.013 , 0.790 , 0.382 , 2.411 ,2.989," 2,230 ", 361 , 17.1 ," 398,880 "
18-Apr-2012, -   ,39.646, 0.013 , 0.151 , 0.156 , 0.013 , 0.773 , 0.363 , 2.993 ,3.751," 2,591 ", 458 , 18.3 ," 401,259 "
19-Apr-2012, -   ,4.574, 0.012 , 0.148 , 0.166 , 0.013 , 0.535 , 0.346 , 1.654 ,2.388," 3,126 ", 455 , 19.0 ," 401,648 "
20-Apr-2012, -   ,1.698, 0.012 , 0.140 , 0.172 , 0.012 , 0.655 , 0.351 , 1.336 ,1.733," 3,581 ", 644 , 18.9 ," 402,278 "
21-Apr-2012, 1.00 ,0.387, 0.012 , 0.139 , 0.129 , 0.012 , 0.548 , 0.376 , 1.233 ,1.718," 3,196 ", 471 , 18.9 ," 373,630 "
22-Apr-2012, 1.00 ,1.421, 0.012 , 0.138 , 0.124 , 0.013 , 0.816 , 0.447 , 1.748 ,2.33," 2,842 ", 576 , 18.6 ," 359,378 "
23-Apr-2012, -   ,3.249, 0.011 , 0.132 , 0.137 , 0.012 , 0.486 , 0.330 , 1.952 ,2.374," 2,127 ", 452 , 17.6 ," 402,078 "
24-Apr-2012, -   ,1.49, 0.007 , 0.094 , 0.144 , 0.010 , 0.257 , 0.134 , 2.795 ,3.985," 3,865 ", 608 , 15.3 ," 403,882 "
25-Apr-2012, -   ,0.1, 0.007 , 0.089 , 0.158 , 0.008 , 0.269 , 0.128 , 3.465 ,4.402," 4,305 ", 646 , 12.6 ," 362,239 "
26-Apr-2012, -   ,0.108, 0.008 , 0.097 , 0.137 , 0.009 , 0.586 , 0.231 , 1.860 ,3.116," 4,001 ", 670 , 14.5 ," 398,402 "
27-Apr-2012, -   ,1.073, 0.009 , 0.106 , 0.096 , 0.010 , 0.559 , 0.260 , 1.323 ,1.863," 3,838 ", 643 , 15.2 ," 400,880 "
28-Apr-2012, 1.00 ,2.048, 0.009 , 0.112 , 0.093 , 0.011 , 0.345 , 0.237 , 2.180 ,3.849," 3,302 ", 475 , 15.8 ," 372,516 "
29-Apr-2012, 1.00 ,1.015, 0.008 , 0.098 , 0.107 , 0.009 , 0.279 , 0.179 , 2.797 ,4.014," 3,543 ", 566 , 14.3 ," 368,438 "
30-Apr-2012, -   ,0.136, 0.008 , 0.096 , 0.124 , 0.009 , 0.690 , 0.236 , 1.738 ,2.006," 3,280 ", 491 , 14.3 ," 409,666 "
01-May-2012, -   ,0.471, 0.009 , 0.109 , 0.136 , 0.010 , 0.282 , 0.223 , 1.879 ,2.17," 3,414 ", 533 , 15.6 ," 410,902 "
02-May-2012, -   ,2.53, 0.010 , 0.115 , 0.135 , 0.010 , 0.469 , 0.243 , 1.726 ,2.007," 3,524 ", 613 , 15.9 ," 409,456 "
03-May-2012, -   ,0.437, 0.008 , 0.095 , 0.133 , 0.009 , 0.274 , 0.118 , 1.678 ,2.159," 3,538 ", 537 , 14.6 ," 404,405 "
04-May-2012, -   ,0.094, 0.008 , 0.090 , 0.132 , 0.008 , 0.107 , 0.064 , 2.140 ,2.969," 4,044 ", 629 , 13.5 ," 405,043 "
05-May-2012, 1.00 ,0.216, 0.007 , 0.087 , 0.132 , 0.008 , 0.145 , 0.091 , 2.396 ,3.122," 3,998 ", 632 , 13.1 ," 382,843 "
06-May-2012, 1.00 ,0.023, 0.006 , 0.073 , 0.128 , 0.007 , 0.293 , 0.185 , 1.517 ,1.949," 3,685 ", 642 , 12.4 ," 373,702 "
07-May-2012, -   ,0.014, 0.007 , 0.083 , 0.132 , 0.007 , 0.207 , 0.169 , 1.834 ,2.173," 2,972 ", 460 , 12.1 ," 421,529 "
08-May-2012, -   ,0.005, 0.008 , 0.091 , 0.135 , 0.008 , 0.011 , 0.008 , 1.495 ,1.824," 4,091 ", 633 , 14.1 ," 414,438 "
09-May-2012, -   ,0.017, 0.008 , 0.100 , 0.140 , 0.010 , 0.037 , 0.017 , 1.462 ,1.83," 4,046 ", 630 , 15.8 ," 410,602 "
10-May-2012, -   ,0.052, 0.009 , 0.103 , 0.144 , 0.010 , 0.103 , 0.053 , 1.526 ,1.865," 3,897 ", 619 , 16.6 ," 410,292 "
11-May-2012, -   ,0.009, 0.008 , 0.099 , 0.133 , 0.010 , 0.192 , 0.117 , 1.913 ,2.954," 3,639 ", 541 , 16.4 ," 402,942 "
12-May-2012, 1.00 ,0.054, 0.006 , 0.072 , 0.129 , 0.006 , 0.249 , 0.137 , 2.709 ,4.061," 3,887 ", 618 , 13.6 ," 378,830 "
13-May-2012, 1.00 ,0.181, 0.006 , 0.072 , 0.120 , 0.006 , 0.084 , 0.049 , 3.251 ,4.366," 3,757 ", 589 , 11.0 ," 377,764 "
14-May-2012, -   ,0.023, 0.006 , 0.073 , 0.127 , 0.007 , 0.111 , 0.034 , 2.529 ,3.117," 3,841 ", 612 , 10.6 ," 431,866 "
15-May-2012, -   ,0.093, 0.007 , 0.084 , 0.086 , 0.008 , 0.089 , 0.046 , 2.261 ,2.482," 3,764 ", 606 , 11.6 ," 434,595 "
16-May-2012, -   ,0.138, 0.007 , 0.085 , 0.082 , 0.008 , 0.092 , 0.053 , 1.451 ,2.046," 3,614 ", 577 , 12.7 ," 429,116 "
17-May-2012, -   ,0.045, 0.007 , 0.085 , 0.102 , 0.008 , 0.165 , 0.077 , 1.121 ,1.484," 3,714 ", 587 , 13.2 ," 428,213 "
18-May-2012, -   ,0.017, 0.006 , 0.079 , 0.097 , 0.007 , 0.181 , 0.145 , 1.462 ,1.808," 3,602 ", 593 , 13.4 ," 424,300 "
19-May-2012, 1.00 ,0.245, 0.006 , 0.079 , 0.108 , 0.008 , 0.549 , 0.244 , 1.603 ,1.864," 3,288 ", 557 , 12.8 ," 398,945 "
20-May-2012, 1.00 ,1.077, 0.008 , 0.093 , 0.119 , 0.008 , 0.168 , 0.095 , 1.283 ,1.847," 3,253 ", 526 , 12.6 ," 394,089 "
21-May-2012, -   ,0.238, 0.007 , 0.086 , 0.130 , 0.008 , 0.070 , 0.033 , 1.687 ,2.046," 3,485 ", 552 , 13.0 ," 426,026 "
22-May-2012, -   ,0.005, 0.006 , 0.073 , 0.130 , 0.007 , 0.006 , 0.004 , 1.875 ,2.502," 3,730 ", 594 , 12.4 ," 431,343 "
23-May-2012, -   ,0.109, 0.006 , 0.075 , 0.133 , 0.007 , 0.195 , 0.069 , 1.983 ,2.215," 3,585 ", 594 , 12.5 ," 429,613 "
24-May-2012, -   ,13.122, 0.009 , 0.101 , 0.150 , 0.010 , 0.891 , 0.421 , 2.477 ,3.226," 1,478 ", 351 , 13.0 ," 447,775 "
25-May-2012, -   ,1.011, 0.006 , 0.076 , 0.153 , 0.008 , 0.235 , 0.144 , 3.550 ,3.93," 2,556 ", 402 , 12.5 ," 435,522 "
26-May-2012, 1.00 ,0.187, 0.007 , 0.077 , 0.146 , 0.007 , 0.202 , 0.099 , 2.774 ,3.93," 3,277 ", 531 , 10.7 ," 413,093 "
27-May-2012, 1.00 ,0.804, 0.007 , 0.084 , 0.143 , 0.007 , 0.216 , 0.139 , 2.517 ,2.799," 3,246 ", 543 , 11.5 ," 399,869 "
28-May-2012, -   ,3.692, 0.008 , 0.089 , 0.144 , 0.008 , 0.272 , 0.133 , 2.383 ,2.842," 3,157 ", 545 , 11.7 ," 439,150 "
29-May-2012, -   ,1.75, 0.008 , 0.096 , 0.138 , 0.008 , 0.336 , 0.210 , 2.032 ,2.434," 2,689 ", 487 , 12.5 ," 446,104 "
30-May-2012, -   ,0.484, 0.008 , 0.096 , 0.129 , 0.008 , 0.240 , 0.144 , 1.899 ,2.187," 2,888 ", 520 , 12.7 ," 442,125 "
31-May-2012, -   ,0.553, 0.008 , 0.096 , 0.085 , 0.008 , 0.675 , 0.305 , 1.284 ,1.543," 2,479 ", 445 , 13.0 ," 437,418 "
01-Jun-2012, -   ,1.452, 0.008 , 0.103 , 0.090 , 0.009 , 0.942 , 0.463 , 1.186 ,1.47," 1,605 ", 300 , 13.1 ," 434,891 "
02-Jun-2012, 1.00 ,14.652, 0.009 , 0.109 , 0.102 , 0.010 , 0.935 , 0.466 , 1.502 ,1.954," 1,296 ", 239 , 13.3 ," 410,136 "
03-Jun-2012, 1.00 ,5.145, 0.009 , 0.110 , 0.108 , 0.010 , 0.513 , 0.315 , 1.578 ,2.456," 1,333 ", 332 , 13.3 ," 399,310 "
04-Jun-2012, -   ,2.063, 0.007 , 0.086 , 0.109 , 0.009 , 0.261 , 0.177 , 2.970 ,3.34," 2,764 ", 501 , 11.9 ," 428,789 "
05-Jun-2012, -   ,18.166, 0.007 , 0.082 , 0.096 , 0.008 , 0.760 , 0.336 , 4.781 ,6.035," 1,601 ", 314 , 9.9 ," 459,736 "
06-Jun-2012, -   ,3.442, 0.007 , 0.084 , 0.096 , 0.007 , 0.494 , 0.247 , 3.185 ,4.869," 2,209 ", 381 , 11.4 ," 460,866 "
07-Jun-2012, -   ,0.39, 0.006 , 0.079 , 0.117 , 0.007 , 0.143 , 0.098 , 2.032 ,2.757," 2,665 ", 433 , 10.3 ," 458,629 "
08-Jun-2012, -   ,0.107, 0.006 , 0.072 , 0.116 , 0.006 , 0.066 , 0.042 , 1.638 ,1.859," 3,206 ", 530 , 9.6 ," 461,696 "
09-Jun-2012, 1.00 ,0.72, 0.006 , 0.074 , 0.093 , 0.007 , 0.223 , 0.154 , 1.266 ,1.863," 2,792 ", 515 , 10.0 ," 430,531 "
10-Jun-2012, 1.00 ,17.815, 0.008 , 0.092 , 0.094 , 0.008 , 0.657 , 0.340 , 2.189 ,2.754," 1,619 ", 292 , 10.0 ," 422,503 "
11-Jun-2012, -   ,21.811, 0.008 , 0.097 , 0.089 , 0.009 , 0.576 , 0.323 , 2.884 ,3.126," 1,647 ", 281 , 11.4 ," 432,086 "
12-Jun-2012, -   ,5.543, 0.008 , 0.100 , 0.075 , 0.009 , 0.481 , 0.219 , 2.382 ,3.188," 2,309 ", 389 , 12.8 ," 449,778 "
13-Jun-2012, -   ,4.264, 0.008 , 0.098 , 0.083 , 0.009 , 0.422 , 0.217 , 1.567 ,2.386," 2,559 ", 454 , 12.7 ," 448,515 "
14-Jun-2012, -   ,0.185, 0.008 , 0.092 , 0.090 , 0.008 , 0.594 , 0.224 , 1.454 ,1.797," 2,781 ", 479 , 12.7 ," 437,789 "
15-Jun-2012, -   ,0.877, 0.008 , 0.095 , 0.095 , 0.009 , 0.365 , 0.257 , 1.881 ,2.247," 2,650 ", 483 , 13.0 ," 430,750 "
16-Jun-2012, 1.00 ,6.777, 0.008 , 0.092 , 0.110 , 0.009 , 0.457 , 0.275 , 2.191 ,2.863," 1,728 ", 352 , 11.8 ," 427,615 "
17-Jun-2012, 1.00 ,0.199, 0.007 , 0.081 , 0.102 , 0.007 , 0.090 , 0.040 , 2.885 ,3.357," 3,137 ", 515 , 11.2 ," 401,401 "
18-Jun-2012, -   ,0.107, 0.006 , 0.076 , 0.084 , 0.007 , 0.087 , 0.041 , 2.158 ,2.772," 3,157 ", 522 , 10.9 ," 438,434 "
19-Jun-2012, -   ,0.04, 0.006 , 0.074 , 0.072 , 0.007 , 0.174 , 0.067 , 2.101 ,3.198," 3,201 ", 525 , 10.4 ," 447,827 "
20-Jun-2012, -   ,0.044, 0.006 , 0.072 , 0.072 , 0.006 , 0.376 , 0.104 , 1.879 ,2.084," 3,251 ", 540 , 9.3 ," 457,299 "
21-Jun-2012, -   ,0.912, 0.007 , 0.080 , 0.075 , 0.007 , 0.613 , 0.329 , 2.699 ,3.092," 2,407 ", 454 , 10.5 ," 459,024 "
22-Jun-2012, -   ,1.111, 0.006 , 0.079 , 0.093 , 0.007 , 0.337 , 0.184 , 2.849 ,4.031," 2,146 ", 346 , 11.6 ," 451,168 "
23-Jun-2012, 1.00 ,0.052, 0.005 , 0.062 , 0.087 , 0.006 , 0.048 , 0.023 , 2.262 ,2.735," 3,213 ", 524 , 8.8 ," 429,643 "
24-Jun-2012, 1.00 ,0.064, 0.006 , 0.072 , 0.086 , 0.006 , 0.081 , 0.039 , 2.002 ,2.665," 3,207 ", 529 , 8.8 ," 421,622 "
25-Jun-2012, -   ,1.256, 0.007 , 0.079 , 0.076 , 0.007 , 0.611 , 0.201 , 2.204 ,2.83," 2,874 ", 519 , 9.8 ," 455,848 "
26-Jun-2012, -   ,5.409, 0.007 , 0.084 , 0.076 , 0.007 , 0.712 , 0.338 , 2.034 ,2.893," 1,930 ", 327 , 10.4 ," 470,931 "
27-Jun-2012, -   ,3.269, 0.007 , 0.085 , 0.089 , 0.008 , 0.378 , 0.193 , 1.910 ,2.158," 2,312 ", 408 , 11.0 ," 458,750 "
28-Jun-2012, -   ,2.032, 0.008 , 0.097 , 0.088 , 0.009 , 0.482 , 0.215 , 1.813 ,1.987," 2,481 ", 452 , 11.8 ," 450,901 "
29-Jun-2012, -   ,0.583, 0.008 , 0.098 , 0.072 , 0.009 , 0.195 , 0.146 , 1.910 ,2.273," 2,238 ", 367 , 12.5 ," 432,279 "
30-Jun-2012, 1.00 ,0.212, 0.006 , 0.076 , 0.072 , 0.007 , 0.367 , 0.154 , 1.799 ,2.407," 2,995 ", 527 , 11.4 ," 404,625 "
01-Jul-2012, 1.00 ,0.662, 0.005 , 0.066 , 0.119 , 0.006 , 0.192 , 0.075 , 2.821 ,3.389," 3,023 ", 516 , 9.3 ," 410,334 "
02-Jul-2012, -   ,0.064, 0.006 , 0.072 , 0.069 , 0.006 , 0.143 , 0.069 , 2.755 ,3.476," 2,949 ", 475 , 8.9 ," 452,046 "
03-Jul-2012, -   ,0.039, 0.006 , 0.064 , 0.080 , 0.006 , 0.181 , 0.071 , 2.678 ,3.352," 3,215 ", 532 , 8.6 ," 459,327 "
04-Jul-2012, -   ,1.307, 0.006 , 0.074 , 0.084 , 0.007 , 0.391 , 0.161 , 3.068 ,3.591," 2,777 ", 504 , 8.7 ," 460,503 "
05-Jul-2012, -   ,7.725, 0.007 , 0.084 , 0.095 , 0.007 , 0.365 , 0.195 , 2.726 ,3.323," 2,327 ", 387 , 9.3 ," 459,984 "
06-Jul-2012, -   ,1.66, 0.006 , 0.080 , 0.096 , 0.007 , 0.317 , 0.174 , 2.269 ,3.027," 2,507 ", 401 , 9.5 ," 458,303 "
07-Jul-2012, 1.00 ,0.299, 0.006 , 0.079 , 0.092 , 0.007 , 0.280 , 0.138 , 1.531 ,1.878," 2,843 ", 486 , 9.9 ," 426,963 "
08-Jul-2012, 1.00 ,0.061, 0.007 , 0.075 , 0.096 , 0.007 , 0.356 , 0.202 , 1.336 ,1.609," 3,150 ", 540 , 10.5 ," 403,070 "
09-Jul-2012, -   ,0.527, 0.008 , 0.089 , 0.096 , 0.008 , 0.618 , 0.298 , 1.941 ,2.282," 2,904 ", 518 , 10.9 ," 442,355 "
10-Jul-2012, -   ,10.352, 0.009 , 0.099 , 0.104 , 0.009 , 0.802 , 0.359 , 2.684 ,3.066," 1,721 ", 320 , 11.9 ," 450,598 "
11-Jul-2012, -   ,0.736, 0.007 , 0.090 , 0.108 , 0.008 , 0.682 , 0.214 , 1.686 ,2.425," 3,036 ", 526 , 12.6 ," 424,286 "
12-Jul-2012, -   ,5.242, 0.010 , 0.114 , 0.088 , 0.010 , 0.506 , 0.343 , 1.968 ,2.232," 1,591 ", 297 , 12.7 ," 438,147 "
13-Jul-2012, -   ,1.871, 0.009 , 0.107 , 0.073 , 0.011 , 0.407 , 0.157 , 2.156 ,2.679," 2,665 ", 469 , 14.2 ," 412,393 "
14-Jul-2012, 1.00 ,0.593, 0.006 , 0.079 , 0.084 , 0.007 , 0.157 , 0.061 , 2.391 ,3.521," 3,260 ", 538 , 12.0 ," 385,773 "
15-Jul-2012, 1.00 ,0.173, 0.006 , 0.072 , 0.082 , 0.006 , 0.057 , 0.028 , 2.709 ,3.657," 3,426 ", 550 , 9.6 ," 384,299 "
16-Jul-2012, -   ,0.034, 0.007 , 0.074 , 0.072 , 0.007 , 0.059 , 0.029 , 1.561 ,1.889," 3,467 ", 558 , 10.1 ," 431,290 "
17-Jul-2012, -   ,0.156, 0.006 , 0.079 , 0.072 , 0.007 , 0.255 , 0.097 , 1.832 ,2.187," 3,412 ", 570 , 10.7 ," 435,356 "
18-Jul-2012, -   ,0.561, 0.006 , 0.079 , 0.072 , 0.007 , 0.243 , 0.105 , 2.047 ,3.098," 3,125 ", 532 , 10.7 ," 427,240 "
19-Jul-2012, -   ,0.406, 0.006 , 0.068 , 0.092 , 0.006 , 0.121 , 0.083 , 2.529 ,3.314," 2,898 ", 434 , 9.1 ," 444,732 "
20-Jul-2012, -   ,0.6, 0.007 , 0.077 , 0.096 , 0.007 , 0.170 , 0.066 , 2.949 ,3.806," 3,455 ", 570 , 9.2 ," 445,369 "
21-Jul-2012, 1.00 ,1.363, 0.007 , 0.084 , 0.096 , 0.007 , 0.267 , 0.112 , 3.257 ,3.974," 3,215 ", 548 , 10.7 ," 416,852 "
22-Jul-2012, 1.00 ,2.932, 0.007 , 0.084 , 0.094 , 0.007 , 0.395 , 0.201 , 2.935 ,3.439," 2,757 ", 485 , 10.9 ," 402,315 "
23-Jul-2012, -   ,2.758, 0.007 , 0.084 , 0.096 , 0.007 , 0.578 , 0.280 , 2.257 ,2.918," 2,437 ", 415 , 11.4 ," 438,995 "
24-Jul-2012, -   ,0.597, 0.007 , 0.084 , 0.093 , 0.007 , 0.669 , 0.268 , 1.459 ,2.057," 2,536 ", 429 , 11.2 ," 447,859 "
25-Jul-2012, -   ,0.567, 0.007 , 0.085 , 0.094 , 0.008 , 0.362 , 0.106 , 2.122 ,2.449," 3,378 ", 546 , 11.7 ," 432,250 "
26-Jul-2012, -   ,1.835, 0.007 , 0.086 , 0.080 , 0.008 , 0.241 , 0.108 , 2.101 ,2.775," 3,176 ", 492 , 11.9 ," 430,053 "
27-Jul-2012, -   ,0.498, 0.006 , 0.072 , 0.072 , 0.006 , 0.211 , 0.096 , 2.503 ,3.254," 3,518 ", 580 , 10.3 ," 433,460 "
28-Jul-2012, 1.00 ,0.057, 0.006 , 0.072 , 0.073 , 0.006 , 0.104 , 0.047 , 2.674 ,3.312," 3,643 ", 576 , 9.8 ," 409,413 "
29-Jul-2012, 1.00 ,0.197, 0.006 , 0.070 , 0.068 , 0.006 , 0.163 , 0.049 , 2.660 ,3.577," 3,740 ", 596 , 9.8 ," 404,101 "
30-Jul-2012, -   ,0.749, 0.006 , 0.066 , 0.076 , 0.006 , 0.212 , 0.100 , 3.461 ,3.968," 3,516 ", 594 , 9.1 ," 448,795 "
31-Jul-2012, -   ,0.122, 0.006 , 0.072 , 0.076 , 0.006 , 0.289 , 0.164 , 2.770 ,3.184," 2,808 ", 426 , 8.7 ," 462,908 "
01-Aug-2012, -   ,0.322, 0.006 , 0.067 , 0.062 , 0.006 , 0.236 , 0.115 , 2.701 ,2.834," 3,283 ", 520 , 8.6 ," 460,453 "
02-Aug-2012, -   ,0.006, 0.005 , 0.060 , 0.069 , 0.005 , 0.498 , 0.207 , 1.764 ,2.706," 3,700 ", 615 , 9.0 ," 455,839 "
03-Aug-2012, -   ,0.012, 0.005 , 0.061 , 0.076 , 0.006 , 0.128 , 0.107 , 2.041 ,2.513," 3,939 ", 619 , 9.7 ," 445,094 "
04-Aug-2012, 1.00 ,0.05, 0.006 , 0.072 , 0.084 , 0.006 , 0.068 , 0.051 , 2.103 ,2.849," 4,060 ", 636 , 10.4 ," 403,584 "
05-Aug-2012, 1.00 ,0.135, 0.006 , 0.069 , 0.084 , 0.006 , 0.058 , 0.039 , 2.634 ,3.237," 4,070 ", 630 , 11.2 ," 384,765 "
06-Aug-2012, -   ,0.005, 0.005 , 0.060 , 0.089 , 0.005 , 0.024 , 0.013 , 2.609 ,3.434," 4,251 ", 654 , 10.5 ," 422,241 "
07-Aug-2012, -   ,0.062, 0.005 , 0.058 , 0.099 , 0.005 , 0.024 , 0.011 , 1.405 ,1.854," 4,307 ", 657 , 9.2 ," 441,987 "
08-Aug-2012, -   ,0.579, 0.006 , 0.067 , 0.087 , 0.006 , 0.364 , 0.165 , 1.849 ,2.68," 3,809 ", 663 , 10.5 ," 432,492 "
09-Aug-2012, -   ,0.428, 0.005 , 0.064 , 0.070 , 0.006 , 0.279 , 0.143 , 3.903 ,5.268," 3,677 ", 630 , 10.6 ," 430,658 "
10-Aug-2012, -   ,2.787, 0.006 , 0.073 , 0.066 , 0.007 , 0.407 , 0.245 , 4.959 ,6.115," 2,652 ", 457 , 9.3 ," 452,458 "
11-Aug-2012, 1.00 ,2.027, 0.007 , 0.079 , 0.072 , 0.007 , 0.489 , 0.250 , 4.310 ,5.111," 2,655 ", 446 , 10.3 ," 420,603 "
12-Aug-2012, 1.00 ,0.419, 0.006 , 0.072 , 0.069 , 0.006 , 0.546 , 0.263 , 2.853 ,4.111," 2,801 ", 423 , 10.8 ," 404,179 "
13-Aug-2012, -   ,0.026, 0.006 , 0.072 , 0.072 , 0.006 , 0.218 , 0.163 , 1.400 ,1.827," 3,942 ", 597 , 10.8 ," 431,408 "
14-Aug-2012, -   ,0.052, 0.006 , 0.065 , 0.084 , 0.006 , 0.438 , 0.293 , 1.748 ,2.066," 3,174 ", 490 , 10.4 ," 440,080 "
15-Aug-2012, -   ,0.035, 0.006 , 0.076 , 0.072 , 0.007 , 0.496 , 0.238 , 1.811 ,2.267," 3,754 ", 596 , 11.9 ," 423,074 "
16-Aug-2012, -   ,0.682, 0.006 , 0.071 , 0.073 , 0.006 , 0.118 , 0.056 , 1.937 ,3.405," 4,456 ", 682 , 11.7 ," 418,297 "
17-Aug-2012, -   ,1.599, 0.005 , 0.067 , 0.083 , 0.006 , 0.281 , 0.123 , 3.397 ,4.394," 4,032 ", 635 , 10.7 ," 423,719 "
18-Aug-2012, 1.00 ,0.42, 0.006 , 0.072 , 0.096 , 0.006 , 0.193 , 0.109 , 3.269 ,4.393," 4,253 ", 631 , 10.0 ," 395,435 "
19-Aug-2012, 1.00 ,0.092, 0.006 , 0.063 , 0.107 , 0.006 , 0.322 , 0.145 , 1.510 ,2.243," 4,534 ", 691 , 10.7 ," 384,082 "
20-Aug-2012, -   ,0.055, 0.006 , 0.061 , 0.084 , 0.006 , 0.515 , 0.264 , 1.476 ,1.858," 4,313 ", 647 , 10.2 ," 430,378 "
21-Aug-2012, -   ,0.081, 0.007 , 0.074 , 0.114 , 0.007 , 0.545 , 0.210 , 1.939 ,2.381," 4,240 ", 687 , 11.9 ," 421,540 "
22-Aug-2012, -   ,0.488, 0.008 , 0.097 , 0.100 , 0.009 , 0.256 , 0.149 , 2.354 ,2.797," 4,015 ", 657 , 14.2 ," 403,511 "
23-Aug-2012, -   ,6.895, 0.009 , 0.095 , 0.072 , 0.010 , 0.398 , 0.227 , 2.914 ,3.966," 3,698 ", 597 , 16.4 ," 393,408 "
24-Aug-2012, -   ,0.326, 0.005 , 0.061 , 0.062 , 0.006 , 0.071 , 0.029 , 2.719 ,3.9," 4,845 ", 715 , 12.6 ," 395,343 "
25-Aug-2012, 1.00 ,0.034, 0.005 , 0.061 , 0.081 , 0.006 , 0.315 , 0.119 , 1.930 ,2.807," 4,948 ", 735 , 11.3 ," 371,048 "
26-Aug-2012, 1.00 ,0.051, 0.006 , 0.064 , 0.077 , 0.006 , 0.188 , 0.124 , 1.624 ,2.657," 4,941 ", 736 , 10.8 ," 368,499 "
27-Aug-2012, -   ,0.01, 0.006 , 0.072 , 0.076 , 0.007 , 0.233 , 0.165 , 1.674 ,2.01," 4,970 ", 735 , 11.1 ," 414,108 "
28-Aug-2012, -   ,0.029, 0.006 , 0.072 , 0.072 , 0.007 , 0.546 , 0.370 , 1.857 ,2.239," 4,240 ", 688 , 11.9 ," 416,456 "
29-Aug-2012, -   ,0.059, 0.007 , 0.079 , 0.073 , 0.008 , 0.402 , 0.176 , 2.495 ,3.028," 4,576 ", 637 , 13.5 ," 407,215 "
30-Aug-2012, -   ,0.152, 0.005 , 0.065 , 0.084 , 0.006 , 0.650 , 0.259 , 2.890 ,3.579," 4,607 ", 698 , 13.2 ," 397,276 "
31-Aug-2012, -   ,1.262, 0.005 , 0.057 , 0.084 , 0.006 , 0.212 , 0.097 , 2.726 ,3.441," 4,914 ", 730 , 10.0 ," 413,165 "
01-Sep-2012, 1.00 ,0.551, 0.006 , 0.066 , 0.084 , 0.006 , 0.109 , 0.059 , 2.676 ,3.6," 4,923 ", 704 , 9.3 ," 397,241 "
02-Sep-2012, 1.00 ,0.008, 0.005 , 0.060 , 0.084 , 0.006 , 0.001 , 0.001 , 1.481 ,1.896," 5,498 ", 783 , 11.1 ," 370,836 "
03-Sep-2012, -   ,0.009, 0.006 , 0.066 , 0.084 , 0.006 , 0.220 , 0.046 , 1.400 ,1.759," 5,503 ", 791 , 12.4 ," 405,505 "
04-Sep-2012, -   ,0, 0.006 , 0.067 , 0.084 , 0.007 , 0.011 , 0.010 , 1.735 ,2.742," 5,550 ", 785 , 14.0 ," 403,262 "
05-Sep-2012, -   ,0.439, 0.007 , 0.080 , 0.091 , 0.007 , 0.042 , 0.009 , 3.192 ,3.56," 5,526 ", 802 , 15.6 ," 386,405 "
06-Sep-2012, -   ,0.084, 0.006 , 0.077 , 0.072 , 0.007 , 0.021 , 0.016 , 2.543 ,3.748," 5,560 ", 797 , 16.9 ," 377,702 "
07-Sep-2012, -   ,0.151, 0.005 , 0.064 , 0.072 , 0.006 , 0.084 , 0.061 , 3.866 ,5.119," 5,141 ", 749 , 14.0 ," 382,220 "
08-Sep-2012, 1.00 ,0.054, 0.006 , 0.069 , 0.072 , 0.006 , 0.042 , 0.016 , 2.929 ,3.537," 5,661 ", 797 , 12.6 ," 358,178 "
09-Sep-2012, 1.00 ,0, 0.006 , 0.072 , 0.072 , 0.007 , 0.021 , 0.017 , 1.645 ,2.061," 5,786 ", 816 , 13.1 ," 347,752 "
10-Sep-2012, -   ,0.015, 0.007 , 0.081 , 0.072 , 0.008 , 0.144 , 0.095 , 1.728 ,2.243," 5,683 ", 820 , 14.1 ," 387,363 "
11-Sep-2012, -   ,0.013, 0.008 , 0.096 , 0.071 , 0.009 , 0.119 , 0.041 , 1.379 ,1.988," 5,533 ", 786 , 14.7 ," 389,059 "
12-Sep-2012, -   ,0.115, 0.007 , 0.088 , 0.060 , 0.008 , 0.093 , 0.070 , 2.278 ,2.793," 5,542 ", 814 , 15.6 ," 385,348 "
13-Sep-2012, -   ,3.743, 0.006 , 0.076 , 0.064 , 0.008 , 0.309 , 0.182 , 2.952 ,4.04," 4,394 ", 701 , 14.1 ," 396,319 "
14-Sep-2012, -   ,0.01, 0.005 , 0.063 , 0.072 , 0.006 , 0.021 , 0.014 , 1.741 ,2.492," 6,001 ", 831 , 11.1 ," 393,868 "
15-Sep-2012, 1.00 ,0.017, 0.007 , 0.077 , 0.072 , 0.007 , 0.108 , 0.049 , 1.648 ,2.244," 5,876 ", 816 , 12.1 ," 366,898 "
16-Sep-2012, 1.00 ,0.108, 0.008 , 0.089 , 0.060 , 0.008 , 0.734 , 0.291 , 1.623 ,2.256," 5,151 ", 819 , 13.7 ," 348,938 "
17-Sep-2012, -   ,4.006, 0.008 , 0.097 , 0.060 , 0.009 , 0.422 , 0.226 , 1.256 ,1.621," 4,015 ", 612 , 14.1 ," 383,819 "
18-Sep-2012, -   ,5.071, 0.008 , 0.095 , 0.066 , 0.009 , 0.465 , 0.165 , 1.441 ,1.777," 4,862 ", 744 , 14.5 ," 390,136 "
19-Sep-2012, -   ,0.114, 0.007 , 0.082 , 0.060 , 0.008 , 0.400 , 0.088 , 1.289 ,1.938," 5,902 ", 814 , 14.6 ," 382,658 "
20-Sep-2012, -   ,0.335, 0.009 , 0.099 , 0.066 , 0.009 , 0.317 , 0.177 , 1.794 ,2.226," 5,413 ", 830 , 16.4 ," 381,960 "
21-Sep-2012, -   ,0.807, 0.008 , 0.097 , 0.078 , 0.009 , 0.120 , 0.098 , 1.687 ,2.081," 5,378 ", 738 , 16.9 ," 371,604 "
22-Sep-2012, 1.00 ,0.005, 0.007 , 0.084 , 0.078 , 0.008 , 0.016 , 0.012 , 1.545 ,2.402," 6,354 ", 858 , 15.3 ," 347,847 "
23-Sep-2012, 1.00 ,0.016, 0.007 , 0.079 , 0.072 , 0.009 , 0.014 , 0.013 , 1.872 ,2.513," 6,497 ", 884 , 16.8 ," 330,884 "
24-Sep-2012, -   ,0.32, 0.006 , 0.072 , 0.072 , 0.007 , 0.130 , 0.094 , 1.740 ,2.479," 6,189 ", 887 , 14.9 ," 368,689 "
25-Sep-2012, -   ,0.108, 0.007 , 0.086 , 0.072 , 0.008 , 0.327 , 0.114 , 1.894 ,2.532," 5,851 ", 805 , 13.3 ," 379,210 "
26-Sep-2012, -   ,0.014, 0.008 , 0.096 , 0.073 , 0.008 , 0.361 , 0.092 , 2.271 ,2.879," 6,192 ", 850 , 15.4 ," 372,790 "
27-Sep-2012, -   ,0.081, 0.009 , 0.105 , 0.071 , 0.010 , 0.663 , 0.321 , 2.364 ,3.04," 5,685 ", 820 , 17.8 ," 369,587 "
28-Sep-2012, -   ,10.291, 0.009 , 0.107 , 0.060 , 0.011 , 0.839 , 0.383 , 2.580 ,3.365," 5,084 ", 673 , 20.6 ," 371,699 "
29-Sep-2012, 1.00 ,0.174, 0.005 , 0.066 , 0.072 , 0.007 , 0.331 , 0.235 , 3.195 ,3.897," 5,631 ", 730 , 15.4 ," 334,390 "
30-Sep-2012, 1.00 ,0.034, 0.005 , 0.058 , 0.070 , 0.006 , 0.025 , 0.014 , 1.611 ,3.192," 6,905 ", 921 , 12.4 ," 322,757 "
01-Oct-2012, -   ,0.265, 0.006 , 0.073 , 0.072 , 0.007 , 0.070 , 0.031 , 1.955 ,2.442," 6,772 ", 908 , 13.4 ," 330,881 "
02-Oct-2012, -   ,0.214, 0.006 , 0.072 , 0.082 , 0.007 , 0.030 , 0.022 , 1.774 ,1.936," 6,970 ", 920 , 14.5 ," 367,676 "
03-Oct-2012, -   ,0, 0.007 , 0.074 , 0.106 , 0.008 , 0.246 , 0.182 , 1.384 ,1.956," 6,901 ", 930 , 17.0 ," 370,538 "
04-Oct-2012, -   ,0.006, 0.007 , 0.086 , 0.109 , 0.008 , 0.002 , 0.001 , 2.012 ,2.555," 7,096 ", 942 , 19.1 ," 372,210 "
05-Oct-2012, -   ,0.63, 0.009 , 0.100 , 0.070 , 0.010 , 0.264 , 0.093 , 1.995 ,2.372," 6,422 ", 923 , 20.5 ," 378,967 "
06-Oct-2012, 1.00 ,3.643, 0.008 , 0.093 , 0.060 , 0.010 , 0.297 , 0.187 , 3.075 ,3.654," 5,267 ", 774 , 17.2 ," 348,387 "
07-Oct-2012, 1.00 ,0.126, 0.006 , 0.067 , 0.071 , 0.007 , 0.152 , 0.098 , 2.678 ,3.805," 7,003 ", 970 , 14.7 ," 328,900 "
08-Oct-2012, -   ,2.15, 0.007 , 0.077 , 0.076 , 0.007 , 0.403 , 0.213 , 1.597 ,2.535," 5,587 ", 820 , 13.5 ," 369,217 "
09-Oct-2012, -   ,0.139, 0.007 , 0.075 , 0.082 , 0.007 , 0.145 , 0.124 , 1.875 ,2.449," 6,306 ", 775 , 13.5 ," 375,302 "
10-Oct-2012, -   ,4.247, 0.007 , 0.085 , 0.088 , 0.009 , 0.513 , 0.221 , 1.928 ,2.885," 5,933 ", 956 , 15.2 ," 373,486 "
11-Oct-2012, -   ,10.732, 0.007 , 0.083 , 0.062 , 0.008 , 0.618 , 0.383 , 2.368 ,3.987," 3,391 ", 427 , 13.2 ," 384,400 "
12-Oct-2012, -   ,7.928, 0.006 , 0.076 , 0.063 , 0.007 , 0.250 , 0.200 , 3.150 ,5.829," 5,118 ", 738 , 11.0 ," 397,326 "
13-Oct-2012, 1.00 ,1.101, 0.007 , 0.077 , 0.069 , 0.007 , 0.206 , 0.073 , 1.460 ,2.423," 6,771 ", 893 , 13.0 ," 355,794 "
14-Oct-2012, 1.00 ,0.169, 0.007 , 0.076 , 0.068 , 0.007 , 0.059 , 0.041 , 1.699 ,2.076," 7,058 ", 871 , 14.3 ," 337,200 "
15-Oct-2012, -   ,0.002, 0.007 , 0.078 , 0.067 , 0.008 , 0.291 , 0.118 , 1.669 ,2.189," 7,399 ", 974 , 16.8 ," 370,415 "
16-Oct-2012, -   ,0.105, 0.007 , 0.085 , 0.075 , 0.008 , 0.597 , 0.302 , 1.841 ,2.205," 7,065 ", 913 , 20.3 ," 376,437 "
17-Oct-2012, -   ,0.024, 0.008 , 0.089 , 0.079 , 0.008 , 0.292 , 0.173 , 2.065 ,2.879," 7,439 ", 981 , 18.4 ," 368,685 "
18-Oct-2012, -   ,0.006, 0.009 , 0.100 , 0.082 , 0.009 , 0.617 , 0.233 , 2.123 ,3.094," 7,111 ", 942 , 17.4 ," 373,241 "
19-Oct-2012, -   ,0, 0.009 , 0.094 , 0.063 , 0.011 , 0.269 , 0.057 , 1.671 ,2.32," 7,359 ", 959 , 20.8 ," 379,056 "
20-Oct-2012, 1.00 ,0.002, 0.009 , 0.098 , 0.062 , 0.009 , 0.255 , 0.130 , 2.069 ,3.29," 7,260 ", 997 , 21.2 ," 348,296 "
21-Oct-2012, 1.00 ,0.449, 0.008 , 0.093 , 0.072 , 0.009 , 0.533 , 0.312 , 2.066 ,4.363," 5,303 ", 690 , 18.6 ," 327,221 "
22-Oct-2012, -   ,1.899, 0.006 , 0.072 , 0.079 , 0.006 , 0.335 , 0.178 , 4.104 ,5.061," 6,051 ", 767 , 14.5 ," 365,365 "
23-Oct-2012, -   ,0.05, 0.007 , 0.075 , 0.086 , 0.007 , 0.211 , 0.036 , 2.273 ,2.852," 8,011 "," 1,017 ", 14.6 ," 364,925 "
24-Oct-2012, -   ,0, 0.007 , 0.077 , 0.100 , 0.008 , 0.281 , 0.162 , 2.158 ,2.562," 7,909 "," 1,026 ", 17.0 ," 372,398 "
25-Oct-2012, -   ,0.002, 0.008 , 0.088 , 0.085 , 0.009 , 0.623 , 0.404 , 1.921 ,2.392," 6,786 ", 958 , 20.1 ," 375,837 "
26-Oct-2012, -   ,0.092, 0.007 , 0.084 , 0.076 , 0.008 , 0.585 , 0.255 , 2.043 ,3.052," 6,318 ", 832 , 18.3 ," 366,904 "
27-Oct-2012, 1.00 ,0.018, 0.007 , 0.077 , 0.063 , 0.007 , 0.373 , 0.162 , 2.749 ,3.703," 7,809 "," 1,022 ", 15.6 ," 334,737 "
28-Oct-2012, 1.00 ,0.07, 0.007 , 0.080 , 0.084 , 0.008 , 0.645 , 0.317 , 1.904 ,2.32," 7,495 ", 969 , 15.9 ," 325,779 "
29-Oct-2012, -   ,0.07, 0.008 , 0.095 , 0.094 , 0.009 , 0.806 , 0.402 , 2.002 ,2.886," 7,177 ", 957 , 16.9 ," 366,519 "
30-Oct-2012, -   ,0.715, 0.009 , 0.102 , 0.105 , 0.009 , 0.334 , 0.152 , 1.520 ,2.219," 7,097 ", 887 , 18.6 ," 375,423 "
31-Oct-2012, -   ,0.011, 0.009 , 0.101 , 0.103 , 0.010 , 0.506 , 0.246 , 1.908 ,2.648," 7,551 ", 986 , 21.1 ," 383,240 "
01-Nov-2012, -   ,0.11, 0.007 , 0.088 , 0.093 , 0.009 , 0.260 , 0.226 , 3.139 ,3.791," 6,206 ", 862 , 21.6 ," 382,202 "
02-Nov-2012, -   ,1.046, 0.007 , 0.083 , 0.108 , 0.008 , 0.360 , 0.185 , 2.460 ,3.322," 7,662 "," 1,052 ", 16.6 ," 362,790 "
03-Nov-2012, 1.00 ,0.589, 0.008 , 0.101 , 0.088 , 0.009 , 0.797 , 0.380 , 1.972 ,2.289," 4,451 ", 691 , 15.8 ," 339,755 "
04-Nov-2012, 1.00 ,0.082, 0.010 , 0.113 , 0.094 , 0.010 , 0.394 , 0.191 , 2.076 ,2.951," 7,487 ", 909 , 19.1 ," 332,407 "
05-Nov-2012, -   ,0.166, 0.010 , 0.116 , 0.092 , 0.011 , 0.749 , 0.312 , 1.894 ,2.435," 6,734 ", 974 , 21.9 ," 385,209 "
06-Nov-2012, -   ,2.322, 0.011 , 0.127 , 0.075 , 0.012 , 0.881 , 0.423 , 1.902 ,3.094," 5,339 ", 848 , 22.5 ," 392,457 "
07-Nov-2012, -   ,4.143, 0.012 , 0.142 , 0.082 , 0.013 , 0.696 , 0.325 , 1.868 ,2.424," 4,719 ", 773 , 20.7 ," 385,210 "
08-Nov-2012, -   ,7.421, 0.011 , 0.127 , 0.096 , 0.012 , 0.552 , 0.317 , 1.684 ,2.945," 5,822 ", 907 , 20.6 ," 386,344 "
09-Nov-2012, -   ,2.339, 0.009 , 0.101 , 0.106 , 0.010 , 0.544 , 0.246 , 2.338 ,3.101," 6,765 ", 900 , 19.9 ," 382,771 "
10-Nov-2012, 1.00 ,1.723, 0.007 , 0.082 , 0.112 , 0.008 , 0.243 , 0.158 , 2.680 ,3.439," 6,505 ", 875 , 16.2 ," 336,367 "
11-Nov-2012, 1.00 ,0.046, 0.007 , 0.079 , 0.101 , 0.008 , 0.119 , 0.083 , 2.343 ,2.827," 8,801 "," 1,071 ", 16.7 ," 321,502 "
12-Nov-2012, -   ,0.022, 0.008 , 0.086 , 0.056 , 0.009 , 0.211 , 0.153 , 2.420 ,3.237," 8,258 "," 1,051 ", 18.6 ," 366,314 "
13-Nov-2012, -   ,1.228, 0.008 , 0.101 , 0.067 , 0.009 , 0.495 , 0.164 , 2.484 ,3.89," 7,680 "," 1,040 ", 18.8 ," 368,267 "
14-Nov-2012, -   ,0.666, 0.009 , 0.106 , 0.083 , 0.010 , 0.723 , 0.347 , 2.210 ,3.256," 6,207 ", 755 , 18.0 ," 372,542 "
15-Nov-2012, -   ,1.783, 0.009 , 0.105 , 0.083 , 0.011 , 0.842 , 0.428 , 1.714 ,2.288," 6,819 ", 996 , 20.6 ," 381,215 "
16-Nov-2012, -   ,7.568, 0.009 , 0.109 , 0.094 , 0.010 , 0.677 , 0.365 , 2.384 ,2.928," 5,346 ", 736 , 17.9 ," 374,128 "
17-Nov-2012, 1.00 ,3.091, 0.009 , 0.101 , 0.089 , 0.009 , 0.661 , 0.230 , 2.204 ,2.753," 7,040 ", 878 , 17.2 ," 336,239 "
18-Nov-2012, 1.00 ,0.898, 0.008 , 0.093 , 0.114 , 0.009 , 0.211 , 0.136 , 2.573 ,3.217," 7,312 ", 819 , 18.5 ," 324,966 "
19-Nov-2012, -   ,2.795, 0.008 , 0.092 , 0.110 , 0.009 , 0.270 , 0.104 , 3.239 ,3.999," 7,996 "," 1,000 ", 16.3 ," 363,143 "
20-Nov-2012, -   ,0.173, 0.008 , 0.092 , 0.073 , 0.009 , 0.558 , 0.189 , 2.296 ,3.104," 8,458 "," 1,036 ", 17.7 ," 365,152 "
21-Nov-2012, -   ,0.102, 0.009 , 0.095 , 0.084 , 0.010 , 0.570 , 0.364 , 2.639 ,3.422," 7,014 ", 856 , 20.0 ," 372,733 "
22-Nov-2012, -   ,0.168, 0.008 , 0.096 , 0.083 , 0.009 , 0.683 , 0.395 , 2.122 ,3.149," 7,122 ", 808 , 18.8 ," 372,461 "
23-Nov-2012, -   ,0.113, 0.009 , 0.106 , 0.094 , 0.010 , 0.260 , 0.156 , 1.974 ,2.455," 8,170 ", 965 , 18.9 ," 370,908 "
24-Nov-2012, 1.00 ,0.128, 0.011 , 0.129 , 0.078 , 0.012 , 0.245 , 0.092 , 1.848 ,2.897," 8,370 "," 1,009 ", 21.5 ," 350,983 "
25-Nov-2012, 1.00 ,0.331, 0.012 , 0.132 , 0.072 , 0.013 , 0.401 , 0.210 , 1.395 ,2.126," 8,241 "," 1,049 ", 24.9 ," 370,228 "
26-Nov-2012, -   ,1.773, 0.013 , 0.145 , 0.083 , 0.013 , 0.888 , 0.438 , 1.661 ,2.407," 6,526 ", 997 , 24.3 ," 408,613 "
27-Nov-2012, -   ,9.797, 0.013 , 0.151 , 0.084 , 0.013 , 0.720 , 0.382 , 1.753 ,2.288," 4,227 ", 642 , 22.0 ," 399,763 "
28-Nov-2012, -   ,2.218, 0.012 , 0.149 , 0.090 , 0.013 , 0.420 , 0.281 , 1.476 ,1.998," 6,477 ", 772 , 21.7 ," 392,433 "
29-Nov-2012, -   ,0.128, 0.013 , 0.156 , 0.093 , 0.014 , 0.514 , 0.197 , 1.918 ,2.676," 8,405 "," 1,028 ", 24.1 ," 420,609 "
30-Nov-2012, -   ,2.547, 0.014 , 0.156 , 0.094 , 0.015 , 0.659 , 0.255 , 1.834 ,2.29," 7,905 "," 1,024 ", 27.5 ," 456,098 "
01-Dec-2012, 1.00 ,0.772, 0.013 , 0.154 , 0.104 , 0.014 , 0.722 , 0.289 , 1.812 ,2.443," 6,581 ", 857 , 26.9 ," 420,370 "
02-Dec-2012, 1.00 ,2.128, 0.011 , 0.138 , 0.116 , 0.012 , 0.820 , 0.380 , 2.547 ,3.712," 6,413 ", 819 , 23.5 ," 358,747 "
03-Dec-2012, -   ,1.289, 0.010 , 0.110 , 0.116 , 0.012 , 0.246 , 0.132 , 2.324 ,3.636," 8,053 ", 913 , 21.5 ," 385,927 "
04-Dec-2012, -   ,0.114, 0.006 , 0.069 , 0.107 , 0.007 , 0.024 , 0.011 , 2.798 ,4.76," 9,427 "," 1,111 ", 20.4 ," 380,390 "
05-Dec-2012, -   ,0.135, 0.006 , 0.069 , 0.092 , 0.007 , 0.035 , 0.018 , 2.377 ,4.712," 9,335 "," 1,104 ", 18.0 ," 369,531 "
06-Dec-2012, -   ,0.082, 0.007 , 0.085 , 0.072 , 0.008 , 0.416 , 0.180 , 2.033 ,3.305," 8,064 "," 1,085 ", 18.2 ," 374,975 "
07-Dec-2012, -   ,0.162, 0.010 , 0.111 , 0.084 , 0.011 , 0.617 , 0.317 , 1.956 ,2.596," 5,881 ", 821 , 19.2 ," 378,901 "
08-Dec-2012, 1.00 ,0.474, 0.012 , 0.130 , 0.095 , 0.013 , 0.218 , 0.055 , 2.145 ,3.333," 8,549 "," 1,031 ", 22.8 ," 365,894 "
09-Dec-2012, 1.00 ,2.52, 0.010 , 0.118 , 0.096 , 0.011 , 0.454 , 0.179 , 4.028 ,4.499," 6,921 ", 966 , 21.7 ," 343,776 "
10-Dec-2012, -   ,3.292, 0.009 , 0.113 , 0.082 , 0.010 , 0.466 , 0.222 , 3.619 ,4.263," 5,854 ", 716 , 18.5 ," 373,372 "
11-Dec-2012, -   ,2.746, 0.011 , 0.123 , 0.082 , 0.011 , 0.297 , 0.158 , 2.475 ,3.489," 6,358 ", 851 , 18.7 ," 374,348 "
12-Dec-2012, -   ,0.363, 0.010 , 0.112 , 0.087 , 0.010 , 0.060 , 0.029 , 2.019 ,2.847," 8,952 "," 1,041 ", 21.0 ," 383,890 "
13-Dec-2012, -   ,0.04, 0.009 , 0.104 , 0.096 , 0.010 , 0.351 , 0.126 , 2.205 ,2.913," 8,852 "," 1,083 ", 22.1 ," 394,955 "
14-Dec-2012, -   ,0.315, 0.011 , 0.125 , 0.108 , 0.012 , 0.805 , 0.389 , 2.125 ,2.684," 6,964 ", 955 , 23.3 ," 398,247 "
15-Dec-2012, 1.00 ,1.076, 0.011 , 0.130 , 0.117 , 0.012 , 0.552 , 0.288 , 1.727 ,2.125," 5,470 ", 871 , 23.1 ," 358,435 "
16-Dec-2012, 1.00 ,0.216, 0.011 , 0.117 , 0.089 , 0.012 , 0.559 , 0.246 , 2.648 ,3.808," 7,233 "," 1,039 ", 25.0 ," 370,906 "
17-Dec-2012, -   ,0.193, 0.010 , 0.112 , 0.091 , 0.010 , 0.360 , 0.126 , 1.844 ,3.058," 7,550 ", 891 , 20.6 ," 383,123 "
18-Dec-2012, -   ,0.549, 0.011 , 0.125 , 0.100 , 0.013 , 0.181 , 0.112 , 1.974 ,3.195," 9,027 "," 1,076 ", 22.2 ," 400,134 "
19-Dec-2012, -   ,0.618, 0.012 , 0.134 , 0.119 , 0.014 , 0.522 , 0.142 , 2.639 ,3.626," 8,253 "," 1,033 ", 24.2 ," 418,724 "
20-Dec-2012, -   ,0.502, 0.010 , 0.119 , 0.131 , 0.011 , 0.217 , 0.104 , 2.711 ,4.009," 7,997 ", 993 , 24.5 ," 414,991 "
21-Dec-2012, -   ,0.785, 0.011 , 0.129 , 0.141 , 0.012 , 0.282 , 0.154 , 2.027 ,2.845," 7,750 ", 890 , 21.5 ," 378,249 "
22-Dec-2012, 1.00 ,0.645, 0.013 , 0.153 , 0.152 , 0.014 , 0.216 , 0.096 , 2.128 ,2.986," 8,137 ", 966 , 23.5 ," 363,418 "
23-Dec-2012, 1.00 ,3.076, 0.014 , 0.157 , 0.137 , 0.014 , 0.355 , 0.169 , 2.375 ,2.952," 7,861 ", 961 , 25.4 ," 381,488 "
24-Dec-2012, -   ,10.872, 0.013 , 0.144 , 0.117 , 0.015 , 0.689 , 0.307 , 2.328 ,3.169," 7,392 ", 988 , 26.0 ," 398,163 "
25-Dec-2012, -   ,14.606, 0.011 , 0.125 , 0.096 , 0.011 , 0.671 , 0.322 , 3.321 ,3.656," 4,732 ", 648 , 20.8 ," 301,534 "
26-Dec-2012, -   ,0.629, 0.009 , 0.101 , 0.083 , 0.009 , 0.220 , 0.134 , 2.669 ,3.824," 7,524 ", 906 , 18.9 ," 295,254 "
27-Dec-2012, -   ,0.186, 0.009 , 0.102 , 0.095 , 0.010 , 0.442 , 0.185 , 2.178 ,2.855," 9,013 "," 1,072 ", 20.3 ," 331,353 "
28-Dec-2012, -   ,0.579, 0.010 , 0.112 , 0.098 , 0.010 , 0.180 , 0.078 , 2.678 ,4.649," 8,465 "," 1,069 ", 22.1 ," 342,310 "
29-Dec-2012, 1.00 ,0.179, 0.009 , 0.105 , 0.106 , 0.010 , 0.155 , 0.054 , 2.275 ,3.332," 8,910 "," 1,091 ", 21.1 ," 325,171 "
30-Dec-2012, 1.00 ,0.237, 0.010 , 0.118 , 0.115 , 0.011 , 0.127 , 0.075 , 2.233 ,2.807," 8,069 ", 896 , 20.8 ," 319,430 "
31-Dec-2012, -   ,0, 0.010 , 0.118 , 0.122 , 0.012 , 0.146 , 0.068 , 1.829 ,2.601," 9,056 "," 1,078 ", 23.8 ," 358,015 "
01-Jan-2013, -   ,0.013, 0.010 , 0.107 , 0.111 , 0.011 , 0.291 , 0.155 , 2.037 ,2.914," 9,027 "," 1,070 ", 25.6 ," 353,687 "
02-Jan-2013, -   ,0.221, 0.009 , 0.110 , 0.103 , 0.010 , 0.408 , 0.210 , 2.574 ,3.655," 8,546 ", 987 , 22.2 ," 361,317 "
03-Jan-2013, -   ,0.005, 0.010 , 0.113 , 0.098 , 0.011 , 0.014 , 0.006 , 2.115 ,2.906," 9,133 "," 1,078 ", 22.2 ," 370,664 "
04-Jan-2013, -   ,0.003, 0.011 , 0.122 , 0.106 , 0.012 , 0.007 , 0.003 , 2.292 ,2.91," 9,210 "," 1,088 ", 24.3 ," 397,909 "
05-Jan-2013, 1.00 ,0.256, 0.012 , 0.131 , 0.098 , 0.013 , 0.039 , 0.018 , 1.902 ,2.599," 9,137 "," 1,087 ", 26.1 ," 396,019 "
06-Jan-2013, 1.00 ,0.051, 0.012 , 0.131 , 0.115 , 0.013 , 0.118 , 0.030 , 1.854 ,2.528," 8,958 "," 1,078 ", 25.3 ," 382,643 "
07-Jan-2013, -   ,0.034, 0.011 , 0.124 , 0.100 , 0.012 , 0.046 , 0.036 , 2.377 ,3.168," 8,906 "," 1,067 ", 25.0 ," 425,544 "
08-Jan-2013, -   ,0.009, 0.009 , 0.111 , 0.113 , 0.010 , 0.342 , 0.179 , 3.084 ,3.66," 8,393 ", 946 , 28.8 ," 481,242 "
09-Jan-2013, -   ,0.142, 0.009 , 0.106 , 0.143 , 0.010 , 0.255 , 0.077 , 2.774 ,4.146," 8,582 "," 1,080 ", 23.2 ," 401,454 "
10-Jan-2013, -   ,0.042, 0.011 , 0.134 , 0.145 , 0.013 , 0.354 , 0.149 , 2.415 ,3.202," 7,791 ", 906 , 22.3 ," 391,058 "
11-Jan-2013, -   ,0.015, 0.010 , 0.113 , 0.155 , 0.013 , 0.144 , 0.133 , 1.999 ,2.806," 8,704 "," 1,035 ", 26.7 ," 444,256 "
12-Jan-2013, 1.00 ,0.408, 0.011 , 0.122 , 0.156 , 0.012 , 0.645 , 0.287 , 2.188 ,3.543," 6,969 ", 942 , 28.4 ," 403,853 "
13-Jan-2013, 1.00 ,7.25, 0.011 , 0.132 , 0.144 , 0.012 , 0.680 , 0.293 , 3.230 ,4.179," 5,968 ", 783 , 23.4 ," 358,176 "
14-Jan-2013, -   ,0.733, 0.009 , 0.098 , 0.163 , 0.009 , 0.268 , 0.099 , 3.075 ,4.403," 8,586 "," 1,042 ", 19.9 ," 372,146 "
15-Jan-2013, -   ,0.035, 0.009 , 0.108 , 0.173 , 0.010 , 0.274 , 0.190 , 1.921 ,2.983," 8,781 "," 1,033 ", 21.2 ," 382,753 "
16-Jan-2013, -   ,0.021, 0.011 , 0.124 , 0.168 , 0.012 , 0.434 , 0.222 , 1.728 ,2.832," 8,762 "," 1,063 ", 24.1 ," 411,813 "
17-Jan-2013, -   ,0.01, 0.012 , 0.139 , 0.142 , 0.013 , 0.307 , 0.131 , 2.125 ,3.158," 8,491 "," 1,062 ", 25.7 ," 445,298 "
18-Jan-2013, -   ,0.79, 0.012 , 0.138 , 0.134 , 0.015 , 0.478 , 0.216 , 2.849 ,4.658," 7,091 ", 986 , 29.7 ," 497,381 "
19-Jan-2013, 1.00 ,2.757, 0.011 , 0.132 , 0.094 , 0.011 , 0.798 , 0.348 , 2.584 ,3.543," 5,825 ", 909 , 22.7 ," 366,978 "
20-Jan-2013, 1.00 ,1.848, 0.012 , 0.144 , 0.075 , 0.013 , 0.396 , 0.218 , 1.905 ,2.294," 6,155 ", 763 , 21.8 ," 347,975 "
21-Jan-2013, -   ,0.453, 0.013 , 0.149 , 0.086 , 0.013 , 0.165 , 0.095 , 2.157 ,3.055," 7,921 ", 925 , 23.9 ," 413,421 "
22-Jan-2013, -   ,3.836, 0.013 , 0.147 , 0.101 , 0.014 , 0.367 , 0.215 , 2.252 ,2.91," 6,272 ", 853 , 25.1 ," 427,685 "
23-Jan-2013, -   ,0.938, 0.012 , 0.142 , 0.128 , 0.013 , 0.288 , 0.130 , 2.718 ,3.744," 7,334 ", 894 , 22.9 ," 398,194 "
24-Jan-2013, -   ,1.225, 0.014 , 0.157 , 0.147 , 0.015 , 0.128 , 0.054 , 1.955 ,2.377," 8,310 "," 1,002 ", 23.7 ," 421,597 "
25-Jan-2013, -   ,0.856, 0.014 , 0.165 , 0.111 , 0.015 , 0.475 , 0.208 , 2.463 ,3.022," 7,812 ", 997 , 25.2 ," 442,513 "
26-Jan-2013, 1.00 ,28.047, 0.015 , 0.176 , 0.110 , 0.016 , 0.539 , 0.245 , 3.034 ,3.943," 6,349 ", 956 , 25.2 ," 392,851 "
27-Jan-2013, 1.00 ,25.19, 0.015 , 0.179 , 0.132 , 0.015 , 0.799 , 0.416 , 3.070 ,4.141," 3,398 ", 407 , 22.7 ," 355,122 "
28-Jan-2013, -   ,84.902, 0.014 , 0.174 , 0.118 , 0.016 , 0.748 , 0.353 , 3.975 ,4.534," 3,689 ", 684 , 21.6 ," 357,591 "
29-Jan-2013, -   ,1.768, 0.013 , 0.162 , 0.117 , 0.015 , 0.199 , 0.107 , 2.208 ,3.408," 7,320 ", 913 , 22.5 ," 398,268 "
30-Jan-2013, -   ,0.404, 0.013 , 0.152 , 0.140 , 0.014 , 0.169 , 0.082 , 1.761 ,2.56," 7,495 ", 872 , 21.5 ," 398,830 "
31-Jan-2013, -   ,0.398, 0.014 , 0.163 , 0.143 , 0.015 , 0.065 , 0.049 , 2.167 ,2.997," 8,242 "," 1,042 ", 23.3 ," 428,946 "
01-Feb-2013, -   ,31.339, 0.011 , 0.136 , 0.135 , 0.013 , 0.649 , 0.281 , 4.334 ,4.969," 5,410 ", 824 , 20.7 ," 393,775 "
02-Feb-2013, 1.00 ,2.255, 0.009 , 0.108 , 0.117 , 0.010 , 0.313 , 0.230 , 3.914 ,4.731," 5,743 ", 762 , 17.1 ," 342,167 "
03-Feb-2013, 1.00 ,0.316, 0.010 , 0.121 , 0.138 , 0.011 , 0.111 , 0.062 , 2.925 ,3.892," 7,730 ", 911 , 18.0 ," 332,930 "
04-Feb-2013, -   ,0.427, 0.011 , 0.128 , 0.161 , 0.011 , 0.211 , 0.088 , 2.373 ,3.176," 7,658 ", 965 , 19.7 ," 384,077 "
05-Feb-2013, -   ,0.438, 0.011 , 0.131 , 0.123 , 0.011 , 0.165 , 0.071 , 1.975 ,2.467," 7,680 ", 936 , 20.4 ," 393,631 "
06-Feb-2013, -   ,0.292, 0.011 , 0.130 , 0.134 , 0.011 , 0.058 , 0.029 , 2.188 ,2.616," 8,229 "," 1,015 ", 21.2 ," 399,155 "
07-Feb-2013, -   ,0.165, 0.012 , 0.138 , 0.165 , 0.012 , 0.063 , 0.034 , 2.367 ,2.833," 8,311 "," 1,024 ", 22.1 ," 409,130 "
08-Feb-2013, -   ,0.195, 0.013 , 0.150 , 0.167 , 0.014 , 0.328 , 0.158 , 2.113 ,2.471," 8,138 "," 1,030 ", 23.5 ," 426,696 "
09-Feb-2013, 1.00 ,0.487, 0.014 , 0.158 , 0.169 , 0.014 , 0.477 , 0.211 , 1.960 ,2.49," 7,734 ", 986 , 24.1 ," 394,553 "
10-Feb-2013, 1.00 ,11.188, 0.013 , 0.158 , 0.141 , 0.014 , 0.506 , 0.181 , 2.685 ,3.422," 6,764 ", 945 , 23.1 ," 374,425 "
11-Feb-2013, -   ,5.251, 0.012 , 0.144 , 0.113 , 0.012 , 0.366 , 0.181 , 2.389 ,3.139," 6,130 ", 797 , 20.7 ," 387,871 "
12-Feb-2013, -   ,1.774, 0.011 , 0.131 , 0.106 , 0.012 , 0.372 , 0.200 , 2.291 ,2.546," 6,350 ", 805 , 20.6 ," 388,225 "
13-Feb-2013, -   ,0.399, 0.010 , 0.121 , 0.120 , 0.011 , 0.292 , 0.185 , 2.015 ,2.458," 6,957 ", 858 , 20.4 ," 384,033 "
14-Feb-2013, -   ,1.645, 0.012 , 0.136 , 0.118 , 0.012 , 0.627 , 0.229 , 1.944 ,2.385," 7,418 ", 974 , 21.0 ," 393,059 "
15-Feb-2013, -   ,2.191, 0.012 , 0.139 , 0.118 , 0.012 , 0.422 , 0.175 , 2.068 ,2.537," 7,178 ", 908 , 21.4 ," 394,894 "
16-Feb-2013, 1.00 ,3.663, 0.011 , 0.132 , 0.126 , 0.011 , 0.317 , 0.129 , 1.809 ,2.437," 7,310 ", 939 , 21.2 ," 357,750 "
17-Feb-2013, 1.00 ,1.454, 0.011 , 0.128 , 0.130 , 0.011 , 0.250 , 0.120 , 2.067 ,2.758," 6,995 ", 944 , 21.0 ," 348,089 "
18-Feb-2013, -   ,3.289, 0.012 , 0.138 , 0.123 , 0.013 , 0.292 , 0.126 , 2.117 ,2.703," 6,632 ", 811 , 21.4 ," 396,846 "
19-Feb-2013, -   ,2.723, 0.013 , 0.149 , 0.108 , 0.013 , 0.176 , 0.072 , 2.056 ,2.671," 7,367 ", 947 , 22.6 ," 411,922 "
20-Feb-2013, -   ,4.774, 0.013 , 0.148 , 0.124 , 0.013 , 0.216 , 0.063 , 2.722 ,3.375," 7,432 ", 968 , 22.6 ," 410,799 "
21-Feb-2013, -   ,6.217, 0.012 , 0.146 , 0.137 , 0.013 , 0.347 , 0.199 , 3.331 ,4.486," 6,829 ", 937 , 22.1 ," 408,263 "
22-Feb-2013, -   ,25.439, 0.013 , 0.150 , 0.150 , 0.014 , 0.899 , 0.439 , 4.412 ,5.199," 4,557 ", 729 , 21.2 ," 398,593 "
23-Feb-2013, 1.00 ,50.335, 0.015 , 0.182 , 0.150 , 0.016 , 0.674 , 0.307 , 4.107 ,5.275," 3,956 ", 680 , 21.3 ," 365,266 "
24-Feb-2013, 1.00 ,4.92, 0.016 , 0.192 , 0.137 , 0.017 , 0.452 , 0.246 , 2.664 ,3.285," 6,206 ", 847 , 23.6 ," 378,284 "
25-Feb-2013, -   ,1.541, 0.015 , 0.187 , 0.109 , 0.016 , 0.815 , 0.379 , 2.346 ,2.856," 6,257 ", 878 , 24.0 ," 438,632 "
26-Feb-2013, -   ,1.195, 0.014 , 0.175 , 0.106 , 0.015 , 0.913 , 0.451 , 2.755 ,3.291," 5,185 ", 760 , 22.9 ," 422,931 "
27-Feb-2013, -   ,3.901, 0.015 , 0.174 , 0.137 , 0.015 , 0.831 , 0.396 , 2.487 ,2.745," 5,396 ", 768 , 22.7 ," 424,056 "
28-Feb-2013, -   ,33.989, 0.013 , 0.164 , 0.134 , 0.015 , 0.914 , 0.448 , 3.414 ,4.955," 2,937 ", 470 , 21.0 ," 402,986 "
01-Mar-2013, -   ,20.397, 0.010 , 0.126 , 0.143 , 0.011 , 0.795 , 0.396 , 4.363 ,4.998," 3,318 ", 463 , 18.4 ," 378,127 "
02-Mar-2013, 1.00 ,14.599, 0.011 , 0.134 , 0.141 , 0.012 , 0.765 , 0.387 , 3.781 ,4.619," 4,049 ", 569 , 18.2 ," 344,847 "
03-Mar-2013, 1.00 ,4.391, 0.012 , 0.143 , 0.107 , 0.012 , 0.446 , 0.209 , 2.911 ,3.733," 5,655 ", 683 , 19.7 ," 336,842 "
04-Mar-2013, -   ,0.887, 0.011 , 0.134 , 0.117 , 0.012 , 0.263 , 0.125 , 2.509 ,3.071," 6,482 ", 886 , 20.4 ," 384,219 "
05-Mar-2013, -   ,0.252, 0.012 , 0.136 , 0.136 , 0.012 , 0.228 , 0.109 , 2.219 ,2.843," 6,477 ", 869 , 20.6 ," 394,979 "
06-Mar-2013, -   ,0.217, 0.012 , 0.141 , 0.151 , 0.013 , 0.151 , 0.091 , 2.113 ,2.451," 6,888 ", 921 , 21.0 ," 399,861 "
07-Mar-2013, -   ,0.142, 0.012 , 0.144 , 0.156 , 0.013 , 0.242 , 0.125 , 1.994 ,2.52," 6,773 ", 906 , 21.5 ," 408,417 "
08-Mar-2013, -   ,0.322, 0.012 , 0.146 , 0.132 , 0.013 , 0.249 , 0.100 , 1.982 ,2.44," 6,525 ", 858 , 21.3 ," 403,010 "
09-Mar-2013, 1.00 ,0.11, 0.013 , 0.147 , 0.141 , 0.013 , 0.702 , 0.329 , 2.007 ,2.521," 5,806 ", 875 , 21.6 ," 371,468 "
10-Mar-2013, 1.00 ,0.132, 0.013 , 0.152 , 0.155 , 0.013 , 0.525 , 0.223 , 1.875 ,2.345," 5,774 ", 758 , 22.0 ," 363,012 "
11-Mar-2013, -   ,0.206, 0.013 , 0.146 , 0.159 , 0.013 , 0.154 , 0.079 , 1.915 ,2.487," 6,476 ", 881 , 21.8 ," 405,956 "
12-Mar-2013, -   ,0.171, 0.012 , 0.144 , 0.160 , 0.012 , 0.055 , 0.025 , 2.125 ,2.608," 6,702 ", 886 , 21.4 ," 405,115 "
13-Mar-2013, -   ,0.166, 0.012 , 0.143 , 0.146 , 0.013 , 0.209 , 0.104 , 1.972 ,2.705," 6,476 ", 912 , 21.3 ," 403,320 "
14-Mar-2013, -   ,1.144, 0.013 , 0.156 , 0.171 , 0.014 , 0.303 , 0.160 , 2.198 ,2.832," 5,050 ", 704 , 21.1 ," 396,823 "
15-Mar-2013, -   ,0.767, 0.012 , 0.146 , 0.177 , 0.013 , 0.227 , 0.091 , 1.741 ,2.647," 5,913 ", 794 , 21.0 ," 391,869 "
16-Mar-2013, 1.00 ,0.401, 0.011 , 0.131 , 0.180 , 0.013 , 0.078 , 0.041 , 2.449 ,4.45," 6,538 ", 884 , 21.7 ," 367,448 "
17-Mar-2013, 1.00 ,0.309, 0.008 , 0.096 , 0.175 , 0.009 , 0.075 , 0.043 , 3.610 ,4.782," 6,414 ", 881 , 18.1 ," 335,026 "
18-Mar-2013, -   ,0.46, 0.009 , 0.101 , 0.170 , 0.009 , 0.115 , 0.090 , 1.984 ,2.279," 6,261 ", 836 , 16.8 ," 373,649 "
19-Mar-2013, -   ,0.585, 0.009 , 0.112 , 0.151 , 0.010 , 0.210 , 0.089 , 1.738 ,2.073," 6,121 ", 858 , 17.8 ," 376,380 "
20-Mar-2013, -   ,0.454, 0.011 , 0.125 , 0.155 , 0.011 , 0.274 , 0.189 , 2.428 ,3.091," 5,768 ", 832 , 19.1 ," 379,143 "
21-Mar-2013, -   ,1.515, 0.012 , 0.140 , 0.168 , 0.013 , 0.584 , 0.367 , 3.009 ,3.299," 4,974 ", 721 , 20.3 ," 386,267 "
22-Mar-2013, -   ,1.485, 0.014 , 0.159 , 0.128 , 0.014 , 0.773 , 0.320 , 1.957 ,2.817," 4,785 ", 759 , 22.0 ," 399,970 "
23-Mar-2013, 1.00 ,0.641, 0.012 , 0.149 , 0.100 , 0.013 , 0.115 , 0.063 , 1.543 ,2.022," 6,029 ", 822 , 21.8 ," 370,466 "
24-Mar-2013, 1.00 ,0.373, 0.011 , 0.128 , 0.130 , 0.012 , 0.156 , 0.038 , 1.598 ,2.194," 6,239 ", 861 , 21.9 ," 370,048 "
25-Mar-2013, -   ,0.145, 0.013 , 0.153 , 0.131 , 0.014 , 0.374 , 0.209 , 1.611 ,1.98," 5,954 ", 857 , 20.9 ," 407,637 "
26-Mar-2013, -   ,0.085, 0.013 , 0.155 , 0.132 , 0.014 , 0.338 , 0.243 , 1.856 ,2.209," 5,105 ", 697 , 22.2 ," 412,934 "
27-Mar-2013, -   ,0.523, 0.013 , 0.156 , 0.132 , 0.014 , 0.071 , 0.044 , 2.251 ,2.486," 5,925 ", 832 , 22.9 ," 420,952 "
28-Mar-2013, -   ,3.029, 0.011 , 0.131 , 0.143 , 0.013 , 0.510 , 0.136 , 2.327 ,2.979," 5,632 ", 806 , 22.6 ," 411,120 "
29-Mar-2013, -   ,0.401, 0.008 , 0.096 , 0.157 , 0.008 , 0.056 , 0.029 , 1.761 ,2.898," 5,976 ", 836 , 17.6 ," 325,270 "
30-Mar-2013, 1.00 ,0.119, 0.009 , 0.103 , 0.165 , 0.010 , 0.670 , 0.262 , 1.931 ,2.597," 5,099 ", 809 , 18.3 ," 327,210 "
31-Mar-2013, 1.00 ,5.095, 0.010 , 0.114 , 0.159 , 0.011 , 0.252 , 0.184 , 1.979 ,2.472," 4,088 ", 566 , 18.6 ," 317,903 "
01-Apr-2013, -   ,0.596, 0.010 , 0.110 , 0.144 , 0.011 , 0.089 , 0.058 , 1.793 ,2.403," 5,507 ", 763 , 18.2 ," 330,681 "
02-Apr-2013, -   ,4.843, 0.010 , 0.114 , 0.138 , 0.011 , 0.377 , 0.243 , 2.035 ,3.464," 5,000 ", 809 , 18.5 ," 371,363 "
03-Apr-2013, -   ,16.131, 0.010 , 0.118 , 0.130 , 0.011 , 0.585 , 0.317 , 2.557 ,3.584," 3,110 ", 437 , 17.1 ," 374,608 "
04-Apr-2013, -   ,7.143, 0.010 , 0.120 , 0.126 , 0.010 , 0.370 , 0.195 , 2.172 ,2.63," 3,844 ", 544 , 17.1 ," 375,053 "
05-Apr-2013, -   ,2.547, 0.009 , 0.111 , 0.143 , 0.010 , 0.400 , 0.204 , 1.751 ,2.03," 4,576 ", 694 , 18.0 ," 372,911 "
06-Apr-2013, 1.00 ,2.716, 0.010 , 0.111 , 0.137 , 0.010 , 0.355 , 0.227 , 1.334 ,1.677," 4,035 ", 559 , 17.6 ," 344,126 "
07-Apr-2013, 1.00 ,1.292, 0.010 , 0.112 , 0.131 , 0.010 , 0.210 , 0.153 , 1.173 ,1.464," 4,549 ", 613 , 17.8 ," 334,780 "
08-Apr-2013, -   ,1.316, 0.010 , 0.117 , 0.129 , 0.010 , 0.466 , 0.162 , 1.407 ,1.824," 4,932 ", 740 , 18.1 ," 373,316 "
09-Apr-2013, -   ,3.523, 0.010 , 0.119 , 0.151 , 0.010 , 0.155 , 0.094 , 1.442 ,1.64," 4,787 ", 671 , 18.0 ," 380,571 "
10-Apr-2013, -   ,0.244, 0.009 , 0.108 , 0.155 , 0.010 , 0.136 , 0.037 , 1.611 ,1.908," 5,229 ", 755 , 18.2 ," 382,205 "
11-Apr-2013, -   ,0.355, 0.010 , 0.108 , 0.155 , 0.010 , 0.122 , 0.059 , 1.623 ,1.851," 5,148 ", 761 , 18.5 ," 380,358 "
12-Apr-2013, -   ,1.047, 0.010 , 0.117 , 0.152 , 0.010 , 0.112 , 0.060 , 1.924 ,2.426," 5,067 ", 743 , 19.2 ," 380,832 "
13-Apr-2013, 1.00 ,0.741, 0.010 , 0.111 , 0.152 , 0.011 , 0.246 , 0.084 , 1.939 ,2.509," 4,977 ", 730 , 18.9 ," 347,669 "
14-Apr-2013, 1.00 ,0.079, 0.010 , 0.111 , 0.189 , 0.010 , 0.168 , 0.094 , 1.488 ,1.764," 4,879 ", 733 , 19.9 ," 336,181 "
15-Apr-2013, -   ,9.306, 0.011 , 0.124 , 0.192 , 0.012 , 0.609 , 0.252 , 1.683 ,2.539," 3,948 ", 688 , 19.7 ," 377,131 "
16-Apr-2013, -   ,2.879, 0.010 , 0.122 , 0.183 , 0.011 , 0.323 , 0.191 , 2.243 ,3.236," 3,551 ", 513 , 17.5 ," 383,237 "
17-Apr-2013, -   ,1.427, 0.009 , 0.111 , 0.172 , 0.010 , 0.678 , 0.300 , 1.263 ,1.817," 4,225 ", 672 , 17.3 ," 377,334 "
18-Apr-2013, -   ,1.594, 0.009 , 0.100 , 0.175 , 0.009 , 0.144 , 0.073 , 2.429 ,4.584," 4,627 ", 709 , 17.5 ," 377,895 "
19-Apr-2013, -   ,15.724, 0.008 , 0.094 , 0.147 , 0.009 , 0.504 , 0.231 , 4.190 ,4.885," 3,518 ", 595 , 14.4 ," 369,086 "
20-Apr-2013, 1.00 ,14.48, 0.009 , 0.106 , 0.120 , 0.010 , 0.360 , 0.234 , 2.981 ,3.987," 2,811 ", 528 , 14.4 ," 357,535 "
21-Apr-2013, 1.00 ,1.028, 0.008 , 0.094 , 0.131 , 0.009 , 0.597 , 0.204 , 1.546 ,2.148," 4,386 ", 705 , 14.3 ," 341,081 "
22-Apr-2013, -   ,0.044, 0.008 , 0.091 , 0.142 , 0.008 , 0.049 , 0.031 , 1.954 ,2.719," 4,615 ", 694 , 15.8 ," 370,594 "
23-Apr-2013, -   ,0.044, 0.008 , 0.095 , 0.135 , 0.009 , 0.017 , 0.009 , 1.929 ,2.772," 4,775 ", 705 , 15.6 ," 371,603 "
24-Apr-2013, -   ,0.047, 0.007 , 0.083 , 0.140 , 0.008 , 0.085 , 0.014 , 1.568 ,2.142," 4,780 ", 718 , 14.9 ," 372,537 "
25-Apr-2013, -   ,0.014, 0.007 , 0.086 , 0.151 , 0.008 , 0.013 , 0.007 , 1.718 ,2.276," 4,708 ", 702 , 14.5 ," 338,945 "
26-Apr-2013, -   ,0.03, 0.008 , 0.097 , 0.147 , 0.009 , 0.007 , 0.004 , 1.438 ,2.13," 4,639 ", 699 , 16.1 ," 357,648 "
27-Apr-2013, 1.00 ,0.005, 0.008 , 0.092 , 0.148 , 0.009 , 0.064 , 0.025 , 1.730 ,2.002," 4,576 ", 688 , 16.7 ," 337,345 "
28-Apr-2013, 1.00 ,0.008, 0.008 , 0.092 , 0.148 , 0.009 , 0.129 , 0.100 , 1.582 ,2.047," 4,507 ", 689 , 17.7 ," 327,183 "
29-Apr-2013, -   ,0.461, 0.010 , 0.115 , 0.153 , 0.011 , 0.596 , 0.225 , 1.215 ,1.626," 3,915 ", 659 , 18.0 ," 373,321 "
30-Apr-2013, -   ,0.104, 0.010 , 0.123 , 0.156 , 0.011 , 0.585 , 0.259 , 1.184 ,1.527," 3,673 ", 566 , 18.0 ," 382,460 "
01-May-2013, -   ,0.173, 0.009 , 0.100 , 0.153 , 0.010 , 0.417 , 0.188 , 2.594 ,3.611," 4,076 ", 644 , 17.7 ," 381,486 "
02-May-2013, -   ,0.204, 0.007 , 0.084 , 0.144 , 0.008 , 0.212 , 0.112 , 2.260 ,3.459," 3,857 ", 600 , 14.4 ," 380,416 "
03-May-2013, -   ,0.018, 0.007 , 0.080 , 0.153 , 0.007 , 0.535 , 0.176 , 1.940 ,2.198," 3,999 ", 672 , 14.9 ," 379,292 "
04-May-2013, 1.00 ,0.051, 0.007 , 0.084 , 0.157 , 0.007 , 0.075 , 0.044 , 2.930 ,3.936," 4,107 ", 636 , 15.4 ," 351,690 "
05-May-2013, 1.00 ,0.04, 0.007 , 0.078 , 0.144 , 0.007 , 0.164 , 0.080 , 2.295 ,2.59," 4,039 ", 641 , 13.3 ," 346,388 "
06-May-2013, -   ,0.884, 0.008 , 0.090 , 0.143 , 0.008 , 0.292 , 0.160 , 1.944 ,2.5," 3,389 ", 542 , 13.5 ," 388,349 "
07-May-2013, -   ,0.722, 0.008 , 0.098 , 0.098 , 0.009 , 0.532 , 0.242 , 1.424 ,1.651," 3,640 ", 602 , 14.9 ," 390,554 "
08-May-2013, -   ,0.134, 0.009 , 0.102 , 0.108 , 0.009 , 0.149 , 0.080 , 1.316 ,1.629," 3,715 ", 578 , 15.6 ," 387,440 "
09-May-2013, -   ,0.27, 0.008 , 0.096 , 0.110 , 0.008 , 0.022 , 0.012 , 1.396 ,1.734," 4,045 ", 628 , 16.1 ," 386,014 "
10-May-2013, -   ,0.719, 0.009 , 0.104 , 0.132 , 0.010 , 0.117 , 0.075 , 1.384 ,1.729," 3,828 ", 624 , 15.9 ," 385,602 "
11-May-2013, 1.00 ,0.519, 0.010 , 0.116 , 0.151 , 0.010 , 0.175 , 0.086 , 1.817 ,2.131," 3,566 ", 571 , 16.3 ," 358,023 "
12-May-2013, 1.00 ,0.737, 0.009 , 0.108 , 0.167 , 0.010 , 0.452 , 0.235 , 1.807 ,2.051," 3,274 ", 587 , 16.6 ," 344,314 "
13-May-2013, -   ,2.394, 0.009 , 0.102 , 0.149 , 0.010 , 0.808 , 0.437 , 2.055 ,2.319," 2,194 ", 436 , 15.7 ," 390,541 "
14-May-2013, -   ,0.573, 0.006 , 0.072 , 0.126 , 0.006 , 0.154 , 0.123 , 1.927 ,2.42," 3,439 ", 547 , 13.3 ," 389,683 "
15-May-2013, -   ,0.341, 0.007 , 0.082 , 0.158 , 0.008 , 0.384 , 0.089 , 2.520 ,3.134," 3,573 ", 572 , 12.5 ," 393,273 "
16-May-2013, -   ,0.323, 0.007 , 0.082 , 0.160 , 0.008 , 0.109 , 0.052 , 3.129 ,3.78," 3,546 ", 558 , 13.9 ," 390,513 "
17-May-2013, -   ,0.032, 0.006 , 0.075 , 0.165 , 0.007 , 0.070 , 0.030 , 3.027 ,3.868," 3,759 ", 594 , 12.6 ," 392,842 "
18-May-2013, 1.00 ,0, 0.006 , 0.069 , 0.152 , 0.006 , 0.069 , 0.032 , 2.495 ,3.098," 3,770 ", 602 , 12.0 ," 367,346 "
19-May-2013, 1.00 ,0.037, 0.006 , 0.068 , 0.102 , 0.006 , 0.069 , 0.042 , 2.364 ,3.008," 3,747 ", 600 , 11.3 ," 362,992 "
20-May-2013, -   ,0.085, 0.007 , 0.076 , 0.108 , 0.007 , 0.132 , 0.067 , 2.158 ,2.651," 3,600 ", 578 , 11.8 ," 405,781 "
21-May-2013, -   ,0.196, 0.007 , 0.083 , 0.117 , 0.007 , 0.679 , 0.277 , 2.046 ,2.873," 3,113 ", 539 , 13.6 ," 402,494 "
22-May-2013, -   ,21.538, 0.008 , 0.096 , 0.123 , 0.009 , 0.825 , 0.378 , 2.039 ,3.102," 1,721 ", 295 , 12.0 ," 426,280 "
23-May-2013, -   ,21.88, 0.008 , 0.103 , 0.121 , 0.009 , 0.520 , 0.270 , 3.197 ,3.534," 1,894 ", 291 , 13.0 ," 414,619 "
24-May-2013, -   ,7.364, 0.008 , 0.096 , 0.120 , 0.008 , 0.362 , 0.156 , 3.154 ,3.842," 2,722 ", 431 , 13.4 ," 415,079 "
25-May-2013, 1.00 ,0.341, 0.007 , 0.083 , 0.120 , 0.008 , 0.048 , 0.028 , 1.847 ,2.682," 3,560 ", 573 , 13.0 ," 380,792 "
26-May-2013, 1.00 ,0.294, 0.007 , 0.086 , 0.120 , 0.008 , 0.081 , 0.058 , 1.635 ,2.705," 3,424 ", 568 , 12.3 ," 376,181 "
27-May-2013, -   ,5.244, 0.009 , 0.103 , 0.110 , 0.009 , 0.656 , 0.320 , 2.187 ,2.833," 2,630 ", 491 , 12.6 ," 416,885 "
28-May-2013, -   ,1.28, 0.009 , 0.104 , 0.117 , 0.009 , 0.639 , 0.317 , 2.048 ,2.254," 2,570 ", 414 , 14.2 ," 415,698 "
29-May-2013, -   ,0.387, 0.009 , 0.101 , 0.118 , 0.009 , 0.427 , 0.180 , 1.933 ,2.25," 3,085 ", 514 , 14.5 ," 407,781 "
30-May-2013, -   ,1.057, 0.009 , 0.099 , 0.120 , 0.009 , 0.556 , 0.228 , 1.803 ,2.173," 2,821 ", 464 , 14.8 ," 408,228 "
31-May-2013, -   ,0.847, 0.009 , 0.105 , 0.120 , 0.009 , 0.670 , 0.341 , 1.892 ,2.402," 2,966 ", 515 , 15.4 ," 398,384 "
01-Jun-2013, 1.00 ,14.217, 0.010 , 0.112 , 0.115 , 0.010 , 0.921 , 0.435 , 2.522 ,3.886," 1,446 ", 297 , 14.8 ," 373,035 "
02-Jun-2013, 1.00 ,10.837, 0.007 , 0.092 , 0.120 , 0.009 , 0.282 , 0.163 , 4.116 ,5.151," 2,249 ", 360 , 13.2 ," 383,415 "
03-Jun-2013, -   ,0.039, 0.006 , 0.081 , 0.120 , 0.007 , 0.160 , 0.109 , 2.445 ,3.338," 3,151 ", 546 , 11.3 ," 417,011 "
04-Jun-2013, -   ,0.083, 0.008 , 0.092 , 0.126 , 0.008 , 0.571 , 0.255 , 1.333 ,2.243," 2,616 ", 461 , 11.9 ," 420,136 "
05-Jun-2013, -   ,0.037, 0.008 , 0.089 , 0.120 , 0.009 , 0.706 , 0.385 , 1.743 ,1.897," 1,997 ", 320 , 12.5 ," 422,541 "
06-Jun-2013, -   ,0.684, 0.009 , 0.101 , 0.141 , 0.009 , 0.728 , 0.372 , 1.914 ,2.044," 2,302 ", 429 , 13.6 ," 412,889 "
07-Jun-2013, -   ,0.63, 0.008 , 0.100 , 0.125 , 0.010 , 0.453 , 0.281 , 2.161 ,2.388," 2,233 ", 371 , 14.6 ," 397,309 "
08-Jun-2013, 1.00 ,0.625, 0.007 , 0.086 , 0.116 , 0.008 , 0.315 , 0.152 , 1.710 ,2.297," 2,841 ", 500 , 12.9 ," 381,602 "
09-Jun-2013, 1.00 ,0.385, 0.008 , 0.097 , 0.108 , 0.009 , 0.408 , 0.350 , 1.677 ,1.8," 2,573 ", 497 , 13.0 ," 365,688 "
10-Jun-2013, -   ,2.69, 0.009 , 0.105 , 0.092 , 0.010 , 0.336 , 0.228 , 1.730 ,1.986," 2,199 ", 337 , 12.7 ," 376,503 "
11-Jun-2013, -   ,1.315, 0.008 , 0.094 , 0.103 , 0.009 , 0.476 , 0.120 , 1.359 ,2.043," 2,969 ", 522 , 13.1 ," 412,199 "
12-Jun-2013, -   ,10.187, 0.009 , 0.110 , 0.096 , 0.010 , 0.641 , 0.280 , 1.978 ,2.549," 1,549 ", 311 , 13.3 ," 430,998 "
13-Jun-2013, -   ,0.776, 0.007 , 0.092 , 0.096 , 0.009 , 0.379 , 0.141 , 2.479 ,3.034," 2,805 ", 472 , 12.6 ," 412,813 "
14-Jun-2013, -   ,0.75, 0.007 , 0.084 , 0.094 , 0.007 , 0.528 , 0.193 , 3.260 ,3.853," 2,605 ", 467 , 11.8 ," 411,738 "
15-Jun-2013, 1.00 ,0.051, 0.007 , 0.079 , 0.096 , 0.007 , 0.165 , 0.081 , 3.194 ,4.043," 2,757 ", 450 , 11.7 ," 385,347 "
16-Jun-2013, 1.00 ,0.168, 0.006 , 0.072 , 0.085 , 0.006 , 0.115 , 0.087 , 2.396 ,2.95," 3,065 ", 525 , 10.7 ," 380,507 "
17-Jun-2013, -   ,0.233, 0.007 , 0.079 , 0.087 , 0.007 , 0.376 , 0.167 , 2.595 ,3.254," 2,434 ", 401 , 9.9 ," 433,299 "
18-Jun-2013, -   ,4.457, 0.007 , 0.078 , 0.097 , 0.007 , 0.348 , 0.098 , 2.787 ,3.479," 2,880 ", 483 , 10.0 ," 440,823 "
19-Jun-2013, -   ,0.833, 0.007 , 0.082 , 0.097 , 0.007 , 0.347 , 0.153 , 2.939 ,3.659," 2,756 ", 489 , 10.0 ," 440,153 "
20-Jun-2013, -   ,0.626, 0.007 , 0.084 , 0.089 , 0.007 , 0.858 , 0.419 , 2.108 ,2.703," 2,069 ", 392 , 9.9 ," 444,075 "
21-Jun-2013, -   ,1.332, 0.007 , 0.084 , 0.128 , 0.007 , 0.510 , 0.316 , 1.803 ,2.032," 1,889 ", 317 , 9.9 ," 441,203 "
22-Jun-2013, 1.00 ,9.053, 0.007 , 0.085 , 0.125 , 0.008 , 0.760 , 0.403 , 1.923 ,2.217," 1,546 ", 277 , 9.7 ," 422,037 "
23-Jun-2013, 1.00 ,23.788, 0.008 , 0.096 , 0.110 , 0.008 , 0.846 , 0.414 , 2.193 ,2.862," 1,221 ", 220 , 10.6 ," 410,522 "
24-Jun-2013, -   ,19.306, 0.007 , 0.091 , 0.088 , 0.008 , 0.776 , 0.376 , 2.228 ,2.968," 1,132 ", 227 , 10.3 ," 447,146 "
25-Jun-2013, -   ,24.189, 0.008 , 0.101 , 0.084 , 0.009 , 0.660 , 0.328 , 3.099 ,3.627," 1,611 ", 266 , 10.9 ," 449,285 "
26-Jun-2013, -   ,5.437, 0.009 , 0.107 , 0.084 , 0.009 , 0.387 , 0.225 , 2.397 ,3.526," 2,242 ", 417 , 13.0 ," 428,575 "
27-Jun-2013, -   ,5.734, 0.008 , 0.104 , 0.084 , 0.009 , 0.926 , 0.453 , 1.813 ,2.175," 1,692 ", 306 , 13.2 ," 425,717 "
28-Jun-2013, -   ,16.019, 0.009 , 0.105 , 0.096 , 0.009 , 0.891 , 0.442 , 1.633 ,1.857," 1,183 ", 233 , 12.9 ," 425,342 "
29-Jun-2013, 1.00 ,15.881, 0.008 , 0.099 , 0.096 , 0.009 , 0.834 , 0.417 , 1.765 ,2.244," 1,230 ", 202 , 12.0 ," 404,698 "
30-Jun-2013, 1.00 ,3.555, 0.008 , 0.092 , 0.108 , 0.008 , 0.295 , 0.179 , 1.948 ,2.146," 2,545 ", 424 , 11.8 ," 390,787 "
01-Jul-2013, -   ,2.425, 0.007 , 0.091 , 0.096 , 0.008 , 0.179 , 0.080 , 1.807 ,2.124," 2,981 ", 489 , 11.8 ," 423,184 "
02-Jul-2013, -   ,0.299, 0.007 , 0.079 , 0.115 , 0.007 , 0.357 , 0.154 , 1.735 ,2.301," 3,116 ", 506 , 11.4 ," 426,642 "
03-Jul-2013, -   ,0.059, 0.007 , 0.080 , 0.120 , 0.008 , 0.045 , 0.023 , 1.825 ,2.194," 3,313 ", 541 , 10.7 ," 427,238 "
04-Jul-2013, -   ,0.13, 0.007 , 0.088 , 0.119 , 0.008 , 0.050 , 0.025 , 2.514 ,2.871," 3,243 ", 533 , 11.6 ," 419,069 "
05-Jul-2013, -   ,0.037, 0.005 , 0.070 , 0.114 , 0.007 , 0.022 , 0.013 , 2.601 ,3.637," 3,299 ", 531 , 12.1 ," 406,951 "
06-Jul-2013, 1.00 ,0.098, 0.006 , 0.067 , 0.085 , 0.006 , 0.058 , 0.028 , 2.271 ,2.729," 3,370 ", 556 , 9.2 ," 397,528 "
07-Jul-2013, 1.00 ,0.083, 0.006 , 0.072 , 0.078 , 0.006 , 0.061 , 0.027 , 1.838 ,2.243," 3,322 ", 542 , 9.8 ," 391,883 "
08-Jul-2013, -   ,0.724, 0.006 , 0.074 , 0.084 , 0.007 , 0.152 , 0.086 , 2.077 ,2.592," 3,208 ", 545 , 9.8 ," 432,318 "
09-Jul-2013, -   ,2.426, 0.007 , 0.081 , 0.075 , 0.007 , 0.863 , 0.420 , 1.839 ,2.653," 2,037 ", 398 , 9.5 ," 447,187 "
10-Jul-2013, -   ,0.733, 0.007 , 0.085 , 0.079 , 0.008 , 0.518 , 0.320 , 1.019 ,1.196," 1,875 ", 300 , 10.9 ," 439,844 "
11-Jul-2013, -   ,0.177, 0.007 , 0.084 , 0.072 , 0.007 , 0.567 , 0.168 , 1.236 ,1.609," 2,804 ", 467 , 11.5 ," 433,607 "
12-Jul-2013, -   ,0.126, 0.007 , 0.086 , 0.072 , 0.008 , 0.308 , 0.124 , 1.247 ,1.762," 3,135 ", 516 , 12.0 ," 428,094 "
13-Jul-2013, 1.00 ,0.246, 0.007 , 0.087 , 0.081 , 0.008 , 0.548 , 0.281 , 1.162 ,1.386," 2,895 ", 502 , 12.3 ," 401,742 "
14-Jul-2013, 1.00 ,1.501, 0.008 , 0.097 , 0.084 , 0.009 , 0.918 , 0.451 , 1.678 ,1.806," 2,663 ", 476 , 12.9 ," 385,959 "
15-Jul-2013, -   ,1.733, 0.009 , 0.106 , 0.096 , 0.010 , 0.781 , 0.336 , 1.482 ,1.728," 2,238 ", 366 , 13.3 ," 418,382 "
16-Jul-2013, -   ,1.868, 0.009 , 0.107 , 0.096 , 0.010 , 0.451 , 0.213 , 1.460 ,1.688," 2,837 ", 479 , 14.0 ," 411,629 "
17-Jul-2013, -   ,0.199, 0.009 , 0.111 , 0.096 , 0.010 , 0.475 , 0.165 , 1.602 ,1.866," 3,129 ", 516 , 14.3 ," 398,801 "
18-Jul-2013, -   ,1.817, 0.010 , 0.114 , 0.073 , 0.010 , 0.834 , 0.364 , 2.394 ,3.289," 2,570 ", 459 , 14.8 ," 396,917 "
19-Jul-2013, -   ,4.375, 0.010 , 0.113 , 0.084 , 0.010 , 0.607 , 0.321 , 2.615 ,3.545," 2,386 ", 489 , 15.1 ," 399,613 "
20-Jul-2013, 1.00 ,1.227, 0.006 , 0.077 , 0.108 , 0.008 , 0.133 , 0.086 , 2.959 ,3.464," 3,009 ", 487 , 12.5 ," 375,995 "
21-Jul-2013, 1.00 ,0.06, 0.005 , 0.060 , 0.106 , 0.005 , 0.088 , 0.031 , 2.369 ,3.261," 3,634 ", 581 , 8.7 ," 382,045 "
22-Jul-2013, -   ,0.17, 0.005 , 0.062 , 0.106 , 0.006 , 0.115 , 0.052 , 2.388 ,2.907," 3,531 ", 572 , 9.0 ," 428,848 "
23-Jul-2013, -   ,0.129, 0.006 , 0.073 , 0.105 , 0.007 , 0.360 , 0.174 , 3.047 ,3.652," 3,047 ", 552 , 9.2 ," 436,432 "
24-Jul-2013, -   ,0.197, 0.006 , 0.079 , 0.108 , 0.007 , 0.421 , 0.208 , 2.506 ,3.764," 2,458 ", 396 , 10.3 ," 435,921 "
25-Jul-2013, -   ,0.05, 0.006 , 0.073 , 0.118 , 0.007 , 0.624 , 0.202 , 1.513 ,1.865," 3,467 ", 576 , 10.5 ," 431,264 "
26-Jul-2013, -   ,0.006, 0.006 , 0.073 , 0.088 , 0.007 , 0.064 , 0.055 , 1.573 ,1.934," 3,754 ", 590 , 10.5 ," 426,116 "
27-Jul-2013, 1.00 ,0.011, 0.007 , 0.082 , 0.074 , 0.007 , 0.157 , 0.100 , 1.519 ,1.897," 3,729 ", 604 , 10.4 ," 399,246 "
28-Jul-2013, 1.00 ,0.245, 0.008 , 0.087 , 0.090 , 0.008 , 0.506 , 0.317 , 2.163 ,2.491," 2,883 ", 457 , 11.5 ," 385,437 "
29-Jul-2013, -   ,0.635, 0.008 , 0.097 , 0.095 , 0.009 , 0.260 , 0.133 , 1.785 ,2.283," 3,514 ", 576 , 13.2 ," 405,224 "
30-Jul-2013, -   ,5.514, 0.008 , 0.097 , 0.098 , 0.009 , 0.254 , 0.120 , 2.281 ,3.219," 3,350 ", 550 , 13.2 ," 409,647 "
31-Jul-2013, -   ,0.33, 0.007 , 0.091 , 0.104 , 0.008 , 0.318 , 0.161 , 2.396 ,3.234," 3,306 ", 556 , 12.3 ," 413,741 "
01-Aug-2013, -   ,0.069, 0.007 , 0.084 , 0.091 , 0.007 , 0.117 , 0.079 , 1.459 ,1.845," 3,590 ", 556 , 11.9 ," 421,166 "
02-Aug-2013, -   ,0.088, 0.006 , 0.074 , 0.089 , 0.007 , 0.141 , 0.106 , 2.366 ,2.948," 3,682 ", 593 , 11.7 ," 412,144 "
03-Aug-2013, 1.00 ,0.23, 0.006 , 0.066 , 0.101 , 0.006 , 0.216 , 0.060 , 2.320 ,3.013," 3,954 ", 618 , 10.6 ," 378,648 "
04-Aug-2013, 1.00 ,0.071, 0.006 , 0.072 , 0.100 , 0.006 , 0.255 , 0.061 , 2.494 ,3.239," 3,995 ", 619 , 10.8 ," 371,071 "
05-Aug-2013, -   ,0.237, 0.006 , 0.072 , 0.090 , 0.006 , 0.066 , 0.040 , 2.356 ,3.287," 4,021 ", 620 , 10.9 ," 406,057 "
06-Aug-2013, -   ,1.039, 0.007 , 0.079 , 0.111 , 0.007 , 0.448 , 0.140 , 2.123 ,3.591," 3,737 ", 596 , 12.3 ," 405,451 "
07-Aug-2013, -   ,5.798, 0.007 , 0.078 , 0.087 , 0.007 , 0.527 , 0.190 , 1.834 ,3.598," 3,556 ", 627 , 11.3 ," 406,884 "
08-Aug-2013, -   ,2.41, 0.007 , 0.079 , 0.084 , 0.007 , 0.308 , 0.218 , 3.332 ,4.736," 2,444 ", 456 , 9.6 ," 430,475 "
09-Aug-2013, -   ,0.151, 0.006 , 0.065 , 0.082 , 0.006 , 0.269 , 0.046 , 1.851 ,2.376," 4,170 ", 639 , 10.5 ," 416,991 "
10-Aug-2013, 1.00 ,0.021, 0.007 , 0.080 , 0.072 , 0.008 , 0.024 , 0.013 , 1.584 ,2.112," 4,368 ", 663 , 12.9 ," 367,583 "
11-Aug-2013, 1.00 ,0.65, 0.007 , 0.085 , 0.083 , 0.008 , 0.142 , 0.045 , 1.754 ,2.652," 4,250 ", 674 , 12.6 ," 361,005 "
12-Aug-2013, -   ,0.619, 0.006 , 0.079 , 0.084 , 0.008 , 0.148 , 0.115 , 2.877 ,4.324," 3,918 ", 620 , 13.6 ," 399,903 "
13-Aug-2013, -   ,0.01, 0.006 , 0.070 , 0.082 , 0.006 , 0.052 , 0.022 , 2.134 ,2.799," 4,492 ", 685 , 11.6 ," 399,715 "
14-Aug-2013, -   ,0.737, 0.006 , 0.073 , 0.084 , 0.007 , 0.086 , 0.042 , 3.090 ,3.744," 4,351 ", 654 , 12.8 ," 396,298 "
15-Aug-2013, -   ,0.006, 0.005 , 0.061 , 0.084 , 0.006 , 0.023 , 0.015 , 1.974 ,3.627," 4,605 ", 694 , 11.1 ," 403,807 "
16-Aug-2013, -   ,0.628, 0.007 , 0.073 , 0.084 , 0.007 , 0.358 , 0.030 , 2.698 ,2.94," 4,484 ", 692 , 11.1 ," 407,771 "
17-Aug-2013, 1.00 ,0.287, 0.006 , 0.080 , 0.096 , 0.008 , 0.038 , 0.019 , 2.403 ,3.006," 4,436 ", 655 , 13.6 ," 365,616 "
18-Aug-2013, 1.00 ,0.289, 0.006 , 0.070 , 0.084 , 0.007 , 0.028 , 0.015 , 2.435 ,2.704," 4,689 ", 706 , 12.6 ," 350,451 "
19-Aug-2013, -   ,0.419, 0.005 , 0.066 , 0.098 , 0.006 , 0.143 , 0.064 , 3.225 ,3.645," 4,438 ", 669 , 11.6 ," 396,430 "
20-Aug-2013, -   ,0.062, 0.005 , 0.054 , 0.106 , 0.005 , 0.069 , 0.033 , 3.022 ,3.608," 4,760 ", 712 , 8.4 ," 421,817 "
21-Aug-2013, -   ,0.144, 0.005 , 0.060 , 0.097 , 0.005 , 0.257 , 0.196 , 2.148 ,2.936," 4,325 ", 691 , 8.7 ," 426,497 "
22-Aug-2013, -   ,0.605, 0.006 , 0.067 , 0.103 , 0.006 , 0.578 , 0.377 , 2.675 ,3.496," 3,080 ", 512 , 9.7 ," 427,093 "
23-Aug-2013, -   ,0.3, 0.007 , 0.081 , 0.096 , 0.007 , 0.297 , 0.198 , 3.190 ,4.024," 3,826 ", 552 , 11.7 ," 411,993 "
24-Aug-2013, 1.00 ,0.004, 0.007 , 0.084 , 0.096 , 0.007 , 0.068 , 0.033 , 1.509 ,2.276," 4,785 ", 705 , 13.3 ," 367,707 "
25-Aug-2013, 1.00 ,0.014, 0.007 , 0.084 , 0.086 , 0.007 , 0.061 , 0.029 , 1.610 ,2.019," 4,905 ", 719 , 13.2 ," 350,240 "
26-Aug-2013, -   ,0.008, 0.007 , 0.079 , 0.084 , 0.007 , 0.725 , 0.329 , 1.473 ,1.772," 4,103 ", 708 , 12.9 ," 392,870 "
27-Aug-2013, -   ,0.01, 0.007 , 0.085 , 0.084 , 0.008 , 0.175 , 0.096 , 1.544 ,1.949," 4,622 ", 665 , 14.0 ," 391,428 "
28-Aug-2013, -   ,0.073, 0.008 , 0.095 , 0.085 , 0.009 , 0.270 , 0.181 , 1.730 ,2.145," 4,727 ", 725 , 14.5 ," 386,690 "
29-Aug-2013, -   ,0.632, 0.009 , 0.108 , 0.084 , 0.009 , 0.558 , 0.249 , 2.851 ,3.437," 4,186 ", 572 , 15.4 ," 388,283 "
30-Aug-2013, -   ,0.008, 0.008 , 0.093 , 0.061 , 0.009 , 0.289 , 0.175 , 1.770 ,2.29," 4,648 ", 749 , 16.8 ," 374,980 "
31-Aug-2013, 1.00 ,0.02, 0.008 , 0.088 , 0.069 , 0.008 , 0.197 , 0.115 , 1.404 ,1.97," 4,644 ", 660 , 15.5 ," 351,330 "
01-Sep-2013, 1.00 ,0.006, 0.008 , 0.096 , 0.072 , 0.008 , 0.123 , 0.034 , 1.642 ,1.982," 5,282 ", 765 , 15.7 ," 337,368 "
02-Sep-2013, -   ,0.012, 0.008 , 0.096 , 0.072 , 0.008 , 0.113 , 0.024 , 1.401 ,1.712," 5,252 ", 755 , 15.7 ," 375,002 "
03-Sep-2013, -   ,0.017, 0.008 , 0.096 , 0.081 , 0.009 , 0.064 , 0.026 , 1.650 ,1.996," 5,300 ", 754 , 15.8 ," 377,875 "
04-Sep-2013, -   ,0.003, 0.008 , 0.088 , 0.084 , 0.009 , 0.131 , 0.078 , 1.896 ,2.18," 5,405 ", 778 , 15.7 ," 375,663 "
05-Sep-2013, -   ,0.006, 0.008 , 0.096 , 0.084 , 0.009 , 0.747 , 0.387 , 1.191 ,1.619," 4,386 ", 735 , 17.0 ," 377,570 "
06-Sep-2013, -   ,0.016, 0.009 , 0.101 , 0.084 , 0.009 , 0.874 , 0.415 , 1.454 ,1.856," 3,494 ", 558 , 17.1 ," 373,698 "
07-Sep-2013, 1.00 ,0.054, 0.009 , 0.103 , 0.086 , 0.010 , 0.573 , 0.274 , 1.743 ,2.028," 4,960 ", 747 , 18.3 ," 342,973 "
08-Sep-2013, 1.00 ,0.059, 0.009 , 0.109 , 0.096 , 0.010 , 0.590 , 0.306 , 1.728 ,2.333," 4,604 ", 635 , 16.5 ," 338,620 "
09-Sep-2013, -   ,0.001, 0.009 , 0.110 , 0.108 , 0.010 , 0.785 , 0.349 , 2.426 ,3.248," 4,210 ", 658 , 18.1 ," 369,383 "
10-Sep-2013, -   ,0.034, 0.007 , 0.085 , 0.110 , 0.008 , 0.325 , 0.260 , 2.721 ,3.397," 4,936 ", 734 , 18.9 ," 370,197 "
11-Sep-2013, -   ,0.029, 0.006 , 0.069 , 0.112 , 0.006 , 0.117 , 0.055 , 2.145 ,2.95," 5,757 ", 821 , 15.3 ," 359,145 "
12-Sep-2013, -   ,0.305, 0.006 , 0.073 , 0.118 , 0.007 , 0.587 , 0.194 , 2.672 ,4.34," 5,484 ", 818 , 14.3 ," 366,663 "
13-Sep-2013, -   ,5.924, 0.008 , 0.091 , 0.115 , 0.010 , 0.684 , 0.276 , 2.283 ,3," 4,528 ", 686 , 12.8 ," 375,422 "
14-Sep-2013, 1.00 ,0.826, 0.009 , 0.104 , 0.078 , 0.010 , 0.157 , 0.085 , 2.374 ,3.526," 5,169 ", 722 , 15.4 ," 348,105 "
15-Sep-2013, 1.00 ,0.844, 0.008 , 0.099 , 0.060 , 0.009 , 0.692 , 0.355 , 1.845 ,2.724," 4,177 ", 763 , 14.9 ," 337,918 "
16-Sep-2013, -   ,38.251, 0.010 , 0.116 , 0.060 , 0.011 , 0.827 , 0.370 , 3.564 ,4.61," 2,423 ", 470 , 14.7 ," 387,218 "
17-Sep-2013, -   ,2.516, 0.009 , 0.103 , 0.066 , 0.009 , 0.490 , 0.246 , 2.626 ,3.457," 4,376 ", 637 , 15.8 ," 375,043 "
18-Sep-2013, -   ,0.389, 0.007 , 0.085 , 0.075 , 0.008 , 0.040 , 0.026 , 2.600 ,3.407," 6,036 ", 825 , 16.4 ," 362,725 "
19-Sep-2013, -   ,0.134, 0.006 , 0.065 , 0.072 , 0.006 , 0.065 , 0.021 , 2.317 ,2.707," 6,283 ", 865 , 14.6 ," 364,320 "
20-Sep-2013, -   ,0.475, 0.006 , 0.074 , 0.072 , 0.007 , 0.112 , 0.068 , 2.964 ,4.106," 5,831 ", 816 , 13.1 ," 366,875 "
21-Sep-2013, 1.00 ,0.017, 0.006 , 0.073 , 0.074 , 0.007 , 0.313 , 0.112 , 1.468 ,2.116," 6,288 ", 879 , 13.6 ," 342,198 "
22-Sep-2013, 1.00 ,0.305, 0.008 , 0.085 , 0.085 , 0.008 , 0.210 , 0.138 , 1.641 ,2.171," 5,483 ", 829 , 15.2 ," 332,754 "
23-Sep-2013, -   ,0.009, 0.008 , 0.092 , 0.093 , 0.009 , 0.561 , 0.193 , 1.720 ,2.61," 5,508 ", 886 , 17.6 ," 365,884 "
24-Sep-2013, -   ,0.003, 0.008 , 0.094 , 0.096 , 0.009 , 0.152 , 0.147 , 1.821 ,2.531," 4,913 ", 693 , 19.4 ," 367,920 "
25-Sep-2013, -   ,0.013, 0.009 , 0.097 , 0.098 , 0.010 , 0.008 , 0.004 , 1.775 ,3.372," 6,481 ", 883 , 20.0 ," 374,422 "
26-Sep-2013, -   ,0.048, 0.006 , 0.075 , 0.087 , 0.008 , 0.003 , 0.003 , 3.096 ,5.283," 6,687 ", 874 , 18.4 ," 370,642 "
27-Sep-2013, -   ,0.018, 0.006 , 0.062 , 0.084 , 0.007 , 0.031 , 0.023 , 2.085 ,2.813," 6,834 ", 929 , 15.2 ," 363,322 "
28-Sep-2013, 1.00 ,0.001, 0.006 , 0.072 , 0.075 , 0.006 , 0.314 , 0.070 , 2.616 ,3.906," 6,734 ", 901 , 16.6 ," 337,978 "
29-Sep-2013, 1.00 ,0.008, 0.007 , 0.076 , 0.070 , 0.008 , 0.345 , 0.284 , 1.774 ,2.315," 6,389 ", 872 , 16.2 ," 325,969 "
30-Sep-2013, -   ,0.108, 0.007 , 0.087 , 0.072 , 0.009 , 0.704 , 0.369 , 2.385 ,3.737," 6,052 ", 885 , 18.6 ," 366,141 "
01-Oct-2013, -   ,0.914, 0.008 , 0.097 , 0.072 , 0.010 , 0.512 , 0.276 , 2.838 ,3.96," 5,271 ", 739 , 19.2 ," 375,477 "
02-Oct-2013, -   ,0.587, 0.007 , 0.076 , 0.083 , 0.007 , 0.450 , 0.126 , 2.733 ,3.966," 6,691 ", 927 , 16.4 ," 363,585 "
03-Oct-2013, -   ,1.948, 0.006 , 0.072 , 0.084 , 0.007 , 0.252 , 0.127 , 3.175 ,4.068," 5,630 ", 739 , 14.1 ," 370,230 "
04-Oct-2013, -   ,0.07, 0.006 , 0.072 , 0.078 , 0.007 , 0.158 , 0.112 , 1.802 ,2.277," 6,888 ", 930 , 13.5 ," 364,534 "
05-Oct-2013, 1.00 ,0, 0.007 , 0.074 , 0.067 , 0.008 , 0.293 , 0.228 , 1.501 ,2.043," 6,740 ", 917 , 16.9 ," 333,458 "
06-Oct-2013, 1.00 ,0.067, 0.008 , 0.086 , 0.082 , 0.008 , 0.064 , 0.030 , 2.206 ,3.364," 7,064 ", 946 , 19.8 ," 324,748 "
07-Oct-2013, -   ,0.442, 0.007 , 0.084 , 0.089 , 0.007 , 0.223 , 0.081 , 2.139 ,3.782," 6,808 ", 912 , 16.6 ," 324,026 "
08-Oct-2013, -   ,0.193, 0.007 , 0.083 , 0.076 , 0.008 , 0.049 , 0.039 , 2.104 ,3.21," 6,668 ", 869 , 15.3 ," 365,284 "
09-Oct-2013, -   ,0.01, 0.007 , 0.074 , 0.068 , 0.008 , 0.044 , 0.026 , 1.928 ,2.906," 7,318 ", 965 , 18.2 ," 371,445 "
10-Oct-2013, -   ,0.308, 0.008 , 0.088 , 0.073 , 0.009 , 0.134 , 0.034 , 2.617 ,3.799," 7,207 ", 945 , 22.1 ," 395,099 "
11-Oct-2013, -   ,0.057, 0.008 , 0.089 , 0.067 , 0.008 , 0.028 , 0.016 , 1.945 ,2.576," 7,346 ", 955 , 18.3 ," 369,705 "
12-Oct-2013, 1.00 ,0.025, 0.008 , 0.092 , 0.069 , 0.010 , 0.041 , 0.025 , 2.191 ,2.843," 7,359 ", 958 , 19.2 ," 346,205 "
13-Oct-2013, 1.00 ,2.916, 0.007 , 0.080 , 0.081 , 0.009 , 0.276 , 0.053 , 3.524 ,4.163," 7,210 ", 947 , 21.2 ," 350,042 "
14-Oct-2013, -   ,0.197, 0.005 , 0.060 , 0.067 , 0.006 , 0.046 , 0.008 , 2.250 ,3.237," 7,653 ", 985 , 14.1 ," 363,973 "
15-Oct-2013, -   ,0.008, 0.005 , 0.055 , 0.061 , 0.006 , 0.055 , 0.022 , 1.740 ,2.187," 7,746 ", 998 , 15.1 ," 362,822 "
16-Oct-2013, -   ,0, 0.006 , 0.072 , 0.060 , 0.007 , 0.445 , 0.169 , 2.798 ,4.265," 7,557 ", 981 , 18.3 ," 363,338 "
17-Oct-2013, -   ,0.386, 0.006 , 0.075 , 0.060 , 0.008 , 0.603 , 0.232 , 3.298 ,4.42," 6,784 ", 898 , 19.7 ," 375,360 "
18-Oct-2013, -   ,1.009, 0.007 , 0.072 , 0.060 , 0.007 , 0.055 , 0.032 , 2.166 ,2.858," 7,208 ", 935 , 15.6 ," 366,183 "
19-Oct-2013, 1.00 ,0.174, 0.008 , 0.092 , 0.072 , 0.010 , 0.040 , 0.019 , 2.231 ,2.942," 7,482 ", 978 , 17.0 ," 335,253 "
20-Oct-2013, 1.00 ,0.013, 0.009 , 0.096 , 0.084 , 0.010 , 0.083 , 0.031 , 1.965 ,2.592," 7,314 ", 958 , 20.2 ," 333,854 "
21-Oct-2013, -   ,0.902, 0.010 , 0.113 , 0.084 , 0.012 , 0.646 , 0.243 , 1.836 ,2.436," 6,109 ", 939 , 22.9 ," 394,861 "
22-Oct-2013, -   ,3.9, 0.012 , 0.134 , 0.084 , 0.013 , 0.616 , 0.305 , 2.315 ,3.277," 5,476 ", 838 , 22.1 ," 386,446 "
23-Oct-2013, -   ,0.127, 0.008 , 0.091 , 0.084 , 0.009 , 0.047 , 0.023 , 2.652 ,3.735," 7,705 ", 968 , 21.9 ," 394,674 "
24-Oct-2013, -   ,0.055, 0.005 , 0.057 , 0.092 , 0.006 , 0.025 , 0.015 , 2.655 ,4.116," 7,935 ", 999 , 16.9 ," 365,897 "
25-Oct-2013, -   ,0.006, 0.006 , 0.059 , 0.103 , 0.007 , 0.259 , 0.150 , 2.086 ,2.951," 7,568 "," 1,015 ", 15.4 ," 359,883 "
26-Oct-2013, 1.00 ,0.13, 0.006 , 0.071 , 0.108 , 0.007 , 0.032 , 0.020 , 1.891 ,2.902," 8,072 "," 1,022 ", 16.3 ," 332,336 "
27-Oct-2013, 1.00 ,2.113, 0.008 , 0.093 , 0.092 , 0.010 , 0.593 , 0.280 , 2.039 ,3.108," 6,423 ", 981 , 17.0 ," 326,830 "
28-Oct-2013, -   ,0.548, 0.009 , 0.102 , 0.096 , 0.010 , 0.471 , 0.123 , 2.123 ,2.622," 6,817 ", 809 , 18.7 ," 368,437 "
29-Oct-2013, -   ,5.337, 0.008 , 0.098 , 0.096 , 0.009 , 0.242 , 0.162 , 3.518 ,5.135," 6,248 ", 825 , 18.0 ," 368,676 "
30-Oct-2013, -   ,0.079, 0.007 , 0.081 , 0.096 , 0.008 , 0.065 , 0.037 , 1.653 ,2.491," 8,185 "," 1,017 ", 16.1 ," 360,039 "
31-Oct-2013, -   ,0.207, 0.008 , 0.089 , 0.104 , 0.009 , 0.279 , 0.124 , 1.809 ,3.089," 7,931 "," 1,026 ", 17.5 ," 363,781 "
01-Nov-2013, -   ,0.012, 0.009 , 0.097 , 0.098 , 0.009 , 0.663 , 0.363 , 1.943 ,2.99," 7,476 ", 985 , 18.7 ," 370,194 "
02-Nov-2013, 1.00 ,0, 0.007 , 0.077 , 0.101 , 0.010 , 0.420 , 0.272 , 1.754 ,2.561," 7,411 ", 966 , 21.7 ," 350,340 "
03-Nov-2013, 1.00 ,0.009, 0.007 , 0.081 , 0.103 , 0.008 , 0.221 , 0.151 , 3.397 ,4.631," 7,452 ", 896 , 21.5 ," 340,182 "
04-Nov-2013, -   ,0.03, 0.006 , 0.069 , 0.114 , 0.007 , 0.217 , 0.115 , 3.564 ,4.561," 7,610 "," 1,030 ", 15.4 ," 361,113 "
05-Nov-2013, -   ,0.03, 0.007 , 0.077 , 0.113 , 0.007 , 0.167 , 0.117 , 1.737 ,2.554," 7,644 ", 918 , 16.0 ," 364,638 "
06-Nov-2013, -   ,0.004, 0.007 , 0.082 , 0.118 , 0.009 , 0.144 , 0.084 , 2.048 ,3.005," 8,467 "," 1,041 ", 18.1 ," 370,511 "
07-Nov-2013, -   ,0.003, 0.009 , 0.102 , 0.105 , 0.010 , 0.198 , 0.099 , 1.949 ,2.587," 8,214 "," 1,040 ", 21.8 ," 389,154 "
08-Nov-2013, -   ,0.929, 0.011 , 0.114 , 0.082 , 0.012 , 0.854 , 0.415 , 2.007 ,3.166," 5,153 ", 857 , 23.6 ," 400,524 "
09-Nov-2013, 1.00 ,1.446, 0.009 , 0.106 , 0.073 , 0.009 , 0.317 , 0.137 , 3.156 ,3.949," 7,287 ", 958 , 21.4 ," 354,452 "
10-Nov-2013, 1.00 ,25.479, 0.009 , 0.104 , 0.079 , 0.010 , 0.594 , 0.281 , 3.683 ,4.459," 4,803 ", 687 , 16.2 ," 330,759 "
11-Nov-2013, -   ,20.609, 0.010 , 0.118 , 0.093 , 0.011 , 0.642 , 0.279 , 3.148 ,4.438," 4,580 ", 744 , 15.9 ," 370,080 "
12-Nov-2013, -   ,6.197, 0.010 , 0.109 , 0.100 , 0.011 , 0.187 , 0.094 , 1.968 ,3.083," 7,590 ", 941 , 18.4 ," 370,358 "
13-Nov-2013, -   ,0.922, 0.008 , 0.083 , 0.096 , 0.010 , 0.034 , 0.016 , 1.984 ,2.728," 8,721 "," 1,062 ", 18.8 ," 366,648 "
14-Nov-2013, -   ,0.594, 0.008 , 0.091 , 0.125 , 0.009 , 0.152 , 0.080 , 1.686 ,2.873," 8,591 "," 1,063 ", 18.7 ," 370,854 "
15-Nov-2013, -   ,15.719, 0.010 , 0.111 , 0.101 , 0.011 , 0.604 , 0.292 , 2.394 ,2.924," 6,165 ", 929 , 18.0 ," 369,417 "
16-Nov-2013, 1.00 ,12.278, 0.009 , 0.108 , 0.084 , 0.009 , 0.854 , 0.423 , 2.903 ,3.414," 4,397 ", 551 , 16.5 ," 336,206 "
17-Nov-2013, 1.00 ,18.924, 0.009 , 0.112 , 0.069 , 0.010 , 0.809 , 0.400 , 3.279 ,4.041," 4,263 ", 520 , 15.9 ," 333,196 "
18-Nov-2013, -   ,18.644, 0.011 , 0.124 , 0.078 , 0.011 , 0.578 , 0.263 , 2.600 ,4.017," 5,315 ", 824 , 16.7 ," 370,561 "
19-Nov-2013, -   ,0.218, 0.011 , 0.131 , 0.076 , 0.011 , 0.394 , 0.121 , 1.513 ,2.748," 8,469 "," 1,011 ", 18.9 ," 371,911 "
20-Nov-2013, -   ,0.053, 0.011 , 0.127 , 0.096 , 0.012 , 0.515 , 0.264 , 1.726 ,2.2," 8,383 "," 1,032 ", 20.4 ," 379,168 "
21-Nov-2013, -   ,4.928, 0.012 , 0.141 , 0.104 , 0.013 , 0.831 , 0.393 , 2.485 ,3.539," 6,918 ", 980 , 20.6 ," 382,152 "
22-Nov-2013, -   ,13.883, 0.012 , 0.142 , 0.090 , 0.013 , 0.463 , 0.297 , 2.478 ,3.909," 5,674 ", 853 , 20.2 ," 374,630 "
23-Nov-2013, 1.00 ,5.905, 0.010 , 0.116 , 0.111 , 0.011 , 0.160 , 0.078 , 1.930 ,2.47," 8,069 ", 975 , 19.4 ," 340,629 "
24-Nov-2013, 1.00 ,0.865, 0.009 , 0.106 , 0.069 , 0.009 , 0.140 , 0.057 , 2.000 ,3.119," 8,408 "," 1,031 ", 18.1 ," 324,264 "
25-Nov-2013, -   ,2.961, 0.008 , 0.101 , 0.077 , 0.009 , 0.375 , 0.183 , 3.392 ,4.703," 6,773 ", 867 , 17.6 ," 362,617 "
26-Nov-2013, -   ,0.005, 0.008 , 0.095 , 0.076 , 0.008 , 0.299 , 0.070 , 2.034 ,2.963," 8,547 "," 1,025 ", 17.2 ," 368,168 "
27-Nov-2013, -   ,0.003, 0.009 , 0.101 , 0.083 , 0.009 , 0.246 , 0.105 , 1.823 ,2.499," 9,088 "," 1,088 ", 19.0 ," 371,742 "
28-Nov-2013, -   ,1.141, 0.011 , 0.126 , 0.094 , 0.012 , 0.747 , 0.313 , 2.550 ,3.266," 7,044 "," 1,071 ", 22.1 ," 387,800 "
29-Nov-2013, -   ,8.215, 0.009 , 0.112 , 0.091 , 0.011 , 0.425 , 0.235 , 3.115 ,4.2," 5,399 ", 805 , 18.9 ," 371,298 "
30-Nov-2013, 1.00 ,0.505, 0.008 , 0.099 , 0.080 , 0.009 , 0.216 , 0.126 , 2.245 ,2.844," 7,527 ", 929 , 17.3 ," 331,083 "
01-Dec-2013, 1.00 ,0.069, 0.009 , 0.099 , 0.079 , 0.009 , 0.231 , 0.163 , 1.927 ,2.272," 7,944 ", 902 , 18.3 ," 324,738 "
02-Dec-2013, -   ,0.005, 0.009 , 0.100 , 0.074 , 0.009 , 0.184 , 0.153 , 1.925 ,2.45," 8,850 "," 1,006 ", 19.8 ," 372,681 "
03-Dec-2013, -   ,0.078, 0.010 , 0.112 , 0.084 , 0.010 , 0.230 , 0.153 , 2.241 ,2.645," 8,605 "," 1,098 ", 21.0 ," 386,575 "
04-Dec-2013, -   ,5.888, 0.011 , 0.120 , 0.085 , 0.012 , 0.601 , 0.262 , 2.664 ,3.435," 7,301 ", 923 , 22.8 ," 400,277 "
05-Dec-2013, -   ,1.775, 0.006 , 0.080 , 0.096 , 0.008 , 0.205 , 0.085 , 3.898 ,5.311," 8,352 "," 1,025 ", 18.3 ," 372,694 "
06-Dec-2013, -   ,0.002, 0.006 , 0.069 , 0.084 , 0.007 , 0.046 , 0.037 , 1.695 ,2.849," 9,445 "," 1,122 ", 15.8 ," 357,378 "
07-Dec-2013, 1.00 ,0, 0.008 , 0.092 , 0.085 , 0.010 , 0.204 , 0.184 , 1.664 ,2.727," 8,726 "," 1,038 ", 18.3 ," 337,398 "
08-Dec-2013, 1.00 ,0, 0.010 , 0.109 , 0.085 , 0.011 , 0.552 , 0.248 , 2.089 ,2.999," 8,323 "," 1,086 ", 21.4 ," 339,321 "
09-Dec-2013, -   ,0.218, 0.010 , 0.111 , 0.094 , 0.011 , 0.550 , 0.187 , 2.498 ,3.076," 7,857 ", 971 , 24.1 ," 401,561 "
10-Dec-2013, -   ,0.167, 0.009 , 0.093 , 0.095 , 0.010 , 0.079 , 0.041 , 1.803 ,2.398," 9,080 "," 1,059 ", 23.1 ," 414,412 "
11-Dec-2013, -   ,0.628, 0.009 , 0.103 , 0.107 , 0.010 , 0.312 , 0.093 , 1.506 ,1.842," 8,929 "," 1,077 ", 21.2 ," 392,475 "
12-Dec-2013, -   ,0.064, 0.010 , 0.115 , 0.096 , 0.011 , 0.068 , 0.040 , 2.044 ,3.47," 8,859 "," 1,011 ", 21.1 ," 388,145 "
13-Dec-2013, -   ,0.31, 0.011 , 0.129 , 0.070 , 0.012 , 0.143 , 0.059 , 2.104 ,3.227," 8,752 "," 1,083 ", 22.5 ," 401,709 "
14-Dec-2013, 1.00 ,2.327, 0.011 , 0.128 , 0.070 , 0.011 , 0.310 , 0.150 , 2.258 ,3.656," 6,893 ", 853 , 21.1 ," 352,544 "
15-Dec-2013, 1.00 ,2.157, 0.011 , 0.127 , 0.073 , 0.012 , 0.589 , 0.264 , 1.884 ,2.735," 7,664 ", 977 , 21.1 ," 341,343 "
16-Dec-2013, -   ,1.257, 0.011 , 0.130 , 0.066 , 0.011 , 0.354 , 0.172 , 1.964 ,2.662," 7,783 ", 906 , 21.1 ," 384,787 "
17-Dec-2013, -   ,0.106, 0.010 , 0.122 , 0.082 , 0.011 , 0.063 , 0.017 , 2.014 ,2.898," 9,185 "," 1,091 ", 22.1 ," 397,390 "
18-Dec-2013, -   ,0.004, 0.010 , 0.114 , 0.103 , 0.010 , 0.066 , 0.025 , 2.122 ,2.616," 9,215 "," 1,085 ", 22.5 ," 400,636 "
19-Dec-2013, -   ,0.012, 0.010 , 0.113 , 0.118 , 0.011 , 0.548 , 0.169 , 2.153 ,2.722," 9,112 "," 1,090 ", 23.8 ," 412,369 "
20-Dec-2013, -   ,0.127, 0.010 , 0.119 , 0.122 , 0.012 , 0.291 , 0.170 , 1.997 ,3.194," 8,894 "," 1,075 ", 27.3 ," 450,093 "
21-Dec-2013, 1.00 ,0.076, 0.012 , 0.143 , 0.146 , 0.013 , 0.789 , 0.411 , 2.387 ,3.441," 8,420 "," 1,048 ", 25.2 ," 386,236 "
22-Dec-2013, 1.00 ,0.241, 0.011 , 0.130 , 0.121 , 0.012 , 0.881 , 0.430 , 2.323 ,2.934," 6,717 ", 880 , 26.9 ," 404,956 "
23-Dec-2013, -   ,1.789, 0.011 , 0.124 , 0.080 , 0.013 , 0.845 , 0.420 , 2.643 ,3.976," 5,578 ", 783 , 25.8 ," 416,958 "
24-Dec-2013, -   ,0.779, 0.011 , 0.129 , 0.064 , 0.012 , 0.898 , 0.442 , 2.010 ,2.655," 5,246 ", 715 , 20.5 ," 347,864 "
25-Dec-2013, -   ,18.424, 0.013 , 0.146 , 0.077 , 0.013 , 0.708 , 0.334 , 2.191 ,2.625," 4,519 ", 790 , 20.1 ," 296,971 "
26-Dec-2013, -   ,2.809, 0.011 , 0.130 , 0.085 , 0.012 , 0.257 , 0.098 , 1.777 ,2.762," 8,511 "," 1,018 ", 21.9 ," 307,168 "
27-Dec-2013, -   ,0.036, 0.011 , 0.122 , 0.103 , 0.011 , 0.205 , 0.123 , 1.941 ,2.614," 8,601 "," 1,056 ", 21.9 ," 336,874 "
28-Dec-2013, 1.00 ,0.006, 0.011 , 0.121 , 0.118 , 0.012 , 0.031 , 0.021 , 2.947 ,5.097," 9,087 "," 1,082 ", 23.5 ," 338,006 "
29-Dec-2013, 1.00 ,0.192, 0.008 , 0.096 , 0.096 , 0.008 , 0.365 , 0.124 , 2.820 ,4.508," 9,182 "," 1,100 ", 21.8 ," 317,836 "
30-Dec-2013, -   ,0.035, 0.009 , 0.104 , 0.092 , 0.010 , 0.244 , 0.182 , 2.204 ,3.702," 9,251 "," 1,097 ", 20.9 ," 337,713 "
31-Dec-2013, -   ,0.01, 0.010 , 0.111 , 0.103 , 0.011 , 0.651 , 0.266 , 2.200 ,3.524," 8,873 "," 1,069 ", 21.7 ," 341,883 "
01-Jan-2014, -   ,0.085, 0.010 , 0.114 , 0.107 , 0.011 , 0.816 , 0.343 , 2.357 ,3.117," 5,993 ", 847 , 22.8 ," 328,326 "
02-Jan-2014, -   ,0.566, 0.012 , 0.135 , 0.102 , 0.013 , 0.624 , 0.316 , 2.281 ,2.802," 6,109 ", 927 , 25.6 ," 383,091 "
03-Jan-2014, -   ,0.06, 0.012 , 0.138 , 0.081 , 0.014 , 0.090 , 0.058 , 2.851 ,4.042," 8,391 ", 989 , 25.1 ," 385,292 "
04-Jan-2014, 1.00 ,0.126, 0.009 , 0.107 , 0.074 , 0.010 , 0.101 , 0.018 , 2.336 ,3.262," 9,245 "," 1,100 ", 23.2 ," 350,961 "
05-Jan-2014, 1.00 ,0.146, 0.010 , 0.106 , 0.084 , 0.012 , 0.024 , 0.014 , 2.829 ,4.33," 9,038 "," 1,041 ", 23.1 ," 346,833 "
06-Jan-2014, -   ,0.903, 0.008 , 0.087 , 0.096 , 0.010 , 0.156 , 0.085 , 2.653 ,3.496," 8,725 "," 1,127 ", 22.4 ," 375,891 "
07-Jan-2014, -   ,3.706, 0.009 , 0.102 , 0.119 , 0.010 , 0.323 , 0.169 , 2.905 ,3.395," 7,285 ", 837 , 19.3 ," 359,114 "
08-Jan-2014, -   ,0.887, 0.009 , 0.107 , 0.138 , 0.009 , 0.842 , 0.426 , 2.388 ,2.689," 6,406 ", 835 , 19.4 ," 355,525 "
09-Jan-2014, -   ,0.938, 0.010 , 0.116 , 0.103 , 0.011 , 0.592 , 0.332 , 2.088 ,2.597," 5,480 ", 800 , 19.9 ," 361,384 "
10-Jan-2014, -   ,0.527, 0.011 , 0.128 , 0.107 , 0.012 , 0.182 , 0.119 , 1.834 ,2.902," 7,684 ", 910 , 21.8 ," 376,323 "
11-Jan-2014, 1.00 ,0.105, 0.011 , 0.130 , 0.120 , 0.012 , 0.420 , 0.172 , 1.450 ,2.147," 8,084 "," 1,024 ", 24.4 ," 372,287 "
12-Jan-2014, 1.00 ,0.059, 0.011 , 0.127 , 0.128 , 0.012 , 0.154 , 0.028 , 2.229 ,2.839," 8,828 "," 1,051 ", 24.4 ," 363,795 "
13-Jan-2014, -   ,0.132, 0.010 , 0.115 , 0.110 , 0.011 , 0.046 , 0.012 , 2.017 ,2.522," 9,141 "," 1,087 ", 23.1 ," 399,855 "
14-Jan-2014, -   ,0.052, 0.011 , 0.122 , 0.097 , 0.012 , 0.008 , 0.002 , 2.357 ,3.157," 9,146 "," 1,086 ", 24.5 ," 422,940 "
15-Jan-2014, -   ,0.019, 0.011 , 0.127 , 0.113 , 0.013 , 0.008 , 0.003 , 2.139 ,2.947," 9,135 "," 1,088 ", 26.4 ," 450,229 "
16-Jan-2014, -   ,0.009, 0.011 , 0.129 , 0.116 , 0.013 , 0.013 , 0.004 , 2.026 ,2.754," 9,158 "," 1,088 ", 26.4 ," 456,528 "
17-Jan-2014, -   ,0.003, 0.011 , 0.118 , 0.108 , 0.012 , 0.017 , 0.009 , 2.346 ,3.064," 9,193 "," 1,097 ", 26.0 ," 447,264 "
18-Jan-2014, 1.00 ,0.12, 0.011 , 0.123 , 0.114 , 0.013 , 0.074 , 0.035 , 1.787 ,2.547," 8,895 "," 1,086 ", 26.3 ," 408,409 "
19-Jan-2014, 1.00 ,0.809, 0.013 , 0.145 , 0.129 , 0.013 , 0.195 , 0.072 , 1.615 ,2.715," 8,103 "," 1,043 ", 24.7 ," 373,824 "
20-Jan-2014, -   ,4.023, 0.013 , 0.149 , 0.132 , 0.013 , 0.265 , 0.118 , 2.332 ,3.321," 7,253 ", 954 , 23.6 ," 411,677 "
21-Jan-2014, -   ,2.042, 0.013 , 0.145 , 0.132 , 0.014 , 0.315 , 0.114 , 2.608 ,3.429," 7,579 ", 889 , 23.8 ," 409,322 "
22-Jan-2014, -   ,2.631, 0.011 , 0.130 , 0.144 , 0.012 , 0.358 , 0.153 , 2.785 ,3.417," 7,302 ", 907 , 22.4 ," 393,665 "
23-Jan-2014, -   ,2.206, 0.012 , 0.141 , 0.146 , 0.013 , 0.556 , 0.271 , 2.537 ,2.974," 6,611 ", 891 , 22.1 ," 392,610 "
24-Jan-2014, -   ,6.355, 0.012 , 0.136 , 0.126 , 0.014 , 0.657 , 0.297 , 2.754 ,3.697," 5,423 ", 843 , 22.1 ," 394,129 "
25-Jan-2014, 1.00 ,0.513, 0.008 , 0.098 , 0.108 , 0.009 , 0.194 , 0.048 , 3.331 ,4.574," 8,474 "," 1,006 ", 20.7 ," 340,507 "
26-Jan-2014, 1.00 ,0.166, 0.008 , 0.101 , 0.098 , 0.009 , 0.106 , 0.082 , 2.278 ,2.678," 7,936 ", 937 , 19.8 ," 320,969 "
27-Jan-2014, -   ,0.138, 0.010 , 0.114 , 0.096 , 0.011 , 0.040 , 0.018 , 2.620 ,3.312," 8,731 "," 1,053 ", 21.5 ," 339,434 "
28-Jan-2014, -   ,0.04, 0.010 , 0.116 , 0.107 , 0.011 , 0.025 , 0.011 , 2.745 ,3.558," 8,782 "," 1,063 ", 23.3 ," 401,560 "
29-Jan-2014, -   ,0.037, 0.011 , 0.118 , 0.136 , 0.012 , 0.040 , 0.015 , 2.248 ,2.899," 8,766 "," 1,069 ", 24.9 ," 427,742 "
30-Jan-2014, -   ,0.174, 0.010 , 0.115 , 0.108 , 0.011 , 0.040 , 0.018 , 2.598 ,3.352," 8,715 "," 1,064 ", 24.4 ," 427,429 "
31-Jan-2014, -   ,0.06, 0.011 , 0.123 , 0.097 , 0.013 , 0.155 , 0.044 , 1.955 ,2.697," 8,403 "," 1,044 ", 25.5 ," 433,577 "
01-Feb-2014, 1.00 ,0.012, 0.012 , 0.139 , 0.107 , 0.013 , 0.083 , 0.032 , 2.066 ,2.861," 8,432 "," 1,037 ", 25.2 ," 395,160 "
02-Feb-2014, 1.00 ,0.029, 0.011 , 0.131 , 0.107 , 0.012 , 0.069 , 0.018 , 2.882 ,3.524," 8,555 "," 1,045 ", 25.0 ," 388,180 "
03-Feb-2014, -   ,0.21, 0.011 , 0.126 , 0.118 , 0.013 , 0.222 , 0.117 , 2.640 ,3.52," 8,077 "," 1,058 ", 24.9 ," 430,545 "
04-Feb-2014, -   ,2.802, 0.010 , 0.118 , 0.136 , 0.012 , 0.476 , 0.270 , 3.900 ,4.83," 5,746 ", 757 , 22.0 ," 395,728 "
05-Feb-2014, -   ,0.688, 0.009 , 0.098 , 0.090 , 0.009 , 0.607 , 0.266 , 2.384 ,3.295," 6,535 ", 910 , 19.9 ," 377,079 "
06-Feb-2014, -   ,0.115, 0.009 , 0.100 , 0.079 , 0.009 , 0.209 , 0.165 , 1.767 ,2.489," 7,558 ", 856 , 20.6 ," 382,973 "
07-Feb-2014, -   ,0.01, 0.009 , 0.106 , 0.093 , 0.010 , 0.030 , 0.013 , 2.042 ,2.861," 8,464 "," 1,046 ", 22.5 ," 395,055 "
08-Feb-2014, 1.00 ,0.008, 0.011 , 0.122 , 0.116 , 0.012 , 0.012 , 0.005 , 2.227 ,2.888," 8,435 "," 1,040 ", 24.5 ," 380,285 "
09-Feb-2014, 1.00 ,0.026, 0.011 , 0.126 , 0.128 , 0.012 , 0.038 , 0.027 , 2.163 ,3.236," 8,274 "," 1,047 ", 25.5 ," 384,106 "
10-Feb-2014, -   ,0.397, 0.012 , 0.142 , 0.121 , 0.012 , 0.245 , 0.091 , 2.150 ,2.882," 7,418 ", 976 , 24.1 ," 409,021 "
11-Feb-2014, -   ,0.766, 0.012 , 0.141 , 0.112 , 0.013 , 0.220 , 0.108 , 1.939 ,3.104," 7,690 ", 951 , 23.6 ," 408,072 "
12-Feb-2014, -   ,0.294, 0.013 , 0.151 , 0.117 , 0.014 , 0.784 , 0.345 , 2.032 ,2.64," 6,988 ", 936 , 24.2 ," 420,483 "
13-Feb-2014, -   ,2.101, 0.013 , 0.155 , 0.131 , 0.014 , 0.950 , 0.470 , 2.066 ,2.964," 3,918 ", 740 , 24.1 ," 420,098 "
14-Feb-2014, -   ,5.132, 0.014 , 0.167 , 0.142 , 0.015 , 0.943 , 0.474 , 2.300 ,2.839," 3,165 ", 462 , 22.9 ," 402,166 "
15-Feb-2014, 1.00 ,6.693, 0.015 , 0.175 , 0.131 , 0.016 , 0.534 , 0.317 , 2.239 ,3.048," 4,305 ", 597 , 23.5 ," 365,569 "
16-Feb-2014, 1.00 ,18.432, 0.013 , 0.158 , 0.131 , 0.015 , 0.494 , 0.262 , 2.964 ,3.574," 4,632 ", 765 , 23.0 ," 356,239 "
17-Feb-2014, -   ,0.397, 0.011 , 0.134 , 0.132 , 0.012 , 0.203 , 0.119 , 1.904 ,2.575," 6,833 ", 924 , 21.1 ," 385,868 "
18-Feb-2014, -   ,0.543, 0.014 , 0.159 , 0.129 , 0.015 , 0.158 , 0.097 , 1.919 ,2.729," 6,619 ", 768 , 22.3 ," 396,399 "
19-Feb-2014, -   ,17.8, 0.014 , 0.154 , 0.117 , 0.017 , 0.523 , 0.241 , 2.383 ,3.083," 5,864 ", 831 , 23.8 ," 402,713 "
20-Feb-2014, -   ,0.546, 0.009 , 0.096 , 0.130 , 0.010 , 0.121 , 0.079 , 1.926 ,2.602," 7,557 ", 930 , 21.3 ," 385,059 "
21-Feb-2014, -   ,0.386, 0.009 , 0.103 , 0.131 , 0.010 , 0.198 , 0.046 , 2.307 ,3.16," 7,731 "," 1,016 ", 19.9 ," 375,328 "
22-Feb-2014, 1.00 ,0.112, 0.010 , 0.113 , 0.154 , 0.010 , 0.238 , 0.119 , 2.483 ,2.889," 6,833 ", 910 , 20.3 ," 343,302 "
23-Feb-2014, 1.00 ,0.354, 0.010 , 0.117 , 0.143 , 0.011 , 0.117 , 0.072 , 1.665 ,2.457," 6,858 ", 862 , 20.4 ," 335,805 "
24-Feb-2014, -   ,0.265, 0.011 , 0.130 , 0.143 , 0.012 , 0.061 , 0.023 , 1.905 ,2.663," 7,549 ", 979 , 21.6 ," 393,888 "
25-Feb-2014, -   ,0.138, 0.011 , 0.130 , 0.127 , 0.012 , 0.157 , 0.104 , 2.429 ,3.258," 7,278 ", 962 , 22.7 ," 406,086 "
26-Feb-2014, -   ,5.91, 0.013 , 0.145 , 0.156 , 0.014 , 0.849 , 0.418 , 1.621 ,2.885," 4,563 ", 703 , 22.9 ," 408,380 "
27-Feb-2014, -   ,8.813, 0.012 , 0.139 , 0.137 , 0.013 , 0.677 , 0.305 , 2.927 ,3.402," 4,927 ", 756 , 21.4 ," 393,425 "
28-Feb-2014, -   ,12.836, 0.012 , 0.138 , 0.131 , 0.013 , 0.784 , 0.385 , 2.209 ,3.149," 3,245 ", 529 , 19.3 ," 378,433 "
01-Mar-2014, 1.00 ,17.147, 0.012 , 0.144 , 0.137 , 0.012 , 0.723 , 0.365 , 1.898 ,2.963," 4,037 ", 666 , 19.6 ," 347,850 "
02-Mar-2014, 1.00 ,2.188, 0.011 , 0.138 , 0.108 , 0.012 , 0.314 , 0.170 , 2.010 ,2.311," 5,361 ", 659 , 20.0 ," 335,938 "
03-Mar-2014, -   ,2.871, 0.012 , 0.136 , 0.103 , 0.012 , 0.295 , 0.117 , 1.960 ,2.597," 6,576 ", 888 , 20.8 ," 380,060 "
04-Mar-2014, -   ,0.442, 0.012 , 0.137 , 0.124 , 0.012 , 0.173 , 0.091 , 1.790 ,2.24," 6,607 ", 859 , 21.2 ," 390,292 "
05-Mar-2014, -   ,4.907, 0.012 , 0.149 , 0.131 , 0.013 , 0.599 , 0.243 , 1.531 ,2.435," 6,005 ", 900 , 22.1 ," 389,920 "
06-Mar-2014, -   ,0.622, 0.013 , 0.151 , 0.135 , 0.013 , 0.452 , 0.233 , 1.578 ,2.571," 5,527 ", 747 , 21.6 ," 390,183 "
07-Mar-2014, -   ,2.256, 0.013 , 0.147 , 0.152 , 0.013 , 0.285 , 0.140 , 1.789 ,2.333," 5,665 ", 793 , 22.1 ," 389,140 "
08-Mar-2014, 1.00 ,1.135, 0.012 , 0.135 , 0.152 , 0.012 , 0.182 , 0.084 , 2.201 ,2.807," 6,497 ", 883 , 21.8 ," 347,803 "
09-Mar-2014, 1.00 ,0.828, 0.012 , 0.138 , 0.120 , 0.013 , 0.208 , 0.075 , 2.158 ,2.768," 6,453 ", 846 , 21.7 ," 343,497 "
10-Mar-2014, -   ,0.399, 0.012 , 0.136 , 0.123 , 0.012 , 0.154 , 0.048 , 1.919 ,2.569," 6,721 ", 902 , 22.2 ," 394,661 "
11-Mar-2014, -   ,0.731, 0.011 , 0.131 , 0.109 , 0.012 , 0.160 , 0.104 , 2.104 ,2.451," 6,646 ", 907 , 22.2 ," 397,848 "
12-Mar-2014, -   ,6.93, 0.012 , 0.140 , 0.113 , 0.013 , 0.453 , 0.292 , 1.893 ,2.238," 5,149 ", 815 , 21.9 ," 393,748 "
13-Mar-2014, -   ,0.875, 0.012 , 0.147 , 0.108 , 0.013 , 0.228 , 0.132 , 1.837 ,2.213," 5,709 ", 764 , 21.1 ," 390,080 "
14-Mar-2014, -   ,1.08, 0.012 , 0.137 , 0.118 , 0.012 , 0.469 , 0.236 , 2.132 ,2.506," 5,725 ", 843 , 21.6 ," 390,980 "
15-Mar-2014, 1.00 ,2.732, 0.012 , 0.134 , 0.140 , 0.013 , 0.447 , 0.274 , 2.225 ,2.668," 5,512 ", 846 , 21.9 ," 349,660 "
16-Mar-2014, 1.00 ,3.629, 0.009 , 0.114 , 0.141 , 0.011 , 0.230 , 0.196 , 2.520 ,3.014," 4,871 ", 731 , 20.6 ," 331,891 "
17-Mar-2014, -   ,0.017, 0.008 , 0.093 , 0.139 , 0.009 , 0.190 , 0.138 , 1.646 ,1.996," 6,753 ", 924 , 19.3 ," 369,112 "
18-Mar-2014, -   ,0.195, 0.010 , 0.122 , 0.127 , 0.012 , 0.353 , 0.286 , 1.614 ,1.959," 6,085 ", 883 , 21.3 ," 388,801 "
19-Mar-2014, -   ,1.926, 0.013 , 0.147 , 0.140 , 0.013 , 0.337 , 0.169 , 2.169 ,3.124," 5,807 ", 827 , 21.4 ," 396,159 "
20-Mar-2014, -   ,1.724, 0.012 , 0.142 , 0.148 , 0.013 , 0.629 , 0.220 , 1.976 ,2.672," 5,372 ", 837 , 21.8 ," 399,237 "
21-Mar-2014, -   ,2.73, 0.012 , 0.137 , 0.145 , 0.013 , 0.403 , 0.147 , 1.939 ,2.775," 5,180 ", 672 , 21.5 ," 392,143 "
22-Mar-2014, 1.00 ,2.442, 0.012 , 0.137 , 0.140 , 0.013 , 0.398 , 0.101 , 1.394 ,1.812," 5,877 ", 855 , 21.7 ," 353,939 "
23-Mar-2014, 1.00 ,3.583, 0.012 , 0.142 , 0.143 , 0.013 , 0.849 , 0.397 , 1.697 ,2.361," 4,391 ", 799 , 21.5 ," 346,316 "
24-Mar-2014, -   ,32.475, 0.013 , 0.154 , 0.155 , 0.013 , 0.887 , 0.451 , 2.151 ,2.86," 2,266 ", 465 , 18.7 ," 378,486 "
25-Mar-2014, -   ,6.546, 0.013 , 0.159 , 0.151 , 0.014 , 0.875 , 0.407 , 1.815 ,2.247," 3,607 ", 692 , 19.7 ," 377,757 "
26-Mar-2014, -   ,18.198, 0.014 , 0.168 , 0.160 , 0.014 , 0.913 , 0.459 , 2.328 ,2.636," 1,932 ", 255 , 20.1 ," 391,280 "
27-Mar-2014, -   ,9.621, 0.013 , 0.163 , 0.142 , 0.014 , 0.918 , 0.450 , 2.139 ,2.748," 2,097 ", 303 , 20.0 ," 391,243 "
28-Mar-2014, -   ,8.232, 0.013 , 0.152 , 0.137 , 0.014 , 0.470 , 0.189 , 1.855 ,2.837," 4,157 ", 575 , 20.0 ," 387,021 "
29-Mar-2014, 1.00 ,1.792, 0.012 , 0.146 , 0.159 , 0.013 , 0.592 , 0.242 , 1.641 ,2.515," 4,840 ", 730 , 20.2 ," 350,095 "
30-Mar-2014, 1.00 ,8.476, 0.012 , 0.144 , 0.131 , 0.013 , 0.247 , 0.105 , 1.507 ,2.012," 5,172 ", 738 , 20.2 ," 341,575 "
31-Mar-2014, -   ,0.332, 0.012 , 0.142 , 0.105 , 0.012 , 0.285 , 0.156 , 1.453 ,1.773," 5,281 ", 783 , 20.1 ," 384,277 "
01-Apr-2014, -   ,0.16, 0.012 , 0.144 , 0.105 , 0.013 , 0.439 , 0.301 , 1.485 ,1.813," 4,218 ", 623 , 20.3 ," 386,826 "
02-Apr-2014, -   ,0.139, 0.013 , 0.146 , 0.129 , 0.013 , 0.282 , 0.115 , 1.484 ,1.809," 5,551 ", 799 , 20.9 ," 389,494 "
03-Apr-2014, -   ,8.964, 0.014 , 0.159 , 0.130 , 0.014 , 0.739 , 0.370 , 1.590 ,2.146," 3,993 ", 723 , 21.2 ," 395,990 "
04-Apr-2014, -   ,8.627, 0.012 , 0.149 , 0.139 , 0.013 , 0.715 , 0.354 , 1.624 ,1.992," 2,717 ", 488 , 19.3 ," 379,695 "
05-Apr-2014, 1.00 ,3.981, 0.012 , 0.144 , 0.128 , 0.012 , 0.425 , 0.179 , 2.380 ,3.096," 4,237 ", 652 , 19.1 ," 343,625 "
06-Apr-2014, 1.00 ,8.357, 0.011 , 0.130 , 0.143 , 0.012 , 0.223 , 0.141 , 2.884 ,3.391," 4,552 ", 635 , 18.5 ," 332,495 "
07-Apr-2014, -   ,0.917, 0.010 , 0.120 , 0.147 , 0.010 , 0.845 , 0.383 , 2.155 ,3.123," 3,894 ", 629 , 17.9 ," 367,823 "
08-Apr-2014, -   ,0.172, 0.010 , 0.120 , 0.141 , 0.010 , 0.732 , 0.439 , 1.464 ,1.771," 4,025 ", 631 , 18.5 ," 374,792 "
09-Apr-2014, -   ,1.104, 0.011 , 0.126 , 0.138 , 0.011 , 0.917 , 0.464 , 1.457 ,1.747," 2,904 ", 479 , 18.3 ," 381,259 "
10-Apr-2014, -   ,8.205, 0.012 , 0.144 , 0.110 , 0.013 , 0.784 , 0.376 , 1.912 ,2.49," 2,421 ", 418 , 18.7 ," 386,049 "
11-Apr-2014, -   ,5.411, 0.012 , 0.148 , 0.107 , 0.014 , 0.231 , 0.097 , 2.549 ,4.148," 4,570 ", 697 , 19.9 ," 384,455 "
12-Apr-2014, 1.00 ,1.695, 0.011 , 0.130 , 0.107 , 0.011 , 0.407 , 0.190 , 3.394 ,4.634," 4,166 ", 636 , 18.2 ," 344,044 "
13-Apr-2014, 1.00 ,0.934, 0.010 , 0.116 , 0.118 , 0.011 , 0.174 , 0.112 , 2.822 ,3.149," 4,473 ", 670 , 17.5 ," 332,293 "
14-Apr-2014, -   ,2.48, 0.009 , 0.114 , 0.138 , 0.010 , 0.214 , 0.124 , 2.515 ,2.997," 4,498 ", 714 , 16.5 ," 368,694 "
15-Apr-2014, -   ,5.515, 0.010 , 0.116 , 0.139 , 0.011 , 0.596 , 0.302 , 2.690 ,2.885," 3,403 ", 637 , 16.0 ," 374,325 "
16-Apr-2014, -   ,0.195, 0.009 , 0.108 , 0.144 , 0.009 , 0.136 , 0.087 , 2.419 ,2.842," 4,358 ", 616 , 16.4 ," 371,185 "
17-Apr-2014, -   ,0.018, 0.009 , 0.103 , 0.147 , 0.009 , 0.042 , 0.024 , 2.125 ,2.586," 4,942 ", 718 , 16.4 ," 364,436 "
18-Apr-2014, -   ,0.028, 0.008 , 0.097 , 0.154 , 0.009 , 0.059 , 0.039 , 2.171 ,2.455," 4,961 ", 736 , 16.7 ," 319,230 "
19-Apr-2014, 1.00 ,0.047, 0.008 , 0.092 , 0.165 , 0.008 , 0.070 , 0.043 , 1.799 ,2.675," 4,823 ", 737 , 15.5 ," 322,805 "
20-Apr-2014, 1.00 ,0.009, 0.008 , 0.092 , 0.167 , 0.009 , 0.264 , 0.159 , 1.624 ,2.158," 4,519 ", 689 , 15.4 ," 312,144 "
21-Apr-2014, -   ,0.032, 0.008 , 0.096 , 0.180 , 0.009 , 0.756 , 0.321 , 1.398 ,2.071," 4,535 ", 714 , 15.6 ," 321,251 "
22-Apr-2014, -   ,0.086, 0.008 , 0.099 , 0.172 , 0.009 , 0.737 , 0.445 , 1.770 ,2.187," 3,490 ", 548 , 16.7 ," 357,910 "
23-Apr-2014, -   ,0.048, 0.009 , 0.100 , 0.143 , 0.009 , 0.479 , 0.299 , 1.568 ,2.123," 4,076 ", 570 , 17.4 ," 362,764 "
24-Apr-2014, -   ,4.008, 0.010 , 0.120 , 0.138 , 0.011 , 0.368 , 0.254 , 2.047 ,2.701," 4,125 ", 685 , 18.4 ," 361,778 "
25-Apr-2014, -   ,2.282, 0.011 , 0.126 , 0.174 , 0.011 , 0.615 , 0.325 , 2.196 ,2.598," 2,836 ", 464 , 17.6 ," 330,852 "
26-Apr-2014, 1.00 ,0.705, 0.010 , 0.120 , 0.177 , 0.010 , 0.538 , 0.380 , 2.347 ,3.278," 2,648 ", 389 , 18.0 ," 333,968 "
27-Apr-2014, 1.00 ,4.081, 0.010 , 0.118 , 0.110 , 0.010 , 0.526 , 0.276 , 2.253 ,3.3," 2,624 ", 384 , 16.3 ," 337,430 "
28-Apr-2014, -   ,0.147, 0.010 , 0.119 , 0.119 , 0.010 , 0.262 , 0.178 , 1.901 ,2.685," 3,317 ", 477 , 16.7 ," 371,448 "
29-Apr-2014, -   ,2.769, 0.011 , 0.129 , 0.120 , 0.012 , 0.733 , 0.268 , 2.311 ,2.916," 3,866 ", 645 , 17.8 ," 376,357 "
30-Apr-2014, -   ,0.681, 0.008 , 0.093 , 0.125 , 0.009 , 0.076 , 0.048 , 2.330 ,3.137," 4,193 ", 631 , 16.9 ," 376,365 "
01-May-2014, -   ,0.199, 0.008 , 0.088 , 0.142 , 0.009 , 0.090 , 0.045 , 1.653 ,2.75," 4,335 ", 667 , 14.1 ," 378,102 "
02-May-2014, -   ,2.404, 0.007 , 0.082 , 0.142 , 0.007 , 0.572 , 0.215 , 2.201 ,3.215," 3,619 ", 625 , 14.1 ," 378,507 "
03-May-2014, 1.00 ,2.458, 0.007 , 0.079 , 0.167 , 0.007 , 0.738 , 0.323 , 4.070 ,4.431," 2,743 ", 420 , 11.1 ," 365,367 "
04-May-2014, 1.00 ,0.105, 0.006 , 0.075 , 0.142 , 0.007 , 0.189 , 0.152 , 3.285 ,4.51," 4,068 ", 613 , 11.6 ," 350,862 "
05-May-2014, -   ,0.022, 0.006 , 0.073 , 0.144 , 0.007 , 0.648 , 0.259 , 1.780 ,2.326," 3,982 ", 651 , 11.5 ," 391,193 "
06-May-2014, -   ,0.21, 0.007 , 0.085 , 0.144 , 0.008 , 0.342 , 0.116 , 2.186 ,2.938," 3,763 ", 581 , 13.1 ," 395,980 "
07-May-2014, -   ,0.338, 0.007 , 0.087 , 0.137 , 0.008 , 0.283 , 0.115 , 2.758 ,3.104," 3,819 ", 614 , 13.4 ," 393,323 "
08-May-2014, -   ,1.118, 0.008 , 0.096 , 0.143 , 0.008 , 0.384 , 0.212 , 2.139 ,3.114," 3,096 ", 478 , 13.8 ," 396,420 "
09-May-2014, -   ,0.229, 0.008 , 0.094 , 0.144 , 0.009 , 0.420 , 0.213 , 1.536 ,1.883," 3,610 ", 588 , 14.3 ," 394,690 "
10-May-2014, 1.00 ,1.709, 0.009 , 0.102 , 0.148 , 0.009 , 0.629 , 0.320 , 1.765 ,2.277," 2,862 ", 463 , 15.1 ," 363,229 "
11-May-2014, 1.00 ,0.801, 0.009 , 0.107 , 0.156 , 0.009 , 0.078 , 0.054 , 2.152 ,2.514," 3,777 ", 602 , 15.4 ," 342,416 "
12-May-2014, -   ,2.797, 0.009 , 0.107 , 0.156 , 0.009 , 0.140 , 0.088 , 1.963 ,2.566," 3,550 ", 568 , 15.1 ," 382,043 "
13-May-2014, -   ,0.3, 0.009 , 0.104 , 0.148 , 0.009 , 0.070 , 0.037 , 1.509 ,1.79," 3,819 ", 597 , 15.3 ," 391,916 "
14-May-2014, -   ,0.227, 0.008 , 0.099 , 0.144 , 0.009 , 0.150 , 0.116 , 1.801 ,2.073," 3,863 ", 604 , 15.3 ," 392,965 "
15-May-2014, -   ,0.074, 0.007 , 0.086 , 0.144 , 0.008 , 0.341 , 0.213 , 1.660 ,1.986," 3,802 ", 603 , 15.1 ," 392,364 "
16-May-2014, -   ,0.094, 0.007 , 0.080 , 0.141 , 0.008 , 0.448 , 0.191 , 1.703 ,2.116," 3,802 ", 613 , 15.6 ," 388,252 "
17-May-2014, 1.00 ,0.074, 0.008 , 0.090 , 0.143 , 0.008 , 0.700 , 0.299 , 1.740 ,1.935," 3,298 ", 590 , 15.8 ," 353,190 "
18-May-2014, 1.00 ,0.016, 0.008 , 0.099 , 0.150 , 0.009 , 0.640 , 0.341 , 1.722 ,1.954," 1,881 ", 402 , 15.4 ," 348,439 "
19-May-2014, -   ,0.074, 0.008 , 0.099 , 0.152 , 0.009 , 0.668 , 0.256 , 1.655 ,2.162," 3,279 ", 572 , 16.8 ," 383,170 "
20-May-2014, -   ,0.108, 0.009 , 0.106 , 0.144 , 0.010 , 0.512 , 0.282 , 1.647 ,2.193," 2,944 ", 454 , 16.5 ," 388,780 "
21-May-2014, -   ,0.033, 0.009 , 0.104 , 0.152 , 0.010 , 0.039 , 0.028 , 1.534 ,1.878," 3,556 ", 563 , 16.4 ," 390,102 "
22-May-2014, -   ,0.071, 0.008 , 0.098 , 0.099 , 0.009 , 0.589 , 0.157 , 1.619 ,2.15," 3,512 ", 580 , 16.5 ," 386,515 "
23-May-2014, -   ,0.286, 0.009 , 0.111 , 0.106 , 0.010 , 0.405 , 0.241 , 1.790 ,2.319," 3,181 ", 529 , 17.1 ," 378,948 "
24-May-2014, 1.00 ,0.124, 0.009 , 0.109 , 0.120 , 0.010 , 0.307 , 0.120 , 1.476 ,2.192," 3,194 ", 527 , 17.2 ," 347,621 "
25-May-2014, 1.00 ,0.025, 0.009 , 0.109 , 0.153 , 0.010 , 0.303 , 0.165 , 1.406 ,2.055," 3,270 ", 545 , 17.8 ," 337,640 "
26-May-2014, -   ,0.086, 0.010 , 0.113 , 0.152 , 0.010 , 0.897 , 0.438 , 2.039 ,2.693," 3,117 ", 541 , 17.8 ," 379,914 "
27-May-2014, -   ,4.09, 0.009 , 0.107 , 0.147 , 0.010 , 0.447 , 0.290 , 2.915 ,3.568," 2,188 ", 372 , 18.0 ," 378,557 "
28-May-2014, -   ,0.068, 0.008 , 0.096 , 0.151 , 0.008 , 0.101 , 0.048 , 2.294 ,3.031," 3,363 ", 548 , 16.4 ," 378,524 "
29-May-2014, -   ,1.227, 0.009 , 0.102 , 0.140 , 0.009 , 0.285 , 0.132 , 2.070 ,2.348," 3,037 ", 550 , 14.6 ," 384,562 "
30-May-2014, -   ,2.178, 0.009 , 0.110 , 0.146 , 0.010 , 0.466 , 0.193 , 1.633 ,2.082," 2,729 ", 492 , 15.0 ," 381,035 "
31-May-2014, 1.00 ,4.568, 0.010 , 0.120 , 0.156 , 0.010 , 0.633 , 0.353 , 2.201 ,2.486," 2,211 ", 454 , 15.6 ," 356,415 "
01-Jun-2014, 1.00 ,7.378, 0.010 , 0.116 , 0.168 , 0.011 , 0.733 , 0.349 , 1.523 ,2.034," 1,527 ", 287 , 15.3 ," 354,223 "
02-Jun-2014, -   ,0.958, 0.008 , 0.091 , 0.157 , 0.009 , 0.234 , 0.100 , 1.893 ,2.339," 3,046 ", 499 , 14.1 ," 388,186 "
03-Jun-2014, -   ,0.189, 0.007 , 0.084 , 0.160 , 0.007 , 0.124 , 0.068 , 2.011 ,2.35," 3,131 ", 514 , 13.0 ," 391,231 "
04-Jun-2014, -   ,3.895, 0.009 , 0.103 , 0.147 , 0.010 , 0.724 , 0.294 , 1.476 ,1.641," 2,857 ", 513 , 13.4 ," 400,982 "
05-Jun-2014, -   ,5.144, 0.010 , 0.115 , 0.146 , 0.010 , 0.661 , 0.317 , 1.909 ,3.256," 2,182 ", 391 , 14.3 ," 403,441 "
06-Jun-2014, -   ,5.393, 0.008 , 0.101 , 0.144 , 0.009 , 0.338 , 0.223 , 2.870 ,3.502," 1,888 ", 354 , 13.6 ," 398,136 "
07-Jun-2014, 1.00 ,0.485, 0.008 , 0.091 , 0.145 , 0.008 , 0.148 , 0.083 , 2.503 ,3.231," 3,007 ", 510 , 12.5 ," 367,624 "
08-Jun-2014, 1.00 ,0.912, 0.007 , 0.085 , 0.150 , 0.008 , 0.269 , 0.176 , 2.632 ,3.388," 2,580 ", 475 , 12.0 ," 360,683 "
09-Jun-2014, -   ,6.329, 0.008 , 0.099 , 0.160 , 0.009 , 0.427 , 0.198 , 2.694 ,3.049," 2,304 ", 377 , 12.2 ," 367,887 "
10-Jun-2014, -   ,1.717, 0.007 , 0.092 , 0.161 , 0.008 , 0.456 , 0.233 , 2.104 ,2.586," 2,510 ", 445 , 13.5 ," 406,541 "
11-Jun-2014, -   ,0.104, 0.007 , 0.086 , 0.144 , 0.008 , 0.714 , 0.351 , 1.336 ,1.753," 2,200 ", 372 , 12.9 ," 407,949 "
12-Jun-2014, -   ,0.173, 0.007 , 0.085 , 0.142 , 0.008 , 0.586 , 0.314 , 1.598 ,1.855," 2,453 ", 393 , 13.1 ," 405,515 "
13-Jun-2014, -   ,4.311, 0.008 , 0.096 , 0.125 , 0.009 , 0.775 , 0.356 , 1.774 ,2.016," 1,892 ", 332 , 12.9 ," 406,455 "
14-Jun-2014, 1.00 ,2.623, 0.008 , 0.095 , 0.120 , 0.009 , 0.321 , 0.154 , 2.295 ,3.575," 2,578 ", 471 , 13.4 ," 375,852 "
15-Jun-2014, 1.00 ,0.576, 0.007 , 0.079 , 0.120 , 0.007 , 0.398 , 0.243 , 3.145 ,4.363," 2,007 ", 342 , 11.4 ," 378,021 "
16-Jun-2014, -   ,0.308, 0.006 , 0.077 , 0.132 , 0.007 , 0.101 , 0.047 , 2.413 ,3.181," 3,113 ", 514 , 10.9 ," 408,684 "
17-Jun-2014, -   ,0.129, 0.007 , 0.084 , 0.150 , 0.007 , 0.157 , 0.049 , 2.523 ,3.237," 3,110 ", 517 , 11.7 ," 409,748 "
18-Jun-2014, -   ,0.183, 0.007 , 0.084 , 0.147 , 0.007 , 0.080 , 0.051 , 1.504 ,2.227," 3,109 ", 515 , 12.0 ," 411,292 "
19-Jun-2014, -   ,0.059, 0.008 , 0.091 , 0.124 , 0.008 , 0.674 , 0.205 , 1.776 ,2.233," 2,827 ", 502 , 12.4 ," 411,982 "
20-Jun-2014, -   ,0.712, 0.008 , 0.091 , 0.118 , 0.008 , 0.160 , 0.082 , 1.716 ,2.186," 2,835 ", 488 , 13.7 ," 400,748 "
21-Jun-2014, 1.00 ,1.078, 0.007 , 0.079 , 0.113 , 0.007 , 0.139 , 0.061 , 1.434 ,1.792," 3,044 ", 510 , 12.9 ," 375,340 "
22-Jun-2014, 1.00 ,0.182, 0.007 , 0.084 , 0.120 , 0.007 , 0.432 , 0.218 , 1.494 ,2.318," 2,726 ", 498 , 12.6 ," 369,776 "
23-Jun-2014, -   ,1.262, 0.006 , 0.076 , 0.108 , 0.007 , 0.517 , 0.299 , 3.219 ,4.218," 1,882 ", 337 , 12.0 ," 418,738 "
24-Jun-2014, -   ,1.455, 0.006 , 0.069 , 0.108 , 0.007 , 0.153 , 0.076 , 3.945 ,5.138," 2,940 ", 488 , 10.9 ," 424,684 "
25-Jun-2014, -   ,0.251, 0.006 , 0.072 , 0.102 , 0.006 , 0.090 , 0.037 , 3.280 ,4.71," 3,134 ", 522 , 11.5 ," 410,697 "
26-Jun-2014, -   ,0.14, 0.006 , 0.076 , 0.090 , 0.007 , 0.267 , 0.188 , 2.368 ,3.477," 3,062 ", 511 , 12.1 ," 405,921 "
27-Jun-2014, -   ,0.046, 0.006 , 0.072 , 0.096 , 0.006 , 0.551 , 0.307 , 2.480 ,3.473," 2,778 ", 436 , 11.8 ," 403,669 "
28-Jun-2014, 1.00 ,2.16, 0.006 , 0.071 , 0.095 , 0.007 , 0.259 , 0.162 , 3.763 ,4.081," 2,643 ", 419 , 11.7 ," 381,622 "
29-Jun-2014, 1.00 ,0.673, 0.005 , 0.062 , 0.101 , 0.006 , 0.257 , 0.106 , 3.517 ,4.358," 2,921 ", 482 , 9.4 ," 379,224 "
30-Jun-2014, -   ,0.112, 0.005 , 0.065 , 0.104 , 0.006 , 0.102 , 0.046 , 2.994 ,3.393," 3,124 ", 511 , 9.1 ," 423,562 "
01-Jul-2014, -   ,0.006, 0.006 , 0.067 , 0.114 , 0.006 , 0.161 , 0.060 , 2.073 ,2.593," 3,125 ", 518 , 9.7 ," 433,651 "
02-Jul-2014, -   ,0.01, 0.006 , 0.067 , 0.126 , 0.006 , 0.044 , 0.017 , 1.750 ,2.491," 3,222 ", 525 , 10.3 ," 432,187 "
03-Jul-2014, -   ,0.017, 0.005 , 0.061 , 0.125 , 0.006 , 0.024 , 0.015 , 1.529 ,2.027," 3,307 ", 538 , 10.3 ," 431,569 "
04-Jul-2014, -   ,0.092, 0.005 , 0.063 , 0.115 , 0.006 , 0.110 , 0.033 , 2.042 ,2.791," 3,301 ", 548 , 10.6 ," 419,221 "
05-Jul-2014, 1.00 ,0.288, 0.006 , 0.071 , 0.112 , 0.006 , 0.111 , 0.049 , 2.969 ,3.35," 3,136 ", 517 , 10.3 ," 390,711 "
06-Jul-2014, 1.00 ,0.117, 0.006 , 0.068 , 0.124 , 0.006 , 0.168 , 0.052 , 2.780 ,3.306," 3,163 ", 516 , 10.0 ," 380,716 "
07-Jul-2014, -   ,0.004, 0.006 , 0.068 , 0.134 , 0.006 , 0.099 , 0.041 , 2.194 ,2.987," 3,253 ", 531 , 10.0 ," 420,110 "
08-Jul-2014, -   ,0.047, 0.005 , 0.060 , 0.095 , 0.005 , 0.049 , 0.018 , 1.847 ,2.625," 3,368 ", 545 , 9.8 ," 432,612 "
09-Jul-2014, -   ,0.722, 0.005 , 0.060 , 0.102 , 0.006 , 0.208 , 0.084 , 2.949 ,3.803," 3,165 ", 544 , 10.3 ," 427,800 "
10-Jul-2014, -   ,0.256, 0.005 , 0.065 , 0.084 , 0.006 , 0.200 , 0.118 , 3.695 ,4.618," 2,845 ", 433 , 9.3 ," 426,709 "
11-Jul-2014, -   ,0.269, 0.005 , 0.061 , 0.077 , 0.006 , 0.061 , 0.026 , 2.300 ,3.116," 3,363 ", 544 , 9.9 ," 417,241 "
12-Jul-2014, 1.00 ,0.528, 0.005 , 0.062 , 0.072 , 0.006 , 0.156 , 0.060 , 2.918 ,3.33," 3,202 ", 522 , 9.4 ," 398,029 "
13-Jul-2014, 1.00 ,0.576, 0.006 , 0.072 , 0.073 , 0.006 , 0.133 , 0.069 , 2.429 ,3.368," 3,205 ", 529 , 8.6 ," 396,455 "
14-Jul-2014, -   ,0.686, 0.007 , 0.082 , 0.092 , 0.008 , 0.804 , 0.321 , 1.394 ,1.969," 2,682 ", 515 , 10.1 ," 437,568 "
15-Jul-2014, -   ,3.502, 0.008 , 0.096 , 0.084 , 0.008 , 0.699 , 0.329 , 1.781 ,2.171," 2,122 ", 379 , 12.0 ," 440,848 "
16-Jul-2014, -   ,0.697, 0.007 , 0.083 , 0.096 , 0.008 , 0.180 , 0.130 , 2.460 ,3.197," 2,578 ", 374 , 11.9 ," 425,966 "
17-Jul-2014, -   ,0.868, 0.005 , 0.067 , 0.099 , 0.006 , 0.252 , 0.143 , 3.075 ,4.435," 3,200 ", 533 , 10.5 ," 423,012 "
18-Jul-2014, -   ,0.115, 0.005 , 0.060 , 0.108 , 0.005 , 0.248 , 0.147 , 4.309 ,4.934," 2,898 ", 463 , 8.5 ," 440,025 "
19-Jul-2014, 1.00 ,0.46, 0.006 , 0.077 , 0.108 , 0.007 , 0.527 , 0.284 , 3.726 ,4.565," 2,054 ", 338 , 9.1 ," 417,063 "
20-Jul-2014, 1.00 ,0.289, 0.007 , 0.084 , 0.108 , 0.007 , 0.805 , 0.355 , 2.061 ,3.379," 2,247 ", 383 , 10.5 ," 401,219 "
21-Jul-2014, -   ,0.212, 0.007 , 0.084 , 0.108 , 0.007 , 0.754 , 0.362 , 1.305 ,1.552," 2,166 ", 345 , 11.2 ," 433,794 "
22-Jul-2014, -   ,0.41, 0.007 , 0.083 , 0.105 , 0.007 , 0.185 , 0.113 , 1.450 ,1.685," 3,046 ", 483 , 11.3 ," 433,746 "
23-Jul-2014, -   ,0.081, 0.007 , 0.079 , 0.093 , 0.007 , 0.558 , 0.281 , 1.392 ,1.641," 3,053 ", 542 , 11.2 ," 432,036 "
24-Jul-2014, -   ,0.381, 0.007 , 0.084 , 0.089 , 0.007 , 0.302 , 0.220 , 1.771 ,2.106," 2,728 ", 406 , 12.0 ," 436,731 "
25-Jul-2014, -   ,4.075, 0.008 , 0.096 , 0.095 , 0.008 , 0.333 , 0.180 , 1.889 ,2.294," 2,900 ", 543 , 13.0 ," 424,126 "
26-Jul-2014, 1.00 ,2.025, 0.007 , 0.083 , 0.097 , 0.008 , 0.177 , 0.122 , 2.078 ,2.494," 2,784 ", 406 , 12.5 ," 391,098 "
27-Jul-2014, 1.00 ,0.072, 0.006 , 0.072 , 0.096 , 0.006 , 0.220 , 0.026 , 1.713 ,2.637," 3,776 ", 588 , 11.8 ," 371,451 "
28-Jul-2014, -   ,0.019, 0.006 , 0.069 , 0.100 , 0.006 , 0.474 , 0.226 , 2.037 ,2.716," 3,525 ", 605 , 11.4 ," 410,995 "
29-Jul-2014, -   ,0.054, 0.006 , 0.071 , 0.108 , 0.007 , 0.193 , 0.133 , 2.495 ,3.313," 3,274 ", 493 , 12.5 ," 400,757 "
30-Jul-2014, -   ,0.082, 0.007 , 0.080 , 0.112 , 0.008 , 0.032 , 0.013 , 2.240 ,3.089," 3,800 ", 586 , 13.9 ," 389,165 "
31-Jul-2014, -   ,0.076, 0.006 , 0.070 , 0.098 , 0.006 , 0.020 , 0.011 , 3.263 ,3.539," 3,949 ", 623 , 14.6 ," 382,458 "
01-Aug-2014, -   ,0.488, 0.005 , 0.057 , 0.109 , 0.005 , 0.142 , 0.055 , 3.686 ,4.643," 3,776 ", 594 , 11.9 ," 395,497 "
02-Aug-2014, 1.00 ,0.351, 0.005 , 0.054 , 0.110 , 0.005 , 0.074 , 0.040 , 2.533 ,3.505," 3,892 ", 612 , 8.6 ," 394,899 "
03-Aug-2014, 1.00 ,0.516, 0.006 , 0.065 , 0.110 , 0.006 , 0.081 , 0.047 , 1.417 ,1.72," 3,822 ", 595 , 9.2 ," 394,038 "
04-Aug-2014, -   ,0.072, 0.006 , 0.072 , 0.120 , 0.007 , 0.049 , 0.029 , 1.533 ,1.903," 3,978 ", 616 , 10.8 ," 423,845 "
05-Aug-2014, -   ,0.016, 0.005 , 0.060 , 0.109 , 0.005 , 0.016 , 0.012 , 1.732 ,2.257," 4,137 ", 639 , 10.6 ," 425,059 "
06-Aug-2014, -   ,0.064, 0.005 , 0.062 , 0.096 , 0.006 , 0.168 , 0.072 , 1.963 ,2.331," 4,077 ", 630 , 10.8 ," 424,836 "
07-Aug-2014, -   ,0.21, 0.006 , 0.067 , 0.104 , 0.007 , 0.342 , 0.171 , 1.543 ,1.98," 3,857 ", 635 , 10.7 ," 426,573 "
08-Aug-2014, -   ,0.247, 0.007 , 0.081 , 0.113 , 0.007 , 0.197 , 0.119 , 1.431 ,1.711," 3,633 ", 561 , 11.2 ," 424,208 "
09-Aug-2014, 1.00 ,0.015, 0.006 , 0.069 , 0.112 , 0.007 , 0.540 , 0.251 , 1.750 ,2.484," 3,904 ", 631 , 12.1 ," 382,239 "
10-Aug-2014, 1.00 ,0.116, 0.006 , 0.065 , 0.118 , 0.006 , 0.222 , 0.154 , 2.386 ,3.347," 3,744 ", 566 , 12.4 ," 370,706 "
11-Aug-2014, -   ,2.566, 0.006 , 0.065 , 0.092 , 0.006 , 0.290 , 0.136 , 2.728 ,3.442," 3,822 ", 646 , 9.4 ," 431,458 "
12-Aug-2014, -   ,5.61, 0.006 , 0.074 , 0.084 , 0.007 , 0.486 , 0.240 , 2.421 ,2.947," 2,660 ", 444 , 8.7 ," 443,715 "
13-Aug-2014, -   ,0.197, 0.006 , 0.071 , 0.108 , 0.006 , 0.127 , 0.082 , 2.107 ,2.783," 4,026 ", 621 , 10.0 ," 430,761 "
14-Aug-2014, -   ,0.246, 0.007 , 0.077 , 0.114 , 0.007 , 0.227 , 0.145 , 1.791 ,1.988," 3,611 ", 540 , 10.6 ," 429,195 "
15-Aug-2014, -   ,0.349, 0.007 , 0.079 , 0.099 , 0.007 , 0.360 , 0.139 , 1.352 ,1.682," 3,996 ", 637 , 11.6 ," 416,181 "
16-Aug-2014, 1.00 ,27.84, 0.009 , 0.100 , 0.093 , 0.009 , 0.862 , 0.418 , 2.302 ,2.808," 2,057 ", 440 , 11.9 ," 395,376 "
17-Aug-2014, 1.00 ,27.07, 0.007 , 0.096 , 0.084 , 0.009 , 0.633 , 0.389 , 2.364 ,3.646," 1,735 ", 238 , 12.3 ," 377,920 "
18-Aug-2014, -   ,24.333, 0.008 , 0.096 , 0.090 , 0.008 , 0.755 , 0.350 , 4.380 ,5.409," 2,521 ", 436 , 10.9 ," 426,736 "
19-Aug-2014, -   ,4.315, 0.007 , 0.091 , 0.091 , 0.008 , 0.524 , 0.276 , 3.539 ,4.505," 3,568 ", 573 , 12.4 ," 430,257 "
20-Aug-2014, -   ,1.793, 0.007 , 0.086 , 0.084 , 0.008 , 0.468 , 0.226 , 2.496 ,3.211," 3,410 ", 549 , 11.0 ," 422,766 "
21-Aug-2014, -   ,5.236, 0.008 , 0.094 , 0.086 , 0.008 , 0.347 , 0.184 , 2.192 ,2.653," 3,327 ", 475 , 11.7 ," 420,006 "
22-Aug-2014, -   ,3.587, 0.008 , 0.096 , 0.092 , 0.008 , 0.486 , 0.213 , 1.611 ,2.188," 3,591 ", 610 , 12.7 ," 405,367 "
23-Aug-2014, 1.00 ,4.952, 0.008 , 0.095 , 0.099 , 0.008 , 0.425 , 0.191 , 1.390 ,1.821," 3,401 ", 512 , 12.9 ," 380,506 "
24-Aug-2014, 1.00 ,0.849, 0.008 , 0.095 , 0.088 , 0.008 , 0.195 , 0.089 , 1.252 ,1.752," 4,287 ", 639 , 13.5 ," 358,335 "
25-Aug-2014, -   ,12.533, 0.009 , 0.100 , 0.081 , 0.009 , 0.473 , 0.221 , 1.931 ,2.873," 3,678 ", 657 , 13.1 ," 394,958 "
26-Aug-2014, -   ,24.392, 0.008 , 0.103 , 0.077 , 0.009 , 0.575 , 0.304 , 2.888 ,3.599," 2,347 ", 442 , 13.0 ," 415,694 "
27-Aug-2014, -   ,11.061, 0.008 , 0.096 , 0.084 , 0.008 , 0.411 , 0.186 , 3.210 ,3.767," 4,026 ", 633 , 13.3 ," 409,896 "
28-Aug-2014, -   ,1.78, 0.007 , 0.086 , 0.084 , 0.008 , 0.193 , 0.100 , 2.917 ,3.735," 4,505 ", 684 , 12.9 ," 410,453 "
29-Aug-2014, -   ,1.172, 0.007 , 0.089 , 0.096 , 0.008 , 0.394 , 0.136 , 3.678 ,3.903," 4,388 ", 704 , 12.2 ," 407,884 "
30-Aug-2014, 1.00 ,1.096, 0.008 , 0.101 , 0.095 , 0.009 , 0.300 , 0.162 , 2.677 ,3.721," 3,429 ", 546 , 12.6 ," 378,029 "
31-Aug-2014, 1.00 ,0.053, 0.008 , 0.091 , 0.084 , 0.008 , 0.140 , 0.094 , 1.534 ,1.744," 5,090 ", 734 , 13.6 ," 349,188 "
01-Sep-2014, -   ,0.537, 0.007 , 0.089 , 0.084 , 0.009 , 0.860 , 0.434 , 1.850 ,2.419," 3,535 ", 713 , 13.8 ," 380,392 "
02-Sep-2014, -   ,4.753, 0.006 , 0.079 , 0.078 , 0.007 , 0.588 , 0.288 , 4.083 ,5.244," 3,169 ", 463 , 12.0 ," 400,798 "
03-Sep-2014, -   ,0.346, 0.006 , 0.072 , 0.072 , 0.006 , 0.225 , 0.145 , 4.058 ,5.346," 4,398 ", 637 , 10.4 ," 410,885 "
04-Sep-2014, -   ,2.322, 0.007 , 0.078 , 0.072 , 0.007 , 0.593 , 0.280 , 3.201 ,4.064," 4,317 ", 662 , 10.6 ," 413,175 "
05-Sep-2014, -   ,4.683, 0.007 , 0.086 , 0.072 , 0.008 , 0.306 , 0.189 , 2.785 ,3.508," 4,282 ", 651 , 11.2 ," 403,841 "
06-Sep-2014, 1.00 ,3.954, 0.007 , 0.087 , 0.072 , 0.008 , 0.285 , 0.137 , 2.140 ,3.046," 4,624 ", 684 , 11.9 ," 377,158 "
07-Sep-2014, 1.00 ,1.209, 0.008 , 0.088 , 0.074 , 0.008 , 0.246 , 0.125 , 1.366 ,1.727," 4,693 ", 695 , 12.6 ," 358,013 "
08-Sep-2014, -   ,0.261, 0.008 , 0.096 , 0.061 , 0.008 , 0.111 , 0.068 , 2.419 ,2.777," 5,180 ", 745 , 13.7 ," 382,270 "
09-Sep-2014, -   ,7.939, 0.010 , 0.111 , 0.061 , 0.010 , 0.419 , 0.153 , 2.622 ,2.984," 4,939 ", 750 , 15.3 ," 375,770 "
10-Sep-2014, -   ,0.113, 0.007 , 0.091 , 0.067 , 0.009 , 0.040 , 0.028 , 2.264 ,3.038," 5,511 ", 757 , 15.4 ," 367,746 "
11-Sep-2014, -   ,0.207, 0.008 , 0.088 , 0.072 , 0.008 , 0.126 , 0.087 , 1.786 ,2.298," 5,455 ", 822 , 14.3 ," 370,902 "
12-Sep-2014, -   ,0.738, 0.007 , 0.089 , 0.071 , 0.008 , 0.506 , 0.244 , 1.590 ,2.111," 3,703 ", 535 , 13.1 ," 382,801 "
13-Sep-2014, 1.00 ,0.266, 0.008 , 0.096 , 0.065 , 0.009 , 0.177 , 0.118 , 1.502 ,1.759," 4,607 ", 644 , 13.9 ," 351,099 "
14-Sep-2014, 1.00 ,0.139, 0.008 , 0.096 , 0.065 , 0.009 , 0.117 , 0.050 , 1.397 ,1.814," 5,871 ", 835 , 14.9 ," 335,044 "
15-Sep-2014, -   ,0.432, 0.008 , 0.096 , 0.070 , 0.009 , 0.512 , 0.154 , 1.859 ,3.109," 5,344 ", 795 , 14.7 ," 370,269 "
16-Sep-2014, -   ,0.619, 0.008 , 0.097 , 0.072 , 0.009 , 0.184 , 0.082 , 2.602 ,3.546," 5,514 ", 764 , 15.5 ," 366,614 "
17-Sep-2014, -   ,0.028, 0.006 , 0.067 , 0.071 , 0.006 , 0.036 , 0.019 , 2.867 ,3.391," 6,169 ", 849 , 14.0 ," 360,202 "
18-Sep-2014, -   ,0.02, 0.006 , 0.065 , 0.060 , 0.006 , 0.288 , 0.183 , 1.868 ,2.803," 6,037 ", 871 , 12.0 ," 374,089 "
19-Sep-2014, -   ,0.191, 0.006 , 0.065 , 0.063 , 0.006 , 0.294 , 0.195 , 1.349 ,2.171," 5,780 ", 797 , 11.7 ," 379,902 "
20-Sep-2014, 1.00 ,0.183, 0.007 , 0.077 , 0.064 , 0.007 , 0.115 , 0.054 , 2.198 ,2.691," 6,050 ", 842 , 12.4 ," 350,715 "
21-Sep-2014, 1.00 ,0.122, 0.007 , 0.084 , 0.060 , 0.007 , 0.272 , 0.120 , 1.539 ,2.003," 5,795 ", 826 , 13.3 ," 335,926 "
22-Sep-2014, -   ,0.033, 0.007 , 0.084 , 0.068 , 0.007 , 0.096 , 0.044 , 1.565 ,1.899," 6,248 ", 850 , 14.4 ," 363,680 "
23-Sep-2014, -   ,0.08, 0.008 , 0.089 , 0.072 , 0.008 , 0.037 , 0.018 , 1.851 ,2.143," 6,391 ", 879 , 14.7 ," 371,586 "
24-Sep-2014, -   ,1.818, 0.009 , 0.107 , 0.084 , 0.010 , 0.514 , 0.222 , 2.080 ,2.412," 5,128 ", 834 , 15.9 ," 374,296 "
25-Sep-2014, -   ,5.238, 0.009 , 0.110 , 0.096 , 0.010 , 0.276 , 0.168 , 2.487 ,3.226," 5,033 ", 712 , 15.9 ," 375,851 "
26-Sep-2014, -   ,0.518, 0.008 , 0.090 , 0.076 , 0.008 , 0.370 , 0.208 , 1.953 ,2.579," 6,108 ", 864 , 14.3 ," 365,561 "
27-Sep-2014, 1.00 ,0.19, 0.007 , 0.084 , 0.061 , 0.008 , 0.047 , 0.034 , 1.731 ,2.094," 6,256 ", 840 , 14.3 ," 335,436 "
28-Sep-2014, 1.00 ,0, 0.008 , 0.090 , 0.060 , 0.009 , 0.015 , 0.010 , 2.329 ,2.788," 6,684 ", 906 , 15.8 ," 316,373 "
29-Sep-2014, -   ,0.002, 0.008 , 0.096 , 0.074 , 0.009 , 0.015 , 0.011 , 1.549 ,2.131," 6,651 ", 899 , 18.7 ," 354,162 "
30-Sep-2014, -   ,0.022, 0.008 , 0.090 , 0.084 , 0.009 , 0.077 , 0.059 , 2.947 ,4.11," 6,372 ", 801 , 19.7 ," 365,293 "
01-Oct-2014, -   ,0.004, 0.006 , 0.065 , 0.084 , 0.006 , 0.015 , 0.008 , 2.370 ,3.746," 7,024 ", 938 , 15.2 ," 355,383 "
02-Oct-2014, -   ,0.004, 0.007 , 0.082 , 0.084 , 0.008 , 0.020 , 0.014 , 1.309 ,1.725," 6,931 ", 923 , 14.6 ," 360,641 "
03-Oct-2014, -   ,0.005, 0.009 , 0.101 , 0.084 , 0.009 , 0.178 , 0.076 , 1.796 ,2.421," 6,330 ", 866 , 15.6 ," 359,510 "
04-Oct-2014, 1.00 ,0.015, 0.009 , 0.099 , 0.084 , 0.010 , 0.157 , 0.105 , 1.942 ,2.239," 6,892 ", 915 , 17.8 ," 329,744 "
05-Oct-2014, 1.00 ,0.089, 0.009 , 0.097 , 0.091 , 0.010 , 0.152 , 0.060 , 1.620 ,2.452," 6,918 ", 933 , 20.0 ," 321,123 "
06-Oct-2014, -   ,1.816, 0.010 , 0.111 , 0.090 , 0.010 , 0.521 , 0.149 , 2.455 ,2.903," 6,323 ", 918 , 20.1 ," 326,289 "
07-Oct-2014, -   ,1.438, 0.009 , 0.099 , 0.078 , 0.009 , 0.190 , 0.085 , 1.764 ,2.155," 6,606 ", 913 , 19.5 ," 365,485 "
08-Oct-2014, -   ,0.773, 0.008 , 0.095 , 0.072 , 0.008 , 0.292 , 0.154 , 1.541 ,2.501," 5,568 ", 708 , 15.6 ," 362,804 "
09-Oct-2014, -   ,0.025, 0.008 , 0.091 , 0.072 , 0.008 , 0.363 , 0.203 , 1.902 ,2.633," 6,731 ", 863 , 16.5 ," 364,002 "
10-Oct-2014, -   ,0.001, 0.009 , 0.101 , 0.074 , 0.010 , 0.442 , 0.246 , 1.786 ,2.342," 6,269 ", 813 , 17.6 ," 362,119 "
11-Oct-2014, 1.00 ,0.053, 0.009 , 0.099 , 0.082 , 0.010 , 0.091 , 0.045 , 1.664 ,2.021," 7,305 ", 950 , 19.6 ," 334,796 "
12-Oct-2014, 1.00 ,0.946, 0.010 , 0.113 , 0.063 , 0.011 , 0.263 , 0.108 , 2.493 ,3.006," 7,087 ", 955 , 20.0 ," 324,216 "
13-Oct-2014, -   ,11.711, 0.010 , 0.115 , 0.059 , 0.012 , 0.574 , 0.298 , 2.678 ,4.35," 4,633 ", 807 , 19.1 ," 362,477 "
14-Oct-2014, -   ,36.394, 0.007 , 0.085 , 0.060 , 0.008 , 0.781 , 0.390 , 4.326 ,5.168," 3,558 ", 515 , 12.7 ," 371,206 "
15-Oct-2014, -   ,1.106, 0.007 , 0.077 , 0.070 , 0.007 , 0.345 , 0.214 , 2.619 ,4.932," 5,216 ", 798 , 12.0 ," 381,545 "
16-Oct-2014, -   ,0.872, 0.007 , 0.079 , 0.074 , 0.008 , 0.058 , 0.033 , 1.759 ,3.025," 7,447 ", 985 , 14.2 ," 369,684 "
17-Oct-2014, -   ,0.362, 0.007 , 0.084 , 0.060 , 0.007 , 0.126 , 0.063 , 2.303 ,3.192," 6,891 ", 850 , 14.5 ," 362,622 "
18-Oct-2014, 1.00 ,0.013, 0.007 , 0.087 , 0.062 , 0.008 , 0.064 , 0.030 , 1.871 ,2.258," 7,631 ", 985 , 15.6 ," 328,369 "
19-Oct-2014, 1.00 ,0.005, 0.009 , 0.099 , 0.074 , 0.009 , 0.403 , 0.149 , 2.257 ,4.272," 7,369 ", 976 , 18.1 ," 319,985 "
20-Oct-2014, -   ,1.399, 0.008 , 0.094 , 0.084 , 0.008 , 0.499 , 0.279 , 2.841 ,3.871," 5,870 ", 873 , 17.4 ," 357,752 "
21-Oct-2014, -   ,0.13, 0.008 , 0.093 , 0.072 , 0.008 , 0.265 , 0.178 , 2.183 ,2.408," 5,831 ", 790 , 16.3 ," 367,348 "
22-Oct-2014, -   ,0.023, 0.009 , 0.104 , 0.072 , 0.010 , 0.185 , 0.112 , 1.974 ,2.595," 7,550 ", 984 , 17.9 ," 362,825 "
23-Oct-2014, -   ,1.135, 0.011 , 0.127 , 0.067 , 0.012 , 0.525 , 0.273 , 1.476 ,1.85," 6,285 ", 767 , 20.1 ," 374,353 "
24-Oct-2014, -   ,0.277, 0.011 , 0.127 , 0.079 , 0.012 , 0.644 , 0.215 , 2.166 ,2.59," 6,677 ", 847 , 21.3 ," 378,049 "
25-Oct-2014, 1.00 ,0.458, 0.012 , 0.136 , 0.072 , 0.012 , 0.475 , 0.162 , 1.783 ,2.439," 7,393 ", 965 , 22.2 ," 347,757 "
26-Oct-2014, 1.00 ,0.063, 0.011 , 0.124 , 0.081 , 0.011 , 0.386 , 0.112 , 1.965 ,3.146," 7,625 ", 996 , 22.6 ," 339,415 "
27-Oct-2014, -   ,0.11, 0.008 , 0.105 , 0.084 , 0.011 , 0.257 , 0.193 , 2.483 ,3.525," 6,593 ", 878 , 22.0 ," 377,887 "
28-Oct-2014, -   ,0.004, 0.007 , 0.085 , 0.096 , 0.008 , 0.185 , 0.031 , 1.941 ,2.497," 8,148 "," 1,019 ", 19.2 ," 361,365 "
29-Oct-2014, -   ,0.003, 0.009 , 0.099 , 0.098 , 0.010 , 0.133 , 0.095 , 1.969 ,2.966," 7,920 "," 1,020 ", 18.8 ," 362,379 "
30-Oct-2014, -   ,0.004, 0.009 , 0.090 , 0.085 , 0.010 , 0.144 , 0.102 , 1.512 ,1.729," 7,891 ", 971 , 20.8 ," 378,074 "
31-Oct-2014, -   ,0.199, 0.011 , 0.117 , 0.095 , 0.012 , 0.645 , 0.224 , 2.553 ,3.623," 7,732 "," 1,013 ", 22.9 ," 391,989 "
01-Nov-2014, 1.00 ,1.817, 0.008 , 0.097 , 0.084 , 0.011 , 0.200 , 0.138 , 3.305 ,3.825," 7,153 ", 935 , 23.0 ," 362,840 "
02-Nov-2014, 1.00 ,0.057, 0.006 , 0.065 , 0.087 , 0.007 , 0.111 , 0.072 , 1.950 ,3.185," 8,318 "," 1,060 ", 16.4 ," 312,939 "
03-Nov-2014, -   ,0.053, 0.008 , 0.094 , 0.093 , 0.009 , 0.431 , 0.224 , 1.911 ,2.65," 6,922 ", 955 , 16.6 ," 357,525 "
04-Nov-2014, -   ,0.741, 0.010 , 0.113 , 0.096 , 0.010 , 0.508 , 0.198 , 2.287 ,3.251," 7,328 ", 986 , 18.9 ," 366,009 "
05-Nov-2014, -   ,7.349, 0.010 , 0.114 , 0.096 , 0.011 , 0.529 , 0.357 , 2.490 ,3.306," 5,226 ", 811 , 19.3 ," 367,267 "
06-Nov-2014, -   ,0.4, 0.008 , 0.090 , 0.096 , 0.008 , 0.837 , 0.423 , 1.665 ,3.128," 7,417 ", 934 , 18.1 ," 364,066 "
07-Nov-2014, -   ,0.01, 0.009 , 0.099 , 0.104 , 0.009 , 0.281 , 0.163 , 1.732 ,2.326," 8,386 "," 1,023 ", 18.9 ," 365,018 "
08-Nov-2014, 1.00 ,0.003, 0.009 , 0.101 , 0.100 , 0.010 , 0.149 , 0.096 , 2.071 ,2.98," 8,541 "," 1,058 ", 20.2 ," 337,148 "
09-Nov-2014, 1.00 ,0.058, 0.010 , 0.119 , 0.096 , 0.011 , 0.410 , 0.200 , 1.990 ,2.972," 8,067 "," 1,014 ", 20.9 ," 329,937 "
10-Nov-2014, -   ,0.352, 0.009 , 0.112 , 0.084 , 0.010 , 0.184 , 0.075 , 2.321 ,3.613," 7,957 ", 968 , 20.4 ," 370,390 "
11-Nov-2014, -   ,0.453, 0.009 , 0.103 , 0.085 , 0.009 , 0.397 , 0.184 , 2.038 ,3.117," 6,777 ", 865 , 18.8 ," 366,200 "
12-Nov-2014, -   ,0.022, 0.009 , 0.104 , 0.100 , 0.010 , 0.331 , 0.172 , 1.985 ,2.862," 8,252 "," 1,025 ", 19.3 ," 366,044 "
13-Nov-2014, -   ,0.009, 0.010 , 0.117 , 0.094 , 0.011 , 0.638 , 0.291 , 2.248 ,2.974," 8,113 ", 988 , 21.2 ," 376,914 "
14-Nov-2014, -   ,0.012, 0.010 , 0.112 , 0.089 , 0.012 , 0.849 , 0.431 , 2.432 ,3.724," 7,271 ", 996 , 26.0 ," 417,993 "
15-Nov-2014, 1.00 ,5.566, 0.011 , 0.131 , 0.075 , 0.012 , 0.792 , 0.346 , 2.347 ,3.578," 5,966 ", 762 , 22.7 ," 344,235 "
16-Nov-2014, 1.00 ,0.581, 0.008 , 0.095 , 0.072 , 0.009 , 0.137 , 0.060 , 2.700 ,4.696," 8,386 ", 984 , 20.8 ," 322,334 "
17-Nov-2014, -   ,0.233, 0.009 , 0.095 , 0.084 , 0.010 , 0.263 , 0.157 , 1.879 ,3.16," 8,626 "," 1,057 ", 19.5 ," 359,749 "
18-Nov-2014, -   ,0.304, 0.009 , 0.106 , 0.084 , 0.010 , 0.312 , 0.166 , 2.091 ,3.327," 8,529 "," 1,059 ", 20.0 ," 370,148 "
19-Nov-2014, -   ,0.435, 0.010 , 0.117 , 0.085 , 0.011 , 0.333 , 0.226 , 2.290 ,3.309," 7,995 ", 918 , 20.6 ," 374,710 "
20-Nov-2014, -   ,0.028, 0.010 , 0.111 , 0.093 , 0.012 , 0.761 , 0.302 , 2.230 ,2.898," 8,360 "," 1,025 ", 24.2 ," 407,020 "
21-Nov-2014, -   ,0.081, 0.010 , 0.112 , 0.093 , 0.012 , 0.425 , 0.152 , 2.332 ,3.335," 8,547 "," 1,045 ", 26.3 ," 435,438 "
22-Nov-2014, 1.00 ,0.064, 0.011 , 0.124 , 0.110 , 0.012 , 0.307 , 0.223 , 1.810 ,2.78," 8,671 "," 1,056 ", 23.9 ," 368,362 "
23-Nov-2014, 1.00 ,1.117, 0.012 , 0.134 , 0.102 , 0.014 , 0.644 , 0.257 , 2.046 ,2.745," 7,225 "," 1,033 ", 27.4 ," 397,817 "
24-Nov-2014, -   ,6.463, 0.013 , 0.141 , 0.087 , 0.015 , 0.801 , 0.376 , 2.179 ,2.816," 5,968 ", 927 , 24.2 ," 417,637 "
25-Nov-2014, -   ,0.692, 0.009 , 0.098 , 0.092 , 0.009 , 0.393 , 0.215 , 2.314 ,3.492," 8,406 "," 1,012 ", 21.3 ," 384,442 "
26-Nov-2014, -   ,2.538, 0.010 , 0.115 , 0.090 , 0.011 , 0.263 , 0.118 , 2.518 ,3.536," 7,749 ", 963 , 20.8 ," 376,300 "
27-Nov-2014, -   ,1.708, 0.009 , 0.105 , 0.103 , 0.010 , 0.261 , 0.116 , 2.336 ,2.904," 7,230 ", 868 , 19.6 ," 371,999 "
28-Nov-2014, -   ,0.154, 0.009 , 0.105 , 0.096 , 0.010 , 0.133 , 0.050 , 2.155 ,2.721," 8,799 "," 1,052 ", 20.0 ," 367,144 "
29-Nov-2014, 1.00 ,0.255, 0.010 , 0.117 , 0.103 , 0.011 , 0.376 , 0.169 , 2.233 ,3.142," 8,491 "," 1,056 ", 21.8 ," 350,172 "
30-Nov-2014, 1.00 ,7.063, 0.012 , 0.138 , 0.089 , 0.013 , 0.751 , 0.307 , 1.986 ,2.527," 6,349 ", 975 , 22.8 ," 349,495 "
01-Dec-2014, -   ,10.295, 0.013 , 0.148 , 0.072 , 0.014 , 0.609 , 0.269 , 2.250 ,2.838," 6,743 ", 854 , 22.8 ," 396,509 "
02-Dec-2014, -   ,1.689, 0.013 , 0.145 , 0.072 , 0.014 , 0.610 , 0.280 , 1.979 ,2.634," 7,337 "," 1,003 ", 24.3 ," 418,305 "
03-Dec-2014, -   ,10.963, 0.014 , 0.163 , 0.071 , 0.015 , 0.938 , 0.469 , 1.574 ,1.967," 4,443 ", 848 , 24.2 ," 422,624 "
04-Dec-2014, -   ,9.564, 0.014 , 0.169 , 0.084 , 0.015 , 0.829 , 0.387 , 1.638 ,2.192," 4,102 ", 661 , 22.5 ," 410,234 "
05-Dec-2014, -   ,7.951, 0.013 , 0.156 , 0.084 , 0.014 , 0.724 , 0.295 , 1.658 ,2.251," 5,993 ", 878 , 22.8 ," 398,409 "
06-Dec-2014, 1.00 ,19.722, 0.013 , 0.156 , 0.084 , 0.014 , 0.624 , 0.313 , 1.690 ,2.11," 5,387 ", 823 , 21.1 ," 352,240 "
07-Dec-2014, 1.00 ,8.211, 0.014 , 0.159 , 0.096 , 0.014 , 0.307 , 0.195 , 1.949 ,2.696," 7,383 ", 925 , 21.9 ," 341,709 "
08-Dec-2014, -   ,3.146, 0.012 , 0.141 , 0.108 , 0.013 , 0.232 , 0.105 , 1.855 ,2.484," 8,065 "," 1,022 ", 23.6 ," 393,065 "
09-Dec-2014, -   ,0.835, 0.012 , 0.143 , 0.107 , 0.012 , 0.423 , 0.163 , 1.872 ,2.86," 7,687 ", 957 , 21.8 ," 388,224 "
10-Dec-2014, -   ,12.887, 0.014 , 0.159 , 0.096 , 0.015 , 0.756 , 0.318 , 2.182 ,2.843," 6,438 ", 991 , 22.6 ," 388,907 "
11-Dec-2014, -   ,12.612, 0.010 , 0.131 , 0.088 , 0.014 , 0.535 , 0.281 , 4.149 ,5.386," 5,586 ", 726 , 20.5 ," 373,750 "
12-Dec-2014, -   ,1.015, 0.009 , 0.105 , 0.093 , 0.009 , 0.391 , 0.180 , 3.488 ,4.503," 7,006 ", 837 , 18.1 ," 352,694 "
13-Dec-2014, 1.00 ,0.35, 0.008 , 0.097 , 0.099 , 0.009 , 0.256 , 0.162 , 2.103 ,3.018," 7,240 ", 887 , 18.4 ," 328,635 "
14-Dec-2014, 1.00 ,0.144, 0.010 , 0.110 , 0.095 , 0.010 , 0.217 , 0.046 , 1.769 ,2.629," 9,093 "," 1,075 ", 19.9 ," 325,128 "
15-Dec-2014, -   ,0.268, 0.011 , 0.124 , 0.075 , 0.011 , 0.182 , 0.069 , 2.327 ,3.763," 8,759 "," 1,082 ", 21.6 ," 375,902 "
16-Dec-2014, -   ,0.292, 0.010 , 0.125 , 0.081 , 0.012 , 0.093 , 0.065 , 2.741 ,4.021," 8,654 "," 1,048 ", 23.7 ," 378,437 "
17-Dec-2014, -   ,0.431, 0.009 , 0.114 , 0.095 , 0.011 , 0.459 , 0.182 , 2.244 ,3.7," 7,990 "," 1,043 ", 21.3 ," 372,095 "
18-Dec-2014, -   ,1.192, 0.010 , 0.118 , 0.112 , 0.012 , 0.367 , 0.266 , 2.212 ,3.195," 7,300 ", 891 , 21.5 ," 381,310 "
19-Dec-2014, -   ,0.056, 0.008 , 0.097 , 0.104 , 0.009 , 0.143 , 0.036 , 2.326 ,3.754," 9,073 "," 1,085 ", 19.9 ," 360,788 "
20-Dec-2014, 1.00 ,0.072, 0.009 , 0.106 , 0.118 , 0.010 , 0.041 , 0.018 , 1.902 ,2.685," 9,086 "," 1,052 ", 20.0 ," 333,516 "
21-Dec-2014, 1.00 ,0.04, 0.011 , 0.130 , 0.115 , 0.012 , 0.405 , 0.179 , 2.175 ,3.085," 8,424 "," 1,079 ", 22.2 ," 340,122 "
22-Dec-2014, -   ,2.52, 0.012 , 0.139 , 0.105 , 0.012 , 0.711 , 0.261 , 2.614 ,3.242," 6,589 ", 837 , 23.1 ," 384,544 "
23-Dec-2014, -   ,5.564, 0.013 , 0.154 , 0.096 , 0.014 , 0.259 , 0.136 , 1.756 ,2.42," 7,381 ", 953 , 23.2 ," 377,144 "
24-Dec-2014, -   ,1.01, 0.012 , 0.150 , 0.096 , 0.013 , 0.352 , 0.153 , 1.924 ,3.215," 7,297 ", 863 , 22.4 ," 356,832 "
25-Dec-2014, -   ,20.507, 0.014 , 0.153 , 0.109 , 0.016 , 0.474 , 0.172 , 2.176 ,2.952," 7,225 ", 960 , 23.1 ," 316,938 "
26-Dec-2014, -   ,1.177, 0.009 , 0.109 , 0.112 , 0.010 , 0.528 , 0.232 , 2.715 ,4.118," 7,622 "," 1,077 ", 21.5 ," 302,793 "
27-Dec-2014, 1.00 ,3.681, 0.010 , 0.117 , 0.125 , 0.011 , 0.739 , 0.411 , 1.965 ,2.448," 4,700 ", 616 , 18.9 ," 304,801 "
28-Dec-2014, 1.00 ,3.082, 0.012 , 0.135 , 0.115 , 0.012 , 0.269 , 0.170 , 2.024 ,2.592," 6,459 ", 869 , 20.2 ," 308,990 "
29-Dec-2014, -   ,1.334, 0.010 , 0.119 , 0.084 , 0.012 , 0.066 , 0.044 , 2.082 ,2.631," 8,875 "," 1,046 ", 22.9 ," 340,111 "
30-Dec-2014, -   ,0.151, 0.009 , 0.106 , 0.080 , 0.011 , 0.052 , 0.034 , 1.794 ,2.046," 9,247 "," 1,108 ", 22.9 ," 351,861 "
31-Dec-2014, -   ,0.444, 0.012 , 0.134 , 0.084 , 0.013 , 0.316 , 0.100 , 2.224 ,3.127," 8,432 ", 931 , 21.8 ," 341,159 "
01-Jan-2015, -   ,1.602, 0.014 , 0.157 , 0.084 , 0.015 , 0.529 , 0.244 , 1.688 ,2.705," 8,604 "," 1,075 ", 24.5 ," 355,165 "
02-Jan-2015, -   ,0.798, 0.014 , 0.161 , 0.085 , 0.015 , 0.190 , 0.098 , 1.399 ,1.731," 7,721 ", 899 , 24.5 ," 377,831 "
03-Jan-2015, 1.00 ,0.31, 0.013 , 0.153 , 0.105 , 0.014 , 0.159 , 0.099 , 2.426 ,3.217," 9,002 "," 1,060 ", 25.3 ," 383,661 "
04-Jan-2015, 1.00 ,8.104, 0.014 , 0.152 , 0.096 , 0.015 , 0.750 , 0.302 , 2.107 ,2.803," 6,728 "," 1,037 ", 25.4 ," 375,015 "
05-Jan-2015, -   ,0.885, 0.013 , 0.157 , 0.096 , 0.014 , 0.570 , 0.351 , 1.410 ,1.771," 5,503 ", 872 , 22.3 ," 380,328 "
06-Jan-2015, -   ,0.34, 0.013 , 0.150 , 0.106 , 0.014 , 0.658 , 0.292 , 1.737 ,2.399," 8,619 "," 1,037 ", 23.7 ," 399,836 "
07-Jan-2015, -   ,0.333, 0.012 , 0.139 , 0.126 , 0.012 , 0.147 , 0.084 , 2.415 ,3.246," 8,795 "," 1,057 ", 24.4 ," 411,700 "
08-Jan-2015, -   ,1.109, 0.013 , 0.142 , 0.140 , 0.014 , 0.214 , 0.114 , 2.454 ,3.413," 8,376 "," 1,070 ", 24.5 ," 412,936 "
09-Jan-2015, -   ,4.965, 0.015 , 0.166 , 0.139 , 0.016 , 0.704 , 0.282 , 1.896 ,2.394," 6,856 ", 987 , 24.7 ," 422,061 "
10-Jan-2015, 1.00 ,21.75, 0.015 , 0.169 , 0.138 , 0.016 , 0.959 , 0.473 , 1.549 ,2.164," 3,788 ", 743 , 24.0 ," 374,533 "
11-Jan-2015, 1.00 ,13.505, 0.013 , 0.157 , 0.119 , 0.014 , 0.735 , 0.345 , 2.748 ,4.036," 4,722 ", 748 , 21.4 ," 334,010 "
12-Jan-2015, -   ,2.223, 0.013 , 0.160 , 0.085 , 0.014 , 0.308 , 0.138 , 2.581 ,4.024," 7,733 ", 946 , 21.4 ," 370,659 "
13-Jan-2015, -   ,3.979, 0.015 , 0.169 , 0.093 , 0.016 , 0.471 , 0.206 , 2.552 ,3.234," 7,139 ", 868 , 22.8 ," 393,681 "
14-Jan-2015, -   ,0.427, 0.012 , 0.146 , 0.111 , 0.013 , 0.058 , 0.035 , 2.321 ,2.716," 8,684 "," 1,026 ", 24.4 ," 417,653 "
15-Jan-2015, -   ,0.416, 0.012 , 0.134 , 0.116 , 0.012 , 0.061 , 0.014 , 1.727 ,2.787," 8,978 "," 1,065 ", 22.7 ," 401,327 "
16-Jan-2015, -   ,0.009, 0.010 , 0.112 , 0.136 , 0.012 , 0.002 , 0.001 , 1.744 ,2.23," 9,198 "," 1,087 ", 22.8 ," 404,633 "
17-Jan-2015, 1.00 ,0.033, 0.010 , 0.109 , 0.086 , 0.012 , 0.072 , 0.062 , 1.531 ,1.976," 9,174 "," 1,099 ", 23.6 ," 371,572 "
18-Jan-2015, 1.00 ,2.036, 0.011 , 0.123 , 0.078 , 0.012 , 0.618 , 0.202 , 2.617 ,3.482," 8,042 "," 1,059 ", 22.5 ," 358,872 "
19-Jan-2015, -   ,8.887, 0.011 , 0.130 , 0.098 , 0.012 , 0.760 , 0.319 , 2.879 ,3.871," 5,939 ", 747 , 20.4 ," 373,221 "
20-Jan-2015, -   ,4.195, 0.012 , 0.145 , 0.118 , 0.014 , 0.817 , 0.348 , 2.682 ,3.794," 6,139 ", 846 , 20.8 ," 374,107 "
21-Jan-2015, -   ,3.452, 0.014 , 0.159 , 0.126 , 0.014 , 0.529 , 0.264 , 2.256 ,3.112," 6,799 ", 870 , 22.4 ," 399,821 "
22-Jan-2015, -   ,3.249, 0.014 , 0.162 , 0.095 , 0.015 , 0.151 , 0.063 , 2.005 ,2.715," 8,189 ", 995 , 23.5 ," 416,913 "
23-Jan-2015, -   ,2.917, 0.015 , 0.171 , 0.105 , 0.015 , 0.206 , 0.099 , 2.105 ,2.804," 7,839 ", 975 , 24.4 ," 436,775 "
24-Jan-2015, 1.00 ,4.987, 0.015 , 0.171 , 0.114 , 0.015 , 0.402 , 0.151 , 1.784 ,2.283," 7,503 ", 937 , 24.5 ," 396,593 "
25-Jan-2015, 1.00 ,1.473, 0.012 , 0.142 , 0.130 , 0.013 , 0.348 , 0.188 , 2.407 ,2.946," 7,948 "," 1,056 ", 25.0 ," 384,836 "
26-Jan-2015, -   ,13.918, 0.012 , 0.137 , 0.114 , 0.012 , 0.552 , 0.301 , 2.740 ,3.292," 5,465 ", 750 , 20.6 ," 337,610 "
27-Jan-2015, -   ,34.297, 0.012 , 0.141 , 0.103 , 0.012 , 0.683 , 0.325 , 2.892 ,3.817," 4,473 ", 603 , 19.5 ," 371,625 "
28-Jan-2015, -   ,4.813, 0.010 , 0.118 , 0.109 , 0.011 , 0.318 , 0.196 , 3.478 ,3.907," 6,881 ", 844 , 18.9 ," 365,750 "
29-Jan-2015, -   ,0.566, 0.009 , 0.101 , 0.129 , 0.009 , 0.081 , 0.049 , 3.304 ,4.126," 8,096 ", 997 , 18.1 ," 361,415 "
30-Jan-2015, -   ,0.197, 0.009 , 0.102 , 0.137 , 0.010 , 0.097 , 0.030 , 2.297 ,2.849," 8,596 "," 1,064 ", 18.7 ," 362,827 "
31-Jan-2015, 1.00 ,0.657, 0.010 , 0.120 , 0.130 , 0.011 , 0.249 , 0.180 , 1.552 ,2.441," 7,299 "," 1,003 ", 20.0 ," 336,368 "
01-Feb-2015, 1.00 ,5.725, 0.011 , 0.134 , 0.112 , 0.012 , 0.374 , 0.233 , 2.365 ,3.111," 6,510 ", 813 , 20.2 ," 331,917 "
02-Feb-2015, -   ,2.823, 0.010 , 0.126 , 0.102 , 0.011 , 0.303 , 0.137 , 3.363 ,4.194," 7,216 ", 952 , 19.9 ," 367,187 "
03-Feb-2015, -   ,0.385, 0.009 , 0.113 , 0.119 , 0.010 , 0.102 , 0.079 , 1.949 ,2.853," 7,573 ", 896 , 20.1 ," 369,445 "
04-Feb-2015, -   ,4.216, 0.011 , 0.125 , 0.123 , 0.011 , 0.240 , 0.117 , 2.635 ,3.309," 7,334 ", 940 , 19.9 ," 365,017 "
05-Feb-2015, -   ,0.709, 0.010 , 0.120 , 0.134 , 0.010 , 0.198 , 0.102 , 2.069 ,2.539," 7,383 ", 910 , 20.5 ," 370,086 "
06-Feb-2015, -   ,0.064, 0.010 , 0.125 , 0.132 , 0.011 , 0.074 , 0.025 , 1.701 ,2.34," 8,319 "," 1,037 ", 21.0 ," 374,766 "
07-Feb-2015, 1.00 ,0.111, 0.011 , 0.130 , 0.133 , 0.012 , 0.025 , 0.010 , 1.768 ,2.481," 8,323 "," 1,022 ", 22.4 ," 352,117 "
08-Feb-2015, 1.00 ,0.137, 0.013 , 0.142 , 0.141 , 0.014 , 0.114 , 0.049 , 2.002 ,3.434," 8,004 "," 1,036 ", 24.8 ," 377,392 "
09-Feb-2015, -   ,1.459, 0.013 , 0.154 , 0.158 , 0.014 , 0.237 , 0.110 , 2.417 ,3.324," 7,089 ", 932 , 23.4 ," 400,819 "
10-Feb-2015, -   ,1.196, 0.014 , 0.158 , 0.171 , 0.014 , 0.166 , 0.065 , 2.349 ,2.916," 7,465 ", 943 , 23.6 ," 415,309 "
11-Feb-2015, -   ,1.488, 0.013 , 0.148 , 0.107 , 0.013 , 0.156 , 0.078 , 2.061 ,2.787," 7,574 ", 988 , 24.1 ," 418,537 "
12-Feb-2015, -   ,7.281, 0.013 , 0.154 , 0.129 , 0.014 , 0.597 , 0.237 , 2.038 ,2.868," 6,242 ", 871 , 23.1 ," 412,129 "
13-Feb-2015, -   ,2.631, 0.013 , 0.148 , 0.110 , 0.013 , 0.352 , 0.198 , 2.076 ,2.649," 6,546 ", 807 , 22.5 ," 396,147 "
14-Feb-2015, 1.00 ,5.763, 0.013 , 0.150 , 0.117 , 0.014 , 0.533 , 0.317 , 2.195 ,2.779," 5,038 ", 791 , 22.3 ," 362,705 "
15-Feb-2015, 1.00 ,1.815, 0.013 , 0.149 , 0.128 , 0.014 , 0.203 , 0.140 , 1.999 ,2.759," 6,128 ", 779 , 23.0 ," 359,257 "
16-Feb-2015, -   ,0.178, 0.013 , 0.147 , 0.154 , 0.013 , 0.343 , 0.152 , 2.386 ,2.922," 7,478 ", 944 , 23.5 ," 409,704 "
17-Feb-2015, -   ,0.6, 0.012 , 0.141 , 0.163 , 0.013 , 0.296 , 0.152 , 2.583 ,3.459," 7,608 ", 982 , 23.5 ," 411,592 "
18-Feb-2015, -   ,0.794, 0.013 , 0.149 , 0.157 , 0.013 , 0.316 , 0.217 , 2.394 ,3.104," 7,030 ", 963 , 22.9 ," 410,158 "
19-Feb-2015, -   ,3.306, 0.013 , 0.154 , 0.178 , 0.014 , 0.502 , 0.310 , 2.180 ,3.122," 5,709 ", 775 , 22.8 ," 405,974 "
20-Feb-2015, -   ,7.936, 0.014 , 0.160 , 0.177 , 0.015 , 0.633 , 0.307 , 1.941 ,2.367," 4,972 ", 685 , 22.8 ," 404,280 "
21-Feb-2015, 1.00 ,4.243, 0.013 , 0.155 , 0.167 , 0.013 , 0.266 , 0.130 , 2.323 ,2.948," 6,494 ", 837 , 22.4 ," 366,510 "
22-Feb-2015, 1.00 ,2.89, 0.013 , 0.159 , 0.159 , 0.014 , 0.226 , 0.104 , 2.218 ,2.854," 7,234 ", 934 , 23.1 ," 360,219 "
23-Feb-2015, -   ,1.874, 0.014 , 0.161 , 0.165 , 0.014 , 0.351 , 0.145 , 1.726 ,2.433," 7,161 ", 942 , 23.7 ," 407,130 "
24-Feb-2015, -   ,3.302, 0.013 , 0.153 , 0.156 , 0.013 , 0.342 , 0.147 , 2.860 ,3.982," 6,060 ", 863 , 22.3 ," 392,630 "
25-Feb-2015, -   ,3.417, 0.012 , 0.144 , 0.144 , 0.012 , 0.487 , 0.276 , 1.864 ,3.08," 5,631 ", 826 , 21.1 ," 378,509 "
26-Feb-2015, -   ,3.879, 0.013 , 0.150 , 0.156 , 0.014 , 0.420 , 0.249 , 1.400 ,1.887," 5,319 ", 725 , 21.6 ," 387,906 "
27-Feb-2015, -   ,0.369, 0.013 , 0.148 , 0.147 , 0.013 , 0.297 , 0.179 , 1.545 ,2.022," 6,464 ", 920 , 22.4 ," 399,075 "
28-Feb-2015, 1.00 ,0.051, 0.012 , 0.139 , 0.112 , 0.014 , 0.148 , 0.100 , 2.049 ,2.543," 6,495 ", 824 , 23.6 ," 370,687 "
01-Mar-2015, 1.00 ,6.535, 0.011 , 0.140 , 0.106 , 0.014 , 0.227 , 0.126 , 3.171 ,4.69," 6,274 ", 901 , 23.8 ," 369,779 "
02-Mar-2015, -   ,0.16, 0.010 , 0.123 , 0.105 , 0.011 , 0.289 , 0.086 , 2.045 ,2.73," 6,984 ", 935 , 20.9 ," 376,447 "
03-Mar-2015, -   ,0.021, 0.012 , 0.142 , 0.120 , 0.013 , 0.291 , 0.113 , 1.725 ,2.844," 6,602 ", 944 , 22.5 ," 395,599 "
04-Mar-2015, -   ,0.009, 0.012 , 0.130 , 0.131 , 0.013 , 0.117 , 0.057 , 2.204 ,3.932," 6,687 ", 808 , 23.6 ," 413,414 "
05-Mar-2015, -   ,0.011, 0.008 , 0.089 , 0.119 , 0.008 , 0.087 , 0.044 , 2.954 ,4.565," 7,347 ", 970 , 21.0 ," 384,951 "
06-Mar-2015, -   ,0.095, 0.009 , 0.104 , 0.113 , 0.011 , 0.145 , 0.113 , 1.818 ,3.042," 7,073 ", 946 , 19.9 ," 371,428 "
07-Mar-2015, 1.00 ,0.479, 0.012 , 0.135 , 0.121 , 0.013 , 0.612 , 0.233 , 1.724 ,2.922," 6,010 ", 888 , 21.0 ," 350,912 "
08-Mar-2015, 1.00 ,0.79, 0.012 , 0.136 , 0.104 , 0.013 , 0.102 , 0.064 , 1.283 ,2.126," 6,448 ", 820 , 22.3 ," 350,540 "
09-Mar-2015, -   ,0.201, 0.011 , 0.124 , 0.115 , 0.013 , 0.394 , 0.130 , 1.628 ,2.23," 6,788 ", 942 , 23.3 ," 403,398 "
10-Mar-2015, -   ,0.626, 0.013 , 0.147 , 0.138 , 0.013 , 0.238 , 0.144 , 1.448 ,2.314," 6,072 ", 819 , 22.3 ," 399,521 "
11-Mar-2015, -   ,4.6, 0.013 , 0.150 , 0.143 , 0.014 , 0.301 , 0.129 , 1.610 ,2.162," 5,889 ", 860 , 23.2 ," 405,886 "
12-Mar-2015, -   ,4.844, 0.012 , 0.135 , 0.166 , 0.012 , 0.396 , 0.159 , 2.977 ,3.575," 5,791 ", 873 , 22.5 ," 393,935 "
13-Mar-2015, -   ,1.94, 0.010 , 0.114 , 0.144 , 0.010 , 0.265 , 0.180 , 2.317 ,3.51," 4,970 ", 719 , 19.5 ," 374,155 "
14-Mar-2015, 1.00 ,0.481, 0.009 , 0.107 , 0.177 , 0.011 , 0.258 , 0.046 , 2.181 ,3.92," 6,731 ", 927 , 20.1 ," 337,990 "
15-Mar-2015, 1.00 ,1.339, 0.009 , 0.109 , 0.108 , 0.010 , 0.234 , 0.133 , 3.286 ,4.284," 5,309 ", 689 , 19.6 ," 326,532 "
16-Mar-2015, -   ,0.007, 0.008 , 0.094 , 0.117 , 0.009 , 0.346 , 0.176 , 1.891 ,2.332," 6,036 ", 808 , 19.0 ," 365,538 "
17-Mar-2015, -   ,0.826, 0.011 , 0.121 , 0.143 , 0.012 , 0.444 , 0.257 , 2.355 ,2.75," 4,597 ", 698 , 19.8 ," 376,460 "
18-Mar-2015, -   ,0.515, 0.012 , 0.139 , 0.135 , 0.014 , 0.070 , 0.059 , 1.909 ,2.305," 6,017 ", 829 , 23.1 ," 393,678 "
19-Mar-2015, -   ,0.031, 0.011 , 0.121 , 0.112 , 0.012 , 0.014 , 0.006 , 1.696 ,2.002," 6,553 ", 892 , 23.5 ," 408,079 "
20-Mar-2015, -   ,2.666, 0.011 , 0.125 , 0.136 , 0.012 , 0.400 , 0.142 , 3.599 ,4.513," 5,633 ", 868 , 23.3 ," 398,122 "
21-Mar-2015, 1.00 ,3.656, 0.010 , 0.123 , 0.163 , 0.012 , 0.471 , 0.230 , 2.891 ,3.579," 4,355 ", 600 , 19.9 ," 340,103 "
22-Mar-2015, 1.00 ,1.683, 0.012 , 0.140 , 0.177 , 0.013 , 0.251 , 0.128 , 2.477 ,3.037," 5,193 ", 688 , 20.9 ," 336,972 "
23-Mar-2015, -   ,1.042, 0.013 , 0.145 , 0.173 , 0.013 , 0.617 , 0.255 , 2.235 ,2.918," 5,375 ", 824 , 22.5 ," 385,256 "
24-Mar-2015, -   ,12.175, 0.012 , 0.142 , 0.172 , 0.014 , 0.287 , 0.185 , 2.354 ,2.87," 4,549 ", 694 , 21.4 ," 390,311 "
25-Mar-2015, -   ,0.375, 0.010 , 0.110 , 0.168 , 0.010 , 0.178 , 0.098 , 1.875 ,2.46," 5,626 ", 793 , 18.7 ," 372,239 "
26-Mar-2015, -   ,0.241, 0.007 , 0.078 , 0.163 , 0.007 , 0.068 , 0.050 , 2.237 ,3.194," 6,197 ", 846 , 19.2 ," 372,687 "
27-Mar-2015, -   ,0.016, 0.007 , 0.077 , 0.161 , 0.007 , 0.035 , 0.011 , 2.076 ,2.904," 6,323 ", 873 , 17.5 ," 356,999 "
28-Mar-2015, 1.00 ,0.033, 0.008 , 0.094 , 0.144 , 0.009 , 0.320 , 0.151 , 1.511 ,2.46," 5,935 ", 848 , 17.6 ," 331,434 "
29-Mar-2015, 1.00 ,1.235, 0.010 , 0.108 , 0.161 , 0.011 , 0.811 , 0.395 , 1.605 ,2.431," 4,893 ", 786 , 19.4 ," 328,249 "
30-Mar-2015, -   ,4.211, 0.010 , 0.119 , 0.183 , 0.011 , 0.364 , 0.189 , 1.385 ,1.986," 4,234 ", 596 , 19.7 ," 370,831 "
31-Mar-2015, -   ,4.159, 0.011 , 0.128 , 0.186 , 0.012 , 0.252 , 0.091 , 1.757 ,2.15," 5,285 ", 742 , 19.7 ," 371,881 "
01-Apr-2015, -   ,0.205, 0.012 , 0.135 , 0.157 , 0.012 , 0.694 , 0.282 , 2.264 ,2.705," 5,196 ", 776 , 20.8 ," 375,577 "
02-Apr-2015, -   ,3.214, 0.011 , 0.129 , 0.156 , 0.013 , 0.867 , 0.436 , 2.046 ,3.049," 3,089 ", 541 , 21.5 ," 374,202 "
03-Apr-2015, -   ,15.986, 0.011 , 0.133 , 0.189 , 0.012 , 0.923 , 0.449 , 2.482 ,2.959," 2,716 ", 480 , 18.4 ," 325,175 "
04-Apr-2015, 1.00 ,13.085, 0.011 , 0.135 , 0.146 , 0.012 , 0.658 , 0.345 , 2.588 ,3.25," 2,379 ", 516 , 17.4 ," 333,143 "
05-Apr-2015, 1.00 ,0.641, 0.010 , 0.116 , 0.143 , 0.011 , 0.262 , 0.130 , 1.605 ,2.656," 5,182 ", 737 , 18.4 ," 312,633 "
06-Apr-2015, -   ,5.931, 0.011 , 0.118 , 0.122 , 0.012 , 0.358 , 0.124 , 1.721 ,2.137," 4,849 ", 735 , 18.1 ," 322,655 "
07-Apr-2015, -   ,5.996, 0.008 , 0.099 , 0.136 , 0.010 , 0.382 , 0.205 , 3.300 ,4.181," 4,349 ", 717 , 16.4 ," 355,354 "
08-Apr-2015, -   ,0.503, 0.008 , 0.095 , 0.143 , 0.008 , 0.470 , 0.221 , 3.521 ,4.145," 4,138 ", 572 , 15.4 ," 358,300 "
09-Apr-2015, -   ,0.611, 0.008 , 0.099 , 0.135 , 0.009 , 0.257 , 0.170 , 3.034 ,3.523," 4,501 ", 655 , 16.3 ," 358,780 "
10-Apr-2015, -   ,2.328, 0.010 , 0.115 , 0.153 , 0.010 , 0.544 , 0.249 , 1.877 ,2.912," 3,803 ", 564 , 16.0 ," 358,704 "
11-Apr-2015, 1.00 ,0.413, 0.010 , 0.109 , 0.166 , 0.010 , 0.332 , 0.135 , 1.410 ,2.22," 4,830 ", 699 , 17.4 ," 332,276 "
12-Apr-2015, 1.00 ,1.942, 0.010 , 0.113 , 0.170 , 0.010 , 0.463 , 0.269 , 2.461 ,2.859," 4,331 ", 703 , 17.3 ," 321,523 "
13-Apr-2015, -   ,0.063, 0.008 , 0.098 , 0.177 , 0.009 , 0.286 , 0.193 , 1.783 ,2.491," 4,542 ", 705 , 17.0 ," 356,478 "
14-Apr-2015, -   ,0.034, 0.009 , 0.102 , 0.180 , 0.010 , 0.653 , 0.316 , 1.472 ,1.864," 4,525 ", 675 , 17.3 ," 363,136 "
15-Apr-2015, -   ,3.095, 0.011 , 0.124 , 0.165 , 0.011 , 0.286 , 0.203 , 1.675 ,1.972," 4,724 ", 710 , 19.3 ," 366,146 "
16-Apr-2015, -   ,3.442, 0.012 , 0.139 , 0.143 , 0.013 , 0.768 , 0.393 , 1.609 ,1.968," 4,066 ", 708 , 20.8 ," 373,254 "
17-Apr-2015, -   ,3.243, 0.013 , 0.151 , 0.144 , 0.013 , 0.891 , 0.441 , 1.892 ,2.749," 2,711 ", 387 , 19.3 ," 379,109 "
18-Apr-2015, 1.00 ,5.2, 0.012 , 0.138 , 0.133 , 0.013 , 0.795 , 0.408 , 2.136 ,2.709," 2,659 ", 423 , 20.0 ," 345,368 "
19-Apr-2015, 1.00 ,12.111, 0.009 , 0.112 , 0.117 , 0.010 , 0.641 , 0.294 , 3.774 ,4.588," 3,098 ", 597 , 17.0 ," 335,305 "
20-Apr-2015, -   ,56.239, 0.010 , 0.115 , 0.107 , 0.010 , 0.762 , 0.379 , 5.511 ,6.196," 1,951 ", 321 , 14.4 ," 382,892 "
21-Apr-2015, -   ,43.752, 0.009 , 0.114 , 0.116 , 0.011 , 0.678 , 0.322 , 4.544 ,6.134," 2,193 ", 385 , 14.1 ," 379,232 "
22-Apr-2015, -   ,13.644, 0.011 , 0.129 , 0.124 , 0.011 , 0.419 , 0.222 , 1.995 ,2.99," 2,925 ", 482 , 15.6 ," 369,908 "
23-Apr-2015, -   ,0.407, 0.010 , 0.123 , 0.138 , 0.011 , 0.357 , 0.135 , 1.200 ,1.819," 4,189 ", 651 , 16.7 ," 369,004 "
24-Apr-2015, -   ,0.308, 0.010 , 0.119 , 0.125 , 0.011 , 0.167 , 0.120 , 1.578 ,1.885," 4,059 ", 596 , 17.1 ," 367,717 "
25-Apr-2015, 1.00 ,11.654, 0.009 , 0.102 , 0.111 , 0.010 , 0.543 , 0.234 , 1.983 ,4.116," 3,607 ", 667 , 16.0 ," 338,109 "
26-Apr-2015, 1.00 ,2.563, 0.008 , 0.098 , 0.129 , 0.009 , 0.283 , 0.193 , 2.977 ,4.002," 3,195 ", 519 , 13.7 ," 347,092 "
27-Apr-2015, -   ,0.121, 0.007 , 0.085 , 0.120 , 0.008 , 0.045 , 0.023 , 2.277 ,2.746," 4,609 ", 702 , 13.1 ," 377,935 "
28-Apr-2015, -   ,0.345, 0.008 , 0.096 , 0.125 , 0.008 , 0.119 , 0.058 , 2.091 ,2.381," 4,321 ", 658 , 13.3 ," 385,057 "
29-Apr-2015, -   ,2.584, 0.009 , 0.104 , 0.143 , 0.009 , 0.230 , 0.116 , 2.121 ,2.367," 3,827 ", 621 , 14.3 ," 385,183 "
30-Apr-2015, -   ,7.573, 0.010 , 0.115 , 0.159 , 0.011 , 0.686 , 0.281 , 2.306 ,2.958," 3,289 ", 583 , 15.3 ," 386,923 "
01-May-2015, -   ,12.007, 0.011 , 0.134 , 0.156 , 0.012 , 0.672 , 0.382 , 2.345 ,2.698," 2,019 ", 387 , 15.9 ," 385,610 "
02-May-2015, 1.00 ,12.201, 0.012 , 0.145 , 0.166 , 0.013 , 0.700 , 0.366 , 1.967 ,2.664," 3,247 ", 545 , 17.7 ," 356,461 "
03-May-2015, 1.00 ,3.075, 0.012 , 0.141 , 0.155 , 0.013 , 0.456 , 0.262 , 2.473 ,2.847," 2,939 ", 437 , 18.0 ," 346,730 "
04-May-2015, -   ,0.299, 0.011 , 0.127 , 0.165 , 0.011 , 0.074 , 0.054 , 1.620 ,2.545," 3,844 ", 561 , 17.3 ," 376,315 "
05-May-2015, -   ,0.018, 0.008 , 0.103 , 0.154 , 0.011 , 0.015 , 0.012 , 2.602 ,3.04," 4,250 ", 646 , 17.1 ," 371,402 "
06-May-2015, -   ,0.015, 0.006 , 0.076 , 0.161 , 0.007 , 0.022 , 0.007 , 2.517 ,3.193," 4,350 ", 669 , 13.3 ," 371,780 "
07-May-2015, -   ,0, 0.006 , 0.073 , 0.162 , 0.007 , 0.011 , 0.004 , 2.844 ,3.374," 4,290 ", 662 , 12.4 ," 382,888 "
08-May-2015, -   ,0.056, 0.007 , 0.077 , 0.156 , 0.007 , 0.043 , 0.015 , 2.079 ,2.713," 4,200 ", 652 , 12.0 ," 383,495 "
09-May-2015, 1.00 ,0.154, 0.007 , 0.084 , 0.149 , 0.007 , 0.066 , 0.035 , 2.468 ,3.296," 4,075 ", 635 , 12.4 ," 352,173 "
10-May-2015, 1.00 ,0.843, 0.007 , 0.086 , 0.150 , 0.008 , 0.206 , 0.144 , 3.434 ,3.869," 3,416 ", 581 , 13.3 ," 345,709 "
11-May-2015, -   ,0.091, 0.008 , 0.096 , 0.157 , 0.008 , 0.068 , 0.037 , 2.903 ,4.142," 3,866 ", 598 , 14.2 ," 375,245 "
12-May-2015, -   ,0.085, 0.007 , 0.086 , 0.166 , 0.008 , 0.157 , 0.030 , 2.979 ,3.825," 3,913 ", 611 , 14.0 ," 382,955 "
13-May-2015, -   ,0.403, 0.005 , 0.066 , 0.167 , 0.006 , 0.170 , 0.091 , 3.241 ,3.909," 3,546 ", 582 , 11.2 ," 401,311 "
14-May-2015, -   ,0.079, 0.007 , 0.079 , 0.156 , 0.008 , 0.148 , 0.081 , 2.749 ,3.515," 3,743 ", 617 , 10.2 ," 410,822 "
15-May-2015, -   ,0.561, 0.008 , 0.098 , 0.162 , 0.009 , 0.432 , 0.207 , 2.800 ,3.399," 2,953 ", 498 , 12.7 ," 401,957 "
16-May-2015, 1.00 ,0.568, 0.008 , 0.097 , 0.167 , 0.009 , 0.388 , 0.177 , 2.005 ,2.952," 2,900 ", 417 , 14.3 ," 367,618 "
17-May-2015, 1.00 ,0.485, 0.008 , 0.099 , 0.148 , 0.009 , 0.434 , 0.225 , 1.188 ,1.564," 3,254 ", 570 , 14.3 ," 360,552 "
18-May-2015, -   ,0.622, 0.010 , 0.114 , 0.144 , 0.010 , 0.695 , 0.397 , 1.519 ,2.023," 2,318 ", 418 , 14.5 ," 398,584 "
19-May-2015, -   ,4.432, 0.010 , 0.122 , 0.158 , 0.011 , 0.313 , 0.196 , 2.082 ,2.28," 2,318 ", 391 , 15.2 ," 398,081 "
20-May-2015, -   ,1.755, 0.010 , 0.121 , 0.155 , 0.011 , 0.402 , 0.167 , 1.776 ,2.005," 3,267 ", 571 , 16.1 ," 384,585 "
21-May-2015, -   ,6.44, 0.009 , 0.102 , 0.158 , 0.009 , 0.508 , 0.229 , 2.694 ,4.496," 2,818 ", 537 , 14.3 ," 391,033 "
22-May-2015, -   ,7.438, 0.008 , 0.100 , 0.135 , 0.009 , 0.573 , 0.278 , 3.972 ,5.563," 1,799 ", 316 , 13.3 ," 405,182 "
23-May-2015, 1.00 ,0.113, 0.007 , 0.082 , 0.120 , 0.007 , 0.337 , 0.216 , 2.320 ,3.343," 2,890 ", 477 , 12.8 ," 376,967 "
24-May-2015, 1.00 ,0.044, 0.007 , 0.084 , 0.149 , 0.007 , 0.495 , 0.202 , 1.406 ,1.746," 3,369 ", 547 , 12.2 ," 376,175 "
25-May-2015, -   ,0.049, 0.007 , 0.086 , 0.148 , 0.008 , 0.525 , 0.354 , 1.575 ,1.834," 2,543 ", 413 , 12.2 ," 417,373 "
26-May-2015, -   ,0.032, 0.007 , 0.086 , 0.093 , 0.008 , 0.700 , 0.377 , 1.096 ,1.565," 2,648 ", 520 , 12.1 ," 425,472 "
27-May-2015, -   ,0.122, 0.008 , 0.090 , 0.117 , 0.008 , 0.249 , 0.147 , 1.321 ,1.583," 3,001 ", 482 , 13.2 ," 409,577 "
28-May-2015, -   ,0.938, 0.009 , 0.106 , 0.147 , 0.010 , 0.604 , 0.234 , 1.714 ,2.017," 2,901 ", 529 , 14.3 ," 403,350 "
29-May-2015, -   ,0.236, 0.009 , 0.102 , 0.152 , 0.010 , 0.809 , 0.381 , 1.602 ,2.006," 2,231 ", 372 , 14.8 ," 396,157 "
30-May-2015, 1.00 ,1.163, 0.007 , 0.088 , 0.143 , 0.008 , 0.689 , 0.332 , 1.614 ,1.943," 2,585 ", 505 , 13.3 ," 376,027 "
31-May-2015, 1.00 ,1.148, 0.007 , 0.084 , 0.154 , 0.008 , 0.243 , 0.174 , 2.650 ,4.352," 2,691 ", 450 , 12.2 ," 376,686 "
01-Jun-2015, -   ,0.025, 0.005 , 0.061 , 0.163 , 0.006 , 0.054 , 0.033 , 3.231 ,4.566," 3,371 ", 545 , 9.9 ," 422,086 "
02-Jun-2015, -   ,0.049, 0.006 , 0.067 , 0.149 , 0.006 , 0.131 , 0.045 , 2.475 ,3.335," 3,346 ", 544 , 8.3 ," 447,633 "
03-Jun-2015, -   ,0.028, 0.006 , 0.072 , 0.130 , 0.006 , 0.119 , 0.098 , 1.614 ,1.902," 3,211 ", 538 , 9.3 ," 446,760 "
04-Jun-2015, -   ,1.158, 0.006 , 0.072 , 0.115 , 0.006 , 0.323 , 0.187 , 1.855 ,2.393," 3,014 ", 534 , 9.5 ," 441,932 "
05-Jun-2015, -   ,0.196, 0.007 , 0.078 , 0.112 , 0.007 , 0.218 , 0.103 , 2.075 ,2.392," 2,974 ", 504 , 9.2 ," 441,519 "
06-Jun-2015, 1.00 ,0.139, 0.007 , 0.091 , 0.103 , 0.008 , 0.211 , 0.135 , 1.563 ,2.162," 3,094 ", 508 , 11.6 ," 389,828 "
07-Jun-2015, 1.00 ,0.015, 0.008 , 0.091 , 0.101 , 0.008 , 0.578 , 0.210 , 2.013 ,2.487," 3,234 ", 529 , 12.0 ," 365,778 "
08-Jun-2015, -   ,0.026, 0.007 , 0.091 , 0.139 , 0.008 , 0.186 , 0.106 , 2.355 ,3.004," 3,321 ", 547 , 13.1 ," 357,419 "
09-Jun-2015, -   ,0.093, 0.007 , 0.086 , 0.148 , 0.008 , 0.259 , 0.176 , 1.888 ,2.666," 2,962 ", 523 , 13.3 ," 398,502 "
10-Jun-2015, -   ,0.783, 0.007 , 0.084 , 0.135 , 0.007 , 0.332 , 0.204 , 2.391 ,2.824," 2,473 ", 400 , 11.5 ," 433,028 "
11-Jun-2015, -   ,0.306, 0.007 , 0.084 , 0.132 , 0.007 , 0.316 , 0.150 , 1.515 ,2.265," 2,731 ", 452 , 12.2 ," 422,463 "
12-Jun-2015, -   ,0.219, 0.007 , 0.089 , 0.125 , 0.008 , 0.750 , 0.337 , 1.119 ,1.776," 2,539 ", 465 , 12.4 ," 416,340 "
13-Jun-2015, 1.00 ,0.082, 0.008 , 0.089 , 0.150 , 0.008 , 0.607 , 0.279 , 1.403 ,1.892," 2,718 ", 475 , 13.1 ," 381,342 "
14-Jun-2015, 1.00 ,0.301, 0.008 , 0.096 , 0.156 , 0.008 , 0.637 , 0.283 , 1.112 ,1.361," 2,701 ", 477 , 13.4 ," 376,756 "
15-Jun-2015, -   ,4.333, 0.010 , 0.114 , 0.144 , 0.010 , 0.917 , 0.450 , 1.905 ,2.448," 1,761 ", 358 , 13.7 ," 413,041 "
16-Jun-2015, -   ,10.038, 0.010 , 0.117 , 0.118 , 0.010 , 0.961 , 0.480 , 1.925 ,2.687, 764 , 143 , 14.2 ," 420,595 "
17-Jun-2015, -   ,5.7, 0.009 , 0.108 , 0.078 , 0.010 , 0.543 , 0.372 , 2.133 ,2.435," 1,044 ", 223 , 13.6 ," 421,017 "
18-Jun-2015, -   ,17.647, 0.008 , 0.096 , 0.084 , 0.009 , 0.769 , 0.357 , 2.290 ,2.966," 1,507 ", 283 , 11.7 ," 426,009 "
19-Jun-2015, -   ,1.352, 0.007 , 0.079 , 0.099 , 0.007 , 0.347 , 0.178 , 2.924 ,3.38," 2,088 ", 348 , 10.3 ," 439,587 "
20-Jun-2015, 1.00 ,0.326, 0.006 , 0.072 , 0.126 , 0.006 , 0.344 , 0.174 , 1.983 ,2.678," 2,548 ", 448 , 9.2 ," 408,907 "
21-Jun-2015, 1.00 ,0.177, 0.007 , 0.083 , 0.122 , 0.007 , 0.374 , 0.213 , 1.339 ,1.901," 2,088 ", 334 , 9.9 ," 403,804 "
22-Jun-2015, -   ,0.024, 0.007 , 0.079 , 0.130 , 0.007 , 0.373 , 0.126 , 1.819 ,2.053," 3,126 ", 525 , 10.6 ," 429,889 "
23-Jun-2015, -   ,0.083, 0.008 , 0.091 , 0.142 , 0.008 , 0.640 , 0.228 , 1.820 ,2.254," 2,822 ", 501 , 11.5 ," 426,239 "
24-Jun-2015, -   ,0.395, 0.008 , 0.097 , 0.145 , 0.009 , 0.480 , 0.268 , 1.503 ,1.934," 2,195 ", 354 , 12.9 ," 414,777 "
25-Jun-2015, -   ,3.247, 0.008 , 0.098 , 0.134 , 0.009 , 0.294 , 0.131 , 2.366 ,2.846," 2,586 ", 458 , 12.6 ," 417,016 "
26-Jun-2015, -   ,0.197, 0.007 , 0.080 , 0.132 , 0.008 , 0.103 , 0.050 , 1.599 ,2.295," 3,106 ", 516 , 12.2 ," 415,821 "
27-Jun-2015, 1.00 ,0.067, 0.006 , 0.074 , 0.126 , 0.007 , 0.088 , 0.041 , 1.378 ,1.874," 3,138 ", 514 , 10.8 ," 394,593 "
28-Jun-2015, 1.00 ,0.082, 0.007 , 0.081 , 0.125 , 0.007 , 0.167 , 0.098 , 1.275 ,1.595," 3,066 ", 523 , 10.6 ," 391,864 "
29-Jun-2015, -   ,0.075, 0.007 , 0.086 , 0.119 , 0.008 , 0.159 , 0.059 , 1.393 ,1.727," 3,067 ", 511 , 11.5 ," 424,965 "
30-Jun-2015, -   ,0.283, 0.007 , 0.084 , 0.086 , 0.007 , 0.595 , 0.250 , 1.548 ,1.957," 2,462 ", 498 , 11.5 ," 435,670 "
01-Jul-2015, -   ,0.115, 0.006 , 0.070 , 0.096 , 0.007 , 0.342 , 0.193 , 1.923 ,3.196," 2,632 ", 458 , 10.4 ," 427,211 "
02-Jul-2015, -   ,0.108, 0.005 , 0.066 , 0.098 , 0.006 , 0.102 , 0.059 , 3.190 ,3.922," 3,043 ", 502 , 8.8 ," 441,510 "
03-Jul-2015, -   ,0.017, 0.005 , 0.064 , 0.120 , 0.006 , 0.276 , 0.086 , 1.712 ,2.615," 3,180 ", 517 , 8.4 ," 448,621 "
04-Jul-2015, 1.00 ,0.001, 0.005 , 0.060 , 0.119 , 0.005 , 0.125 , 0.083 , 1.706 ,2.086," 3,273 ", 539 , 8.3 ," 422,513 "
05-Jul-2015, 1.00 ,0.009, 0.005 , 0.062 , 0.119 , 0.006 , 0.141 , 0.087 , 1.687 ,2.473," 3,293 ", 538 , 8.8 ," 406,135 "
06-Jul-2015, -   ,0.062, 0.005 , 0.065 , 0.096 , 0.006 , 0.066 , 0.039 , 2.528 ,2.975," 3,250 ", 547 , 8.7 ," 443,377 "
07-Jul-2015, -   ,0.651, 0.007 , 0.079 , 0.108 , 0.007 , 0.473 , 0.271 , 2.196 ,3.025," 2,094 ", 405 , 9.3 ," 459,054 "
08-Jul-2015, -   ,0.258, 0.006 , 0.074 , 0.130 , 0.007 , 0.288 , 0.179 , 1.365 ,1.777," 2,346 ", 356 , 9.9 ," 450,494 "
09-Jul-2015, -   ,0.091, 0.006 , 0.075 , 0.144 , 0.007 , 0.132 , 0.073 , 1.427 ,1.938," 3,169 ", 532 , 10.7 ," 444,237 "
10-Jul-2015, -   ,2.185, 0.007 , 0.084 , 0.156 , 0.008 , 0.485 , 0.228 , 1.747 ,2.054," 2,553 ", 475 , 10.5 ," 447,768 "
11-Jul-2015, 1.00 ,4.462, 0.007 , 0.080 , 0.151 , 0.008 , 0.323 , 0.134 , 2.706 ,4.004," 2,972 ", 520 , 10.9 ," 403,897 "
12-Jul-2015, 1.00 ,2.295, 0.005 , 0.065 , 0.108 , 0.006 , 0.664 , 0.332 , 3.929 ,4.629," 2,150 ", 371 , 8.4 ," 415,852 "
13-Jul-2015, -   ,0.655, 0.006 , 0.076 , 0.114 , 0.007 , 0.222 , 0.117 , 3.793 ,4.971," 2,710 ", 428 , 9.1 ," 449,936 "
14-Jul-2015, -   ,0.124, 0.005 , 0.060 , 0.110 , 0.005 , 0.461 , 0.111 , 2.160 ,3.534," 3,386 ", 557 , 8.9 ," 438,574 "
15-Jul-2015, -   ,0.903, 0.006 , 0.066 , 0.126 , 0.006 , 0.464 , 0.241 , 1.299 ,1.669," 2,787 ", 520 , 8.2 ," 451,362 "
16-Jul-2015, -   ,5.976, 0.006 , 0.069 , 0.121 , 0.006 , 0.420 , 0.274 , 2.330 ,4.248," 2,016 ", 356 , 8.3 ," 463,724 "
17-Jul-2015, -   ,2.403, 0.006 , 0.072 , 0.118 , 0.006 , 0.282 , 0.194 , 3.454 ,5.031," 2,028 ", 342 , 6.9 ," 474,269 "
18-Jul-2015, 1.00 ,0.383, 0.006 , 0.074 , 0.111 , 0.007 , 0.448 , 0.236 , 2.583 ,3.498," 2,447 ", 417 , 8.5 ," 432,954 "
19-Jul-2015, 1.00 ,0.45, 0.006 , 0.079 , 0.103 , 0.007 , 0.368 , 0.175 , 1.823 ,2.154," 2,813 ", 478 , 9.8 ," 412,001 "
20-Jul-2015, -   ,0.095, 0.007 , 0.080 , 0.088 , 0.007 , 0.233 , 0.133 , 1.544 ,1.866," 3,040 ", 507 , 10.6 ," 442,484 "
21-Jul-2015, -   ,0.202, 0.007 , 0.085 , 0.090 , 0.008 , 0.365 , 0.221 , 2.134 ,2.397," 2,985 ", 555 , 11.5 ," 436,830 "
22-Jul-2015, -   ,1.133, 0.007 , 0.089 , 0.101 , 0.008 , 0.701 , 0.384 , 1.605 ,2.278," 1,518 ", 288 , 11.2 ," 442,570 "
23-Jul-2015, -   ,0.459, 0.008 , 0.096 , 0.109 , 0.008 , 0.406 , 0.217 , 1.068 ,1.773," 2,724 ", 490 , 11.9 ," 431,421 "
24-Jul-2015, -   ,1.277, 0.008 , 0.092 , 0.121 , 0.009 , 0.252 , 0.127 , 2.167 ,2.366," 2,962 ", 451 , 12.9 ," 418,804 "
25-Jul-2015, 1.00 ,0.023, 0.006 , 0.073 , 0.131 , 0.007 , 0.449 , 0.155 , 2.247 ,2.885," 3,540 ", 581 , 12.2 ," 372,589 "
26-Jul-2015, 1.00 ,0.088, 0.006 , 0.071 , 0.144 , 0.007 , 0.176 , 0.103 , 3.200 ,3.809," 3,453 ", 535 , 11.2 ," 369,596 "
27-Jul-2015, -   ,0, 0.005 , 0.055 , 0.138 , 0.005 , 0.070 , 0.041 , 2.826 ,3.67," 3,748 ", 596 , 8.6 ," 431,328 "
28-Jul-2015, -   ,0.011, 0.006 , 0.067 , 0.129 , 0.006 , 0.064 , 0.036 , 1.961 ,2.629," 3,728 ", 592 , 8.9 ," 444,934 "
29-Jul-2015, -   ,0.033, 0.006 , 0.072 , 0.094 , 0.006 , 0.466 , 0.108 , 1.510 ,2.166," 3,709 ", 585 , 9.9 ," 443,460 "
30-Jul-2015, -   ,0.007, 0.006 , 0.068 , 0.077 , 0.006 , 0.384 , 0.133 , 2.181 ,2.596," 3,780 ", 610 , 11.0 ," 425,449 "
31-Jul-2015, -   ,0, 0.006 , 0.073 , 0.072 , 0.007 , 0.295 , 0.121 , 1.802 ,2.616," 3,711 ", 612 , 11.6 ," 407,628 "
01-Aug-2015, 1.00 ,1.124, 0.007 , 0.083 , 0.084 , 0.008 , 0.601 , 0.306 , 2.135 ,2.925," 3,302 ", 535 , 12.4 ," 375,259 "
02-Aug-2015, 1.00 ,0.217, 0.007 , 0.079 , 0.084 , 0.008 , 0.142 , 0.097 , 2.471 ,2.921," 3,596 ", 559 , 13.9 ," 353,213 "
03-Aug-2015, -   ,0.067, 0.005 , 0.065 , 0.089 , 0.006 , 0.067 , 0.041 , 2.609 ,3.569," 3,949 ", 621 , 10.8 ," 402,071 "
04-Aug-2015, -   ,0.021, 0.004 , 0.053 , 0.096 , 0.005 , 0.127 , 0.106 , 2.064 ,3.149," 3,672 ", 548 , 8.0 ," 440,570 "
05-Aug-2015, -   ,0.245, 0.005 , 0.060 , 0.085 , 0.005 , 0.174 , 0.111 , 2.960 ,3.675," 3,646 ", 546 , 7.4 ," 452,733 "
06-Aug-2015, -   ,0.015, 0.005 , 0.060 , 0.065 , 0.005 , 0.127 , 0.061 , 2.350 ,3.096," 3,854 ", 598 , 8.4 ," 442,003 "
07-Aug-2015, -   ,0.015, 0.006 , 0.066 , 0.078 , 0.006 , 0.105 , 0.050 , 1.970 ,2.496," 4,005 ", 624 , 9.2 ," 436,081 "
08-Aug-2015, 1.00 ,0.018, 0.006 , 0.072 , 0.105 , 0.006 , 0.214 , 0.103 , 1.910 ,2.502," 3,833 ", 601 , 9.7 ," 403,651 "
09-Aug-2015, 1.00 ,0.009, 0.007 , 0.073 , 0.096 , 0.007 , 0.110 , 0.054 , 1.643 ,2.335," 4,001 ", 632 , 10.7 ," 389,156 "
10-Aug-2015, -   ,0.053, 0.006 , 0.067 , 0.096 , 0.006 , 0.018 , 0.010 , 1.902 ,2.365," 4,258 ", 649 , 11.3 ," 407,694 "
11-Aug-2015, -   ,0.004, 0.006 , 0.067 , 0.114 , 0.006 , 0.048 , 0.034 , 1.878 ,2.679," 4,254 ", 662 , 11.4 ," 409,794 "
12-Aug-2015, -   ,1.163, 0.005 , 0.067 , 0.125 , 0.006 , 0.375 , 0.161 , 3.580 ,4.141," 3,267 ", 505 , 9.7 ," 435,691 "
13-Aug-2015, -   ,0.019, 0.006 , 0.066 , 0.124 , 0.006 , 0.079 , 0.031 , 2.453 ,3.436," 4,310 ", 657 , 10.0 ," 423,120 "
14-Aug-2015, -   ,0, 0.006 , 0.071 , 0.109 , 0.007 , 0.084 , 0.041 , 1.472 ,1.885," 4,334 ", 666 , 10.7 ," 420,939 "
15-Aug-2015, 1.00 ,0.102, 0.007 , 0.084 , 0.103 , 0.007 , 0.244 , 0.125 , 1.523 ,2.172," 3,759 ", 612 , 11.6 ," 393,402 "
16-Aug-2015, 1.00 ,0.101, 0.007 , 0.079 , 0.092 , 0.007 , 0.171 , 0.096 , 1.842 ,3.053," 4,085 ", 625 , 12.9 ," 365,151 "
17-Aug-2015, -   ,0.146, 0.006 , 0.071 , 0.083 , 0.006 , 0.086 , 0.039 , 2.414 ,3.094," 4,467 ", 671 , 11.6 ," 402,649 "
18-Aug-2015, -   ,0.006, 0.006 , 0.065 , 0.081 , 0.006 , 0.039 , 0.032 , 1.696 ,2.417," 4,544 ", 698 , 10.2 ," 418,948 "
19-Aug-2015, -   ,0.02, 0.007 , 0.077 , 0.084 , 0.007 , 0.116 , 0.083 , 1.511 ,1.884," 4,077 ", 612 , 10.9 ," 421,567 "
20-Aug-2015, -   ,0.032, 0.007 , 0.079 , 0.084 , 0.007 , 0.054 , 0.036 , 1.792 ,2.021," 4,558 ", 675 , 12.3 ," 409,310 "
21-Aug-2015, -   ,0.206, 0.008 , 0.091 , 0.095 , 0.008 , 0.600 , 0.220 , 2.074 ,2.523," 4,046 ", 672 , 13.7 ," 394,797 "
22-Aug-2015, 1.00 ,0.598, 0.009 , 0.111 , 0.111 , 0.010 , 0.480 , 0.192 , 1.750 ,2.537," 3,825 ", 673 , 16.5 ," 345,371 "
23-Aug-2015, 1.00 ,6.182, 0.010 , 0.112 , 0.103 , 0.010 , 0.796 , 0.365 , 1.871 ,2.814," 2,369 ", 394 , 15.4 ," 349,082 "
24-Aug-2015, -   ,30.761, 0.010 , 0.115 , 0.090 , 0.010 , 0.522 , 0.255 , 2.519 ,3.659," 2,712 ", 425 , 14.6 ," 389,411 "
25-Aug-2015, -   ,9.98, 0.008 , 0.095 , 0.084 , 0.009 , 0.483 , 0.239 , 2.850 ,4.275," 3,182 ", 489 , 13.2 ," 392,309 "
26-Aug-2015, -   ,4.521, 0.009 , 0.100 , 0.060 , 0.009 , 0.435 , 0.236 , 1.467 ,2.211," 3,636 ", 538 , 13.1 ," 390,014 "
27-Aug-2015, -   ,2.234, 0.007 , 0.091 , 0.072 , 0.009 , 0.372 , 0.227 , 2.392 ,3.484," 3,518 ", 501 , 13.3 ," 395,857 "
28-Aug-2015, -   ,1.289, 0.007 , 0.080 , 0.072 , 0.007 , 0.323 , 0.117 , 2.049 ,3.475," 4,151 ", 572 , 12.1 ," 391,744 "
29-Aug-2015, 1.00 ,0.075, 0.006 , 0.069 , 0.072 , 0.006 , 0.082 , 0.041 , 1.973 ,2.653," 5,066 ", 743 , 11.7 ," 361,181 "
30-Aug-2015, 1.00 ,0.087, 0.006 , 0.072 , 0.084 , 0.007 , 0.266 , 0.063 , 2.462 ,2.761," 4,953 ", 727 , 10.8 ," 362,104 "
31-Aug-2015, -   ,0.166, 0.006 , 0.071 , 0.087 , 0.007 , 0.065 , 0.027 , 2.079 ,2.456," 5,184 ", 752 , 11.4 ," 393,097 "
01-Sep-2015, -   ,0, 0.005 , 0.060 , 0.091 , 0.006 , 0.187 , 0.044 , 1.481 ,2.19," 5,369 ", 781 , 11.2 ," 400,778 "
02-Sep-2015, -   ,4.799, 0.007 , 0.079 , 0.085 , 0.008 , 0.369 , 0.083 , 2.249 ,3.09," 5,137 ", 763 , 12.3 ," 401,019 "
03-Sep-2015, -   ,3.48, 0.007 , 0.084 , 0.085 , 0.008 , 0.467 , 0.249 , 3.417 ,3.725," 4,383 ", 642 , 12.9 ," 395,457 "
04-Sep-2015, -   ,0.661, 0.007 , 0.088 , 0.084 , 0.008 , 0.316 , 0.110 , 1.805 ,3.261," 4,596 ", 679 , 13.2 ," 394,313 "
05-Sep-2015, 1.00 ,0.656, 0.008 , 0.089 , 0.084 , 0.008 , 0.479 , 0.238 , 1.779 ,2.48," 4,633 ", 736 , 13.3 ," 360,584 "
06-Sep-2015, 1.00 ,1.075, 0.008 , 0.090 , 0.086 , 0.008 , 0.533 , 0.302 , 1.816 ,2.376," 3,232 ", 583 , 13.3 ," 355,487 "
07-Sep-2015, -   ,0.167, 0.006 , 0.074 , 0.090 , 0.007 , 0.100 , 0.077 , 2.706 ,3.148," 5,162 ", 760 , 13.6 ," 370,021 "
08-Sep-2015, -   ,0.1, 0.006 , 0.067 , 0.095 , 0.006 , 0.089 , 0.040 , 2.680 ,3.019," 5,474 ", 783 , 11.5 ," 383,528 "
09-Sep-2015, -   ,0.03, 0.007 , 0.077 , 0.103 , 0.007 , 0.150 , 0.079 , 2.196 ,2.798," 5,419 ", 803 , 12.3 ," 382,450 "
10-Sep-2015, -   ,0.022, 0.007 , 0.084 , 0.120 , 0.007 , 0.148 , 0.081 , 1.592 ,2.594," 5,104 ", 672 , 13.2 ," 383,414 "
11-Sep-2015, -   ,0.013, 0.007 , 0.085 , 0.114 , 0.008 , 0.041 , 0.023 , 1.740 ,2.188," 5,785 ", 806 , 14.8 ," 369,809 "
12-Sep-2015, 1.00 ,0, 0.008 , 0.091 , 0.097 , 0.008 , 0.324 , 0.104 , 1.243 ,1.627," 5,747 ", 817 , 15.3 ," 340,015 "
13-Sep-2015, 1.00 ,0, 0.009 , 0.097 , 0.091 , 0.009 , 0.011 , 0.007 , 1.740 ,2.216," 5,840 ", 814 , 16.5 ," 328,829 "
14-Sep-2015, -   ,0.012, 0.009 , 0.102 , 0.079 , 0.009 , 0.237 , 0.125 , 2.371 ,3.197," 5,841 ", 823 , 16.7 ," 360,532 "
15-Sep-2015, -   ,0.094, 0.007 , 0.090 , 0.072 , 0.009 , 0.035 , 0.022 , 2.403 ,3.21," 5,818 ", 806 , 17.2 ," 364,207 "
16-Sep-2015, -   ,0.354, 0.007 , 0.079 , 0.083 , 0.008 , 0.108 , 0.063 , 1.586 ,2.442," 5,755 ", 841 , 14.6 ," 364,201 "
17-Sep-2015, -   ,3.472, 0.008 , 0.089 , 0.079 , 0.008 , 0.306 , 0.145 , 2.539 ,3.486," 4,887 ", 696 , 13.6 ," 373,659 "
18-Sep-2015, -   ,1.481, 0.008 , 0.089 , 0.096 , 0.008 , 0.372 , 0.133 , 2.535 ,3.488," 5,258 ", 775 , 13.7 ," 371,389 "
19-Sep-2015, 1.00 ,2.11, 0.008 , 0.093 , 0.099 , 0.008 , 0.305 , 0.154 , 1.960 ,2.53," 4,986 ", 703 , 14.2 ," 348,465 "
20-Sep-2015, 1.00 ,0.501, 0.009 , 0.097 , 0.095 , 0.009 , 0.216 , 0.122 , 1.738 ,1.958," 4,865 ", 664 , 14.7 ," 337,918 "
21-Sep-2015, -   ,0.582, 0.008 , 0.094 , 0.084 , 0.009 , 0.168 , 0.059 , 1.966 ,3.503," 5,868 ", 826 , 16.0 ," 363,147 "
22-Sep-2015, -   ,0.8, 0.006 , 0.073 , 0.076 , 0.007 , 0.329 , 0.156 , 4.080 ,4.979," 5,003 ", 731 , 13.7 ," 373,433 "
23-Sep-2015, -   ,1.471, 0.006 , 0.069 , 0.084 , 0.006 , 0.308 , 0.128 , 4.286 ,5.212," 5,001 ", 634 , 11.1 ," 391,317 "
24-Sep-2015, -   ,4.634, 0.007 , 0.077 , 0.087 , 0.007 , 0.529 , 0.259 , 3.993 ,4.668," 4,131 ", 677 , 10.9 ," 400,866 "
25-Sep-2015, -   ,3.465, 0.007 , 0.089 , 0.084 , 0.008 , 0.564 , 0.287 , 3.252 ,4.277," 3,542 ", 486 , 12.6 ," 399,270 "
26-Sep-2015, 1.00 ,1.107, 0.008 , 0.089 , 0.070 , 0.008 , 0.448 , 0.231 , 2.576 ,3.009," 4,312 ", 586 , 13.8 ," 357,413 "
27-Sep-2015, 1.00 ,0.102, 0.007 , 0.084 , 0.061 , 0.007 , 0.197 , 0.108 , 2.195 ,2.987," 5,385 ", 693 , 13.9 ," 345,229 "
28-Sep-2015, -   ,0.018, 0.007 , 0.084 , 0.060 , 0.007 , 0.132 , 0.037 , 1.666 ,2.081," 6,522 ", 880 , 14.7 ," 365,548 "
29-Sep-2015, -   ,0.162, 0.008 , 0.089 , 0.060 , 0.008 , 0.369 , 0.119 , 1.792 ,2.118," 6,530 ", 903 , 16.4 ," 364,691 "
30-Sep-2015, -   ,0.285, 0.009 , 0.101 , 0.067 , 0.009 , 0.389 , 0.231 , 1.839 ,2.757," 5,780 ", 814 , 16.4 ," 366,602 "
01-Oct-2015, -   ,0.015, 0.009 , 0.101 , 0.063 , 0.009 , 0.026 , 0.014 , 1.532 ,2.003," 6,715 ", 890 , 18.2 ," 367,254 "
02-Oct-2015, -   ,0.005, 0.009 , 0.099 , 0.070 , 0.009 , 0.020 , 0.012 , 1.726 ,2.103," 6,878 ", 910 , 18.0 ," 361,503 "
03-Oct-2015, 1.00 ,0, 0.008 , 0.087 , 0.079 , 0.009 , 0.119 , 0.067 , 1.632 ,2.455," 6,905 ", 936 , 19.8 ," 328,627 "
04-Oct-2015, 1.00 ,0.002, 0.008 , 0.091 , 0.072 , 0.009 , 0.186 , 0.136 , 1.612 ,2.224," 6,650 ", 867 , 21.8 ," 328,015 "
05-Oct-2015, -   ,0, 0.007 , 0.084 , 0.082 , 0.009 , 0.603 , 0.207 , 1.423 ,1.806," 6,686 ", 917 , 22.9 ," 343,006 "
06-Oct-2015, -   ,0.005, 0.008 , 0.096 , 0.088 , 0.009 , 0.048 , 0.030 , 2.207 ,3.948," 6,962 ", 937 , 23.4 ," 396,402 "
07-Oct-2015, -   ,0.129, 0.008 , 0.097 , 0.093 , 0.009 , 0.589 , 0.313 , 3.010 ,3.947," 4,812 ", 806 , 18.7 ," 360,745 "
08-Oct-2015, -   ,0.34, 0.009 , 0.100 , 0.061 , 0.009 , 0.589 , 0.299 , 2.350 ,2.871," 4,906 ", 676 , 17.6 ," 359,315 "
09-Oct-2015, -   ,0.66, 0.009 , 0.103 , 0.070 , 0.010 , 0.168 , 0.087 , 1.766 ,2.731," 6,713 ", 889 , 18.7 ," 365,143 "
10-Oct-2015, 1.00 ,0.57, 0.010 , 0.110 , 0.060 , 0.010 , 0.204 , 0.122 , 1.643 ,1.827," 6,648 ", 910 , 19.6 ," 339,845 "
11-Oct-2015, 1.00 ,2.658, 0.010 , 0.110 , 0.072 , 0.011 , 0.534 , 0.249 , 1.720 ,2.138," 6,311 ", 890 , 19.5 ," 330,010 "
12-Oct-2015, -   ,1.871, 0.010 , 0.111 , 0.063 , 0.011 , 0.342 , 0.168 , 2.326 ,3.418," 6,139 ", 899 , 20.5 ," 370,566 "
13-Oct-2015, -   ,1.62, 0.011 , 0.124 , 0.067 , 0.011 , 0.280 , 0.155 , 2.062 ,2.689," 5,567 ", 739 , 18.1 ," 371,916 "
14-Oct-2015, -   ,0.21, 0.010 , 0.116 , 0.072 , 0.010 , 0.080 , 0.035 , 2.337 ,3.02," 7,020 ", 897 , 19.4 ," 368,382 "
15-Oct-2015, -   ,0.005, 0.010 , 0.110 , 0.075 , 0.011 , 0.012 , 0.005 , 2.175 ,3.056," 7,430 ", 958 , 20.5 ," 375,958 "
16-Oct-2015, -   ,0.007, 0.010 , 0.114 , 0.084 , 0.011 , 0.172 , 0.069 , 1.669 ,2.353," 7,305 ", 968 , 22.4 ," 387,073 "
17-Oct-2015, 1.00 ,1.266, 0.011 , 0.134 , 0.088 , 0.012 , 0.768 , 0.342 , 1.723 ,2.736," 5,238 ", 803 , 21.6 ," 347,268 "
18-Oct-2015, 1.00 ,0.282, 0.011 , 0.126 , 0.090 , 0.012 , 0.236 , 0.124 , 1.789 ,2.363," 6,029 ", 750 , 19.9 ," 327,403 "
19-Oct-2015, -   ,0.239, 0.011 , 0.128 , 0.096 , 0.012 , 0.282 , 0.063 , 2.034 ,2.756," 7,183 ", 938 , 21.0 ," 374,165 "
20-Oct-2015, -   ,1.425, 0.011 , 0.124 , 0.099 , 0.012 , 0.471 , 0.190 , 1.863 ,2.347," 5,978 ", 904 , 22.4 ," 385,649 "
21-Oct-2015, -   ,5.426, 0.011 , 0.122 , 0.075 , 0.012 , 0.687 , 0.332 , 1.800 ,2.61," 5,456 ", 852 , 22.6 ," 379,581 "
22-Oct-2015, -   ,7.481, 0.009 , 0.116 , 0.067 , 0.011 , 0.510 , 0.285 , 3.517 ,4.713," 4,017 ", 619 , 18.3 ," 367,852 "
23-Oct-2015, -   ,0.181, 0.008 , 0.093 , 0.060 , 0.008 , 0.178 , 0.116 , 1.937 ,3.21," 6,549 ", 788 , 16.8 ," 354,662 "
24-Oct-2015, 1.00 ,0.033, 0.009 , 0.101 , 0.067 , 0.009 , 0.185 , 0.051 , 1.990 ,2.706," 7,473 ", 964 , 18.3 ," 324,531 "
25-Oct-2015, 1.00 ,0.08, 0.010 , 0.118 , 0.072 , 0.011 , 0.440 , 0.198 , 2.118 ,2.442," 6,642 ", 963 , 20.6 ," 322,500 "
26-Oct-2015, -   ,8.282, 0.010 , 0.117 , 0.072 , 0.012 , 0.627 , 0.339 , 3.135 ,4.433," 3,978 ", 638 , 21.2 ," 366,569 "
27-Oct-2015, -   ,0.876, 0.007 , 0.086 , 0.069 , 0.008 , 0.306 , 0.149 , 2.945 ,4.277," 6,314 ", 741 , 16.6 ," 359,670 "
28-Oct-2015, -   ,0.34, 0.007 , 0.087 , 0.080 , 0.008 , 0.107 , 0.054 , 1.728 ,2.341," 7,644 ", 951 , 16.6 ," 360,068 "
29-Oct-2015, -   ,0.091, 0.008 , 0.089 , 0.081 , 0.008 , 0.168 , 0.111 , 1.844 ,2.506," 7,852 ", 984 , 17.7 ," 359,982 "
30-Oct-2015, -   ,0.385, 0.009 , 0.107 , 0.079 , 0.010 , 0.774 , 0.407 , 2.320 ,3.143," 6,347 ", 961 , 18.7 ," 358,058 "
31-Oct-2015, 1.00 ,1.912, 0.011 , 0.126 , 0.064 , 0.011 , 0.644 , 0.379 , 2.499 ,3.195," 5,051 ", 702 , 19.1 ," 332,850 "
01-Nov-2015, 1.00 ,12.528, 0.012 , 0.143 , 0.053 , 0.013 , 0.767 , 0.317 , 2.165 ,2.609," 5,690 ", 784 , 21.0 ," 328,392 "
02-Nov-2015, -   ,2.006, 0.012 , 0.133 , 0.060 , 0.012 , 0.735 , 0.291 , 2.260 ,3.026," 6,195 ", 909 , 21.9 ," 373,475 "
03-Nov-2015, -   ,6.149, 0.011 , 0.137 , 0.060 , 0.012 , 0.916 , 0.447 , 2.041 ,2.821," 4,834 ", 691 , 19.5 ," 360,370 "
04-Nov-2015, -   ,16.447, 0.012 , 0.144 , 0.072 , 0.012 , 0.947 , 0.469 , 3.262 ,3.739," 3,500 ", 637 , 18.7 ," 361,279 "
05-Nov-2015, -   ,8.12, 0.013 , 0.151 , 0.072 , 0.013 , 0.440 , 0.212 , 2.776 ,4.453," 5,525 ", 764 , 19.2 ," 362,979 "
06-Nov-2015, -   ,3.222, 0.011 , 0.134 , 0.083 , 0.012 , 0.159 , 0.110 , 1.529 ,1.981," 6,790 ", 889 , 20.9 ," 362,084 "
07-Nov-2015, 1.00 ,3.532, 0.010 , 0.122 , 0.072 , 0.011 , 0.374 , 0.138 , 2.934 ,3.649," 7,120 ", 965 , 19.4 ," 329,573 "
08-Nov-2015, 1.00 ,1.351, 0.009 , 0.104 , 0.072 , 0.009 , 0.536 , 0.324 , 2.250 ,3.219," 6,937 ", 840 , 17.3 ," 316,573 "
09-Nov-2015, -   ,0.069, 0.008 , 0.096 , 0.060 , 0.009 , 0.541 , 0.358 , 1.568 ,1.987," 7,351 ", 933 , 18.6 ," 355,016 "
10-Nov-2015, -   ,0.615, 0.010 , 0.117 , 0.067 , 0.011 , 0.691 , 0.304 , 1.664 ,2.269," 7,597 "," 1,024 ", 20.4 ," 369,018 "
11-Nov-2015, -   ,2.319, 0.011 , 0.125 , 0.072 , 0.011 , 0.904 , 0.466 , 2.010 ,3.034," 4,947 ", 735 , 19.4 ," 368,418 "
12-Nov-2015, -   ,5.855, 0.012 , 0.137 , 0.084 , 0.013 , 0.732 , 0.317 , 2.194 ,2.695," 5,963 ", 808 , 19.8 ," 371,229 "
13-Nov-2015, -   ,13.809, 0.011 , 0.134 , 0.080 , 0.012 , 0.683 , 0.313 , 2.319 ,2.785," 5,444 ", 928 , 20.4 ," 367,751 "
14-Nov-2015, 1.00 ,21.267, 0.010 , 0.116 , 0.072 , 0.011 , 0.635 , 0.316 , 2.736 ,3.527," 4,482 ", 670 , 17.6 ," 333,298 "
15-Nov-2015, 1.00 ,1.46, 0.009 , 0.105 , 0.070 , 0.009 , 0.191 , 0.098 , 2.619 ,3.393," 7,141 ", 863 , 17.0 ," 319,502 "
16-Nov-2015, -   ,0.06, 0.009 , 0.099 , 0.077 , 0.009 , 0.037 , 0.017 , 1.752 ,2.099," 8,673 "," 1,047 ", 17.5 ," 355,180 "
17-Nov-2015, -   ,0.021, 0.009 , 0.106 , 0.084 , 0.010 , 0.161 , 0.043 , 2.011 ,2.608," 8,637 "," 1,056 ", 19.3 ," 367,156 "
18-Nov-2015, -   ,0.002, 0.010 , 0.113 , 0.088 , 0.011 , 0.094 , 0.061 , 1.703 ,2.331," 8,426 "," 1,061 ", 22.9 ," 399,420 "
19-Nov-2015, -   ,0.009, 0.011 , 0.130 , 0.106 , 0.013 , 0.345 , 0.211 , 1.290 ,2.006," 7,929 ", 934 , 25.4 ," 435,414 "
20-Nov-2015, -   ,0.109, 0.011 , 0.121 , 0.115 , 0.012 , 0.128 , 0.086 , 2.708 ,4.022," 8,599 "," 1,058 ", 26.9 ," 464,501 "
21-Nov-2015, 1.00 ,0.272, 0.009 , 0.108 , 0.116 , 0.009 , 0.202 , 0.099 , 2.474 ,3.669," 7,723 ", 889 , 20.6 ," 349,103 "
22-Nov-2015, 1.00 ,0.151, 0.010 , 0.113 , 0.115 , 0.011 , 0.213 , 0.103 , 2.106 ,3.042," 7,620 ", 946 , 19.8 ," 330,081 "
23-Nov-2015, -   ,0.319, 0.010 , 0.109 , 0.087 , 0.011 , 0.135 , 0.032 , 1.989 ,3.462," 8,760 "," 1,064 ", 20.8 ," 376,472 "
24-Nov-2015, -   ,0.047, 0.010 , 0.105 , 0.104 , 0.011 , 0.039 , 0.017 , 2.102 ,3.522," 8,950 "," 1,060 ", 21.0 ," 383,272 "
25-Nov-2015, -   ,0.002, 0.009 , 0.099 , 0.086 , 0.010 , 0.399 , 0.234 , 2.740 ,3.741," 8,890 "," 1,095 ", 23.5 ," 403,714 "
26-Nov-2015, -   ,0.072, 0.009 , 0.102 , 0.084 , 0.010 , 0.330 , 0.159 , 2.671 ,3.726," 8,188 "," 1,047 ", 24.0 ," 427,334 "
27-Nov-2015, -   ,0.141, 0.009 , 0.102 , 0.067 , 0.010 , 0.721 , 0.299 , 2.305 ,3.446," 7,843 "," 1,001 ", 18.7 ," 373,404 "
28-Nov-2015, 1.00 ,1.251, 0.011 , 0.130 , 0.083 , 0.012 , 0.658 , 0.271 , 2.715 ,3.253," 6,510 ", 798 , 20.2 ," 346,250 "
29-Nov-2015, 1.00 ,1.653, 0.011 , 0.123 , 0.077 , 0.012 , 0.171 , 0.091 , 1.992 ,3.153," 7,791 ", 901 , 21.9 ," 352,059 "
30-Nov-2015, -   ,0.035, 0.010 , 0.102 , 0.071 , 0.012 , 0.239 , 0.092 , 1.980 ,2.446," 8,996 "," 1,088 ", 22.9 ," 399,847 "
01-Dec-2015, -   ,0.974, 0.010 , 0.114 , 0.091 , 0.012 , 0.733 , 0.343 , 2.348 ,3.253," 7,256 "," 1,011 ", 25.4 ," 436,731 "
02-Dec-2015, -   ,1.329, 0.008 , 0.098 , 0.092 , 0.009 , 0.178 , 0.095 , 3.066 ,4.515," 8,074 ", 924 , 20.7 ," 376,133 "
03-Dec-2015, -   ,0.021, 0.008 , 0.091 , 0.085 , 0.008 , 0.119 , 0.085 , 2.059 ,2.92," 8,764 "," 1,027 ", 18.8 ," 365,960 "
04-Dec-2015, -   ,0.051, 0.008 , 0.097 , 0.096 , 0.009 , 0.038 , 0.021 , 1.961 ,2.647," 9,150 "," 1,073 ", 19.8 ," 369,485 "
05-Dec-2015, 1.00 ,0, 0.009 , 0.098 , 0.096 , 0.010 , 0.397 , 0.130 , 1.663 ,2.475," 9,062 "," 1,086 ", 21.3 ," 348,599 "
06-Dec-2015, 1.00 ,0.033, 0.010 , 0.111 , 0.069 , 0.011 , 0.657 , 0.325 , 1.757 ,2.587," 8,731 "," 1,071 ", 22.7 ," 350,516 "
07-Dec-2015, -   ,0.199, 0.011 , 0.130 , 0.071 , 0.012 , 0.843 , 0.429 , 2.324 ,2.91," 7,040 "," 1,014 ", 22.6 ," 396,637 "
08-Dec-2015, -   ,2.766, 0.013 , 0.148 , 0.082 , 0.014 , 0.867 , 0.420 , 2.262 ,3.105," 4,336 ", 578 , 23.0 ," 402,111 "
09-Dec-2015, -   ,2.74, 0.013 , 0.148 , 0.084 , 0.014 , 0.422 , 0.210 , 1.493 ,1.994," 6,295 ", 828 , 24.1 ," 430,117 "
10-Dec-2015, -   ,1.525, 0.012 , 0.130 , 0.091 , 0.013 , 0.251 , 0.177 , 1.974 ,2.783," 8,436 ", 982 , 24.0 ," 411,852 "
11-Dec-2015, -   ,0.422, 0.008 , 0.095 , 0.091 , 0.009 , 0.610 , 0.279 , 2.394 ,3.101," 8,650 "," 1,082 ", 24.3 ," 420,481 "
12-Dec-2015, 1.00 ,0.414, 0.008 , 0.098 , 0.102 , 0.009 , 0.434 , 0.213 , 2.407 ,3.619," 7,844 ", 993 , 19.5 ," 343,782 "
13-Dec-2015, 1.00 ,0.077, 0.010 , 0.109 , 0.107 , 0.010 , 0.663 , 0.279 , 2.364 ,3.874," 8,158 ", 906 , 21.0 ," 334,718 "
14-Dec-2015, -   ,0.375, 0.010 , 0.112 , 0.101 , 0.012 , 0.546 , 0.254 , 1.784 ,2.878," 8,115 "," 1,092 ", 23.5 ," 404,280 "
15-Dec-2015, -   ,3.091, 0.012 , 0.143 , 0.085 , 0.014 , 0.708 , 0.345 , 1.915 ,2.563," 5,555 ", 601 , 23.3 ," 409,649 "
16-Dec-2015, -   ,9.033, 0.012 , 0.142 , 0.090 , 0.012 , 0.380 , 0.188 , 1.634 ,2.322," 6,210 ", 867 , 22.0 ," 385,362 "
17-Dec-2015, -   ,0.2, 0.011 , 0.124 , 0.096 , 0.012 , 0.193 , 0.106 , 1.964 ,2.635," 8,953 "," 1,044 ", 22.3 ," 391,852 "
18-Dec-2015, -   ,0, 0.010 , 0.119 , 0.096 , 0.011 , 0.208 , 0.083 , 1.895 ,2.614," 9,136 "," 1,087 ", 24.5 ," 418,782 "
19-Dec-2015, 1.00 ,0.012, 0.010 , 0.116 , 0.096 , 0.011 , 0.461 , 0.260 , 2.293 ,2.8," 8,536 "," 1,035 ", 25.8 ," 405,372 "
20-Dec-2015, 1.00 ,0.697, 0.011 , 0.125 , 0.107 , 0.012 , 0.432 , 0.261 , 2.305 ,3.275," 7,388 ", 996 , 26.9 ," 407,922 "
21-Dec-2015, -   ,20.572, 0.012 , 0.138 , 0.097 , 0.012 , 0.924 , 0.451 , 2.878 ,3.778," 3,780 ", 522 , 23.0 ," 407,390 "
22-Dec-2015, -   ,23.631, 0.011 , 0.134 , 0.072 , 0.012 , 0.680 , 0.329 , 2.400 ,2.699," 4,997 ", 683 , 19.4 ," 370,609 "
23-Dec-2015, -   ,3.105, 0.010 , 0.121 , 0.072 , 0.011 , 0.281 , 0.104 , 2.345 ,2.8," 7,786 ", 883 , 20.0 ," 361,486 "
24-Dec-2015, -   ,1.683, 0.010 , 0.110 , 0.084 , 0.010 , 0.206 , 0.077 , 2.497 ,3.099," 8,327 ", 999 , 20.4 ," 345,786 "
25-Dec-2015, -   ,0.911, 0.012 , 0.133 , 0.085 , 0.013 , 0.156 , 0.067 , 2.461 ,3.045," 8,533 "," 1,041 ", 20.9 ," 301,902 "
26-Dec-2015, 1.00 ,5.887, 0.012 , 0.136 , 0.096 , 0.014 , 0.276 , 0.134 , 2.813 ,3.819," 7,586 ", 984 , 22.2 ," 318,607 "
27-Dec-2015, 1.00 ,1.091, 0.009 , 0.098 , 0.084 , 0.009 , 0.154 , 0.073 , 3.612 ,4.474," 8,537 ", 991 , 19.2 ," 304,526 "
28-Dec-2015, -   ,0.235, 0.009 , 0.099 , 0.084 , 0.009 , 0.290 , 0.165 , 2.772 ,3.429," 8,326 "," 1,025 ", 18.5 ," 306,335 "
29-Dec-2015, -   ,0.039, 0.009 , 0.098 , 0.091 , 0.009 , 0.045 , 0.016 , 1.979 ,2.885," 9,277 "," 1,083 ", 19.6 ," 329,190 "
30-Dec-2015, -   ,0.02, 0.009 , 0.106 , 0.108 , 0.010 , 0.446 , 0.128 , 1.704 ,2.527," 9,113 "," 1,098 ", 20.8 ," 339,157 "
31-Dec-2015, -   ,0, 0.010 , 0.119 , 0.105 , 0.011 , 0.332 , 0.107 , 1.814 ,2.636," 8,850 "," 1,067 ", 22.3 ," 347,679 "
01-Jan-2016, -   ,0.056, 0.010 , 0.113 , 0.106 , 0.011 , 0.671 , 0.297 , 1.567 ,2.475," 7,515 "," 1,037 ", 22.3 ," 329,353 "
02-Jan-2016, 1.00 ,0.527, 0.010 , 0.119 , 0.101 , 0.011 , 0.877 , 0.418 , 2.139 ,2.973," 5,635 ", 803 , 21.2 ," 323,134 "
03-Jan-2016, 1.00 ,10.674, 0.011 , 0.130 , 0.093 , 0.012 , 0.787 , 0.355 , 2.674 ,3.482," 5,092 ", 588 , 20.1 ," 317,666 "
04-Jan-2016, -   ,30.454, 0.012 , 0.137 , 0.095 , 0.012 , 0.600 , 0.342 , 3.292 ,3.935," 4,606 ", 505 , 19.8 ," 353,210 "
05-Jan-2016, -   ,44.807, 0.012 , 0.144 , 0.100 , 0.012 , 0.843 , 0.406 , 3.222 ,4.087," 3,888 ", 603 , 19.2 ," 358,083 "
06-Jan-2016, -   ,11.913, 0.011 , 0.129 , 0.096 , 0.012 , 0.400 , 0.246 , 3.999 ,4.618," 5,336 ", 863 , 18.9 ," 357,451 "
07-Jan-2016, -   ,0.427, 0.010 , 0.120 , 0.097 , 0.010 , 0.342 , 0.124 , 2.796 ,4.51," 8,494 "," 1,006 ", 19.1 ," 351,571 "
08-Jan-2016, -   ,0, 0.010 , 0.121 , 0.108 , 0.011 , 0.500 , 0.226 , 1.395 ,2.054," 8,895 "," 1,071 ", 20.2 ," 355,815 "
09-Jan-2016, 1.00 ,0.015, 0.012 , 0.139 , 0.110 , 0.012 , 0.367 , 0.211 , 1.329 ,1.984," 8,677 "," 1,039 ", 21.7 ," 344,217 "
10-Jan-2016, 1.00 ,0.053, 0.013 , 0.151 , 0.120 , 0.014 , 0.083 , 0.016 , 1.929 ,2.591," 9,010 "," 1,077 ", 23.2 ," 352,813 "
11-Jan-2016, -   ,0.837, 0.015 , 0.174 , 0.128 , 0.016 , 0.460 , 0.226 , 1.568 ,1.845," 7,746 "," 1,053 ", 25.5 ," 436,716 "
12-Jan-2016, -   ,0.271, 0.013 , 0.163 , 0.126 , 0.015 , 0.343 , 0.213 , 2.120 ,3.388," 7,357 ", 876 , 25.6 ," 435,360 "
13-Jan-2016, -   ,0.115, 0.015 , 0.171 , 0.129 , 0.015 , 0.145 , 0.080 , 1.924 ,2.142," 8,687 "," 1,055 ", 25.3 ," 438,033 "
14-Jan-2016, -   ,29.763, 0.013 , 0.157 , 0.120 , 0.019 , 0.675 , 0.275 , 3.688 ,5.977," 6,725 ", 942 , 25.9 ," 449,710 "
15-Jan-2016, -   ,4.591, 0.009 , 0.108 , 0.127 , 0.009 , 0.484 , 0.263 , 3.808 ,4.956," 6,610 ", 826 , 17.9 ," 360,496 "
16-Jan-2016, 1.00 ,0.884, 0.009 , 0.108 , 0.124 , 0.010 , 0.347 , 0.172 , 2.498 ,3.17," 6,993 ", 787 , 18.8 ," 326,492 "
17-Jan-2016, 1.00 ,0.158, 0.010 , 0.115 , 0.141 , 0.011 , 0.382 , 0.170 , 1.600 ,2.177," 8,187 ", 981 , 20.0 ," 324,007 "
18-Jan-2016, -   ,0.045, 0.011 , 0.125 , 0.128 , 0.012 , 0.133 , 0.101 , 1.657 ,2.086," 8,960 "," 1,071 ", 21.6 ," 383,093 "
19-Jan-2016, -   ,0.02, 0.012 , 0.135 , 0.133 , 0.014 , 0.298 , 0.126 , 2.006 ,2.552," 8,885 "," 1,072 ", 23.9 ," 425,666 "
20-Jan-2016, -   ,0.072, 0.014 , 0.156 , 0.142 , 0.015 , 0.837 , 0.436 , 1.643 ,2.24," 6,979 ", 985 , 25.9 ," 461,078 "
21-Jan-2016, -   ,21.339, 0.017 , 0.192 , 0.139 , 0.018 , 0.904 , 0.447 , 1.707 ,2.36," 5,480 ", 906 , 25.8 ," 471,786 "
22-Jan-2016, -   ,20.658, 0.016 , 0.185 , 0.109 , 0.018 , 0.650 , 0.254 , 1.899 ,3.195," 5,686 ", 786 , 24.6 ," 427,525 "
23-Jan-2016, 1.00 ,2.141, 0.013 , 0.151 , 0.095 , 0.013 , 0.278 , 0.154 , 2.434 ,3.238," 7,120 ", 888 , 23.0 ," 366,342 "
24-Jan-2016, 1.00 ,0.309, 0.012 , 0.149 , 0.106 , 0.013 , 0.450 , 0.137 , 1.756 ,2.364," 7,096 ", 903 , 21.9 ," 341,052 "
25-Jan-2016, -   ,4.144, 0.013 , 0.156 , 0.127 , 0.013 , 0.447 , 0.219 , 1.956 ,2.42," 6,612 ", 806 , 22.2 ," 378,815 "
26-Jan-2016, -   ,1.548, 0.013 , 0.155 , 0.133 , 0.013 , 0.691 , 0.301 , 2.206 ,2.753," 6,978 ", 944 , 22.5 ," 352,128 "
27-Jan-2016, -   ,5.84, 0.013 , 0.157 , 0.094 , 0.014 , 0.863 , 0.436 , 2.562 ,3.082," 3,749 ", 462 , 21.2 ," 385,893 "
28-Jan-2016, -   ,2.829, 0.014 , 0.172 , 0.087 , 0.015 , 0.634 , 0.342 , 1.778 ,2.201," 6,093 ", 832 , 22.4 ," 414,895 "
29-Jan-2016, -   ,12.733, 0.015 , 0.174 , 0.095 , 0.015 , 0.336 , 0.159 , 1.854 ,2.814," 6,419 ", 833 , 22.6 ," 412,778 "
30-Jan-2016, 1.00 ,11.183, 0.014 , 0.162 , 0.102 , 0.016 , 0.172 , 0.058 , 2.315 ,2.923," 7,978 "," 1,007 ", 22.6 ," 369,644 "
31-Jan-2016, 1.00 ,1.258, 0.010 , 0.122 , 0.124 , 0.011 , 0.491 , 0.145 , 1.769 ,2.928," 7,776 "," 1,037 ", 21.7 ," 356,754 "
01-Feb-2016, -   ,2.654, 0.011 , 0.128 , 0.137 , 0.012 , 0.223 , 0.150 , 1.869 ,2.293," 6,813 ", 929 , 20.9 ," 385,943 "
02-Feb-2016, -   ,0.148, 0.012 , 0.133 , 0.153 , 0.012 , 0.131 , 0.049 , 1.513 ,2.201," 8,286 "," 1,040 ", 21.1 ," 388,994 "
03-Feb-2016, -   ,8.108, 0.013 , 0.159 , 0.143 , 0.014 , 0.286 , 0.128 , 2.695 ,4.544," 7,180 ", 940 , 22.8 ," 409,881 "
04-Feb-2016, -   ,2.574, 0.011 , 0.139 , 0.134 , 0.013 , 0.348 , 0.146 , 4.361 ,5.13," 6,694 ", 874 , 21.0 ," 377,637 "
05-Feb-2016, -   ,1.959, 0.011 , 0.132 , 0.144 , 0.012 , 0.372 , 0.153 , 3.461 ,4.562," 6,625 ", 841 , 20.5 ," 368,441 "
06-Feb-2016, 1.00 ,1.193, 0.011 , 0.132 , 0.154 , 0.012 , 0.269 , 0.089 , 2.137 ,2.983," 7,653 ", 939 , 21.3 ," 345,193 "
07-Feb-2016, 1.00 ,0.068, 0.012 , 0.137 , 0.139 , 0.012 , 0.061 , 0.023 , 1.740 ,2.167," 8,269 "," 1,011 ", 22.0 ," 348,232 "
08-Feb-2016, -   ,0.262, 0.012 , 0.141 , 0.114 , 0.013 , 0.101 , 0.029 , 2.124 ,2.937," 8,287 "," 1,040 ", 22.6 ," 401,413 "
09-Feb-2016, -   ,0.151, 0.012 , 0.139 , 0.108 , 0.012 , 0.101 , 0.040 , 2.004 ,2.832," 8,055 ", 998 , 22.5 ," 403,206 "
10-Feb-2016, -   ,0.026, 0.012 , 0.145 , 0.107 , 0.013 , 0.187 , 0.139 , 1.894 ,2.604," 8,049 "," 1,028 ", 23.1 ," 410,951 "
11-Feb-2016, -   ,0.927, 0.013 , 0.148 , 0.129 , 0.013 , 0.712 , 0.341 , 1.712 ,2.443," 7,098 ", 937 , 23.1 ," 411,007 "
12-Feb-2016, -   ,0.082, 0.012 , 0.144 , 0.128 , 0.013 , 0.086 , 0.054 , 1.888 ,2.382," 7,486 ", 928 , 23.4 ," 421,946 "
13-Feb-2016, 1.00 ,0.024, 0.012 , 0.133 , 0.150 , 0.013 , 0.026 , 0.012 , 2.161 ,2.83," 8,091 "," 1,014 ", 24.2 ," 393,219 "
14-Feb-2016, 1.00 ,0.661, 0.013 , 0.145 , 0.139 , 0.014 , 0.201 , 0.097 , 2.000 ,2.742," 7,630 "," 1,007 ", 25.2 ," 393,270 "
15-Feb-2016, -   ,0.128, 0.012 , 0.137 , 0.121 , 0.014 , 0.371 , 0.189 , 2.037 ,3.112," 6,866 ", 841 , 24.1 ," 437,836 "
16-Feb-2016, -   ,0.225, 0.010 , 0.117 , 0.108 , 0.011 , 0.217 , 0.075 , 2.910 ,3.984," 7,620 "," 1,008 ", 22.3 ," 405,827 "
17-Feb-2016, -   ,0.076, 0.009 , 0.110 , 0.105 , 0.010 , 0.064 , 0.046 , 1.666 ,3.076," 7,573 ", 944 , 20.3 ," 383,909 "
18-Feb-2016, -   ,0.137, 0.012 , 0.135 , 0.115 , 0.013 , 0.068 , 0.026 , 1.983 ,2.508," 7,790 ", 996 , 21.8 ," 396,462 "
19-Feb-2016, -   ,0.421, 0.014 , 0.155 , 0.125 , 0.015 , 0.091 , 0.053 , 2.125 ,3.064," 7,505 ", 984 , 24.3 ," 434,777 "
20-Feb-2016, 1.00 ,5.317, 0.014 , 0.160 , 0.136 , 0.015 , 0.210 , 0.087 , 2.474 ,3.285," 6,943 ", 915 , 24.0 ," 382,943 "
21-Feb-2016, 1.00 ,0.466, 0.013 , 0.158 , 0.142 , 0.014 , 0.139 , 0.048 , 1.857 ,2.506," 7,437 ", 951 , 23.6 ," 370,034 "
22-Feb-2016, -   ,0.024, 0.013 , 0.147 , 0.121 , 0.013 , 0.346 , 0.110 , 1.999 ,2.593," 7,494 ", 982 , 24.7 ," 432,435 "
23-Feb-2016, -   ,0.012, 0.012 , 0.136 , 0.113 , 0.013 , 0.101 , 0.053 , 2.196 ,2.559," 7,715 ", 989 , 25.1 ," 440,782 "
24-Feb-2016, -   ,0.005, 0.012 , 0.134 , 0.129 , 0.013 , 0.211 , 0.069 , 2.204 ,2.638," 7,718 ", 982 , 26.0 ," 456,132 "
25-Feb-2016, -   ,0.029, 0.012 , 0.140 , 0.126 , 0.014 , 0.202 , 0.074 , 2.107 ,3.279," 7,380 ", 984 , 27.3 ," 484,358 "
26-Feb-2016, -   ,1.02, 0.013 , 0.155 , 0.124 , 0.013 , 0.313 , 0.148 , 2.784 ,3.207," 6,105 ", 754 , 24.9 ," 431,361 "
27-Feb-2016, 1.00 ,0.583, 0.012 , 0.136 , 0.109 , 0.012 , 0.102 , 0.030 , 2.044 ,2.99," 7,323 ", 951 , 23.4 ," 378,886 "
28-Feb-2016, 1.00 ,0.289, 0.012 , 0.134 , 0.104 , 0.012 , 0.166 , 0.054 , 1.870 ,2.733," 7,276 ", 969 , 23.3 ," 369,336 "
29-Feb-2016, -   ,0.774, 0.012 , 0.142 , 0.110 , 0.013 , 0.510 , 0.164 , 1.891 ,2.678," 6,817 ", 929 , 23.1 ," 409,255 "
01-Mar-2016, -   ,0.633, 0.012 , 0.137 , 0.128 , 0.012 , 0.300 , 0.197 , 2.187 ,2.861," 6,970 ", 922 , 23.7 ," 420,333 "
02-Mar-2016, -   ,0.317, 0.013 , 0.146 , 0.138 , 0.014 , 0.656 , 0.320 , 2.383 ,2.977," 6,176 ", 880 , 24.6 ," 430,494 "
03-Mar-2016, -   ,0.768, 0.013 , 0.151 , 0.131 , 0.014 , 0.245 , 0.126 , 2.369 ,3.205," 6,909 ", 913 , 25.3 ," 442,619 "
04-Mar-2016, -   ,0.029, 0.012 , 0.141 , 0.135 , 0.013 , 0.123 , 0.059 , 2.188 ,3.019," 7,173 ", 942 , 24.4 ," 427,599 "
05-Mar-2016, 1.00 ,0.07, 0.012 , 0.134 , 0.093 , 0.013 , 0.195 , 0.093 , 2.101 ,2.581," 7,150 ", 946 , 24.5 ," 391,388 "
06-Mar-2016, 1.00 ,0.209, 0.013 , 0.145 , 0.096 , 0.014 , 0.153 , 0.105 , 2.274 ,3.127," 7,042 ", 907 , 24.3 ," 380,977 "
07-Mar-2016, -   ,0.096, 0.013 , 0.143 , 0.105 , 0.014 , 0.087 , 0.035 , 2.031 ,2.59," 7,119 ", 941 , 24.8 ," 438,334 "
08-Mar-2016, -   ,0.706, 0.013 , 0.149 , 0.113 , 0.015 , 0.308 , 0.112 , 2.354 ,3.071," 6,976 ", 933 , 24.5 ," 432,971 "
09-Mar-2016, -   ,0.623, 0.013 , 0.150 , 0.124 , 0.015 , 0.528 , 0.231 , 1.802 ,2.666," 6,453 ", 908 , 25.5 ," 456,427 "
10-Mar-2016, -   ,2.531, 0.014 , 0.167 , 0.140 , 0.015 , 0.906 , 0.441 , 1.779 ,2.256," 4,457 ", 690 , 24.9 ," 446,847 "
11-Mar-2016, -   ,3.89, 0.014 , 0.171 , 0.165 , 0.015 , 0.398 , 0.161 , 1.886 ,2.424," 5,459 ", 759 , 24.2 ," 432,896 "
12-Mar-2016, 1.00 ,0.465, 0.014 , 0.158 , 0.167 , 0.014 , 0.584 , 0.249 , 2.008 ,2.562," 5,999 ", 784 , 24.8 ," 401,528 "
13-Mar-2016, 1.00 ,0.857, 0.014 , 0.154 , 0.153 , 0.015 , 0.648 , 0.324 , 1.790 ,2.744," 5,804 ", 847 , 24.6 ," 384,560 "
14-Mar-2016, -   ,4.696, 0.014 , 0.159 , 0.103 , 0.014 , 0.491 , 0.230 , 2.262 ,3.374," 5,572 ", 764 , 24.3 ," 423,177 "
15-Mar-2016, -   ,7.212, 0.013 , 0.149 , 0.101 , 0.013 , 0.728 , 0.314 , 2.999 ,3.542," 4,873 ", 677 , 22.0 ," 398,702 "
16-Mar-2016, -   ,4.444, 0.012 , 0.147 , 0.114 , 0.013 , 0.323 , 0.104 , 2.280 ,3.15," 5,762 ", 784 , 21.4 ," 393,312 "
17-Mar-2016, -   ,1.056, 0.012 , 0.141 , 0.123 , 0.013 , 0.224 , 0.156 , 2.346 ,3.508," 5,465 ", 828 , 21.9 ," 396,834 "
18-Mar-2016, -   ,3.113, 0.010 , 0.129 , 0.141 , 0.013 , 0.168 , 0.137 , 3.149 ,4.086," 5,195 ", 754 , 21.5 ," 386,635 "
19-Mar-2016, 1.00 ,0.717, 0.008 , 0.091 , 0.152 , 0.009 , 0.284 , 0.050 , 2.682 ,3.363," 6,455 ", 911 , 17.9 ," 337,407 "
20-Mar-2016, 1.00 ,5.521, 0.010 , 0.113 , 0.140 , 0.010 , 0.275 , 0.176 , 2.818 ,3.446," 4,460 ", 595 , 17.7 ," 328,673 "
21-Mar-2016, -   ,3.387, 0.010 , 0.114 , 0.137 , 0.010 , 0.221 , 0.141 , 2.834 ,3.377," 4,939 ", 710 , 17.6 ," 367,512 "
22-Mar-2016, -   ,1.373, 0.010 , 0.111 , 0.130 , 0.010 , 0.136 , 0.098 , 2.594 ,3.558," 5,209 ", 672 , 18.1 ," 371,193 "
23-Mar-2016, -   ,0.004, 0.009 , 0.097 , 0.128 , 0.009 , 0.318 , 0.085 , 1.440 ,2.173," 6,044 ", 856 , 19.5 ," 371,983 "
24-Mar-2016, -   ,0.087, 0.009 , 0.106 , 0.134 , 0.011 , 0.368 , 0.170 , 1.804 ,2.6," 5,735 ", 835 , 21.6 ," 377,286 "
25-Mar-2016, -   ,0.631, 0.010 , 0.118 , 0.138 , 0.011 , 0.330 , 0.238 , 1.424 ,1.869," 4,110 ", 632 , 21.3 ," 327,334 "
26-Mar-2016, 1.00 ,7.432, 0.011 , 0.129 , 0.132 , 0.012 , 0.137 , 0.066 , 1.665 ,2.696," 5,734 ", 818 , 20.9 ," 328,960 "
27-Mar-2016, 1.00 ,1.222, 0.012 , 0.141 , 0.124 , 0.013 , 0.446 , 0.207 , 1.867 ,2.382," 4,902 ", 741 , 20.8 ," 320,133 "
28-Mar-2016, -   ,0.638, 0.012 , 0.145 , 0.118 , 0.013 , 0.582 , 0.388 , 1.476 ,1.925," 4,316 ", 710 , 21.2 ," 334,974 "
29-Mar-2016, -   ,4.422, 0.012 , 0.136 , 0.145 , 0.013 , 0.604 , 0.274 , 1.465 ,2.269," 3,938 ", 582 , 20.6 ," 378,121 "
30-Mar-2016, -   ,0.496, 0.009 , 0.101 , 0.150 , 0.009 , 0.154 , 0.092 , 2.179 ,2.863," 5,238 ", 755 , 20.0 ," 374,324 "
31-Mar-2016, -   ,0.009, 0.009 , 0.110 , 0.107 , 0.010 , 0.099 , 0.028 , 1.606 ,2.512," 5,824 ", 821 , 19.0 ," 370,412 "
01-Apr-2016, -   ,0.003, 0.009 , 0.095 , 0.105 , 0.010 , 0.606 , 0.220 , 2.022 ,2.417," 5,698 ", 818 , 20.6 ," 372,807 "
02-Apr-2016, 1.00 ,0.106, 0.010 , 0.105 , 0.106 , 0.012 , 0.338 , 0.166 , 1.879 ,2.288," 5,446 ", 798 , 21.7 ," 344,991 "
03-Apr-2016, 1.00 ,2.024, 0.011 , 0.131 , 0.117 , 0.012 , 0.612 , 0.314 , 1.901 ,2.459," 4,189 ", 674 , 20.4 ," 335,195 "
04-Apr-2016, -   ,0.675, 0.012 , 0.137 , 0.130 , 0.012 , 0.299 , 0.234 , 2.044 ,2.691," 4,034 ", 605 , 20.2 ," 379,471 "
05-Apr-2016, -   ,0, 0.011 , 0.124 , 0.129 , 0.012 , 0.201 , 0.046 , 2.509 ,3.293," 5,530 ", 791 , 22.0 ," 387,324 "
06-Apr-2016, -   ,0.066, 0.010 , 0.120 , 0.129 , 0.011 , 0.641 , 0.245 , 2.536 ,3.395," 5,126 ", 784 , 23.5 ," 398,917 "
07-Apr-2016, -   ,0.083, 0.009 , 0.107 , 0.139 , 0.010 , 0.847 , 0.400 , 1.865 ,3.126," 3,596 ", 571 , 19.9 ," 377,327 "
08-Apr-2016, -   ,0.628, 0.010 , 0.115 , 0.144 , 0.011 , 0.481 , 0.256 , 1.376 ,1.751," 3,017 ", 556 , 18.7 ," 377,472 "
09-Apr-2016, 1.00 ,0.107, 0.009 , 0.102 , 0.144 , 0.010 , 0.751 , 0.316 , 1.486 ,2.506," 4,922 ", 746 , 19.5 ," 342,174 "
10-Apr-2016, 1.00 ,0.359, 0.008 , 0.090 , 0.138 , 0.009 , 0.246 , 0.176 , 1.694 ,2.604," 4,922 ", 745 , 20.3 ," 328,489 "
11-Apr-2016, -   ,1.101, 0.009 , 0.101 , 0.122 , 0.010 , 0.353 , 0.131 , 2.075 ,2.744," 4,798 ", 718 , 18.8 ," 364,350 "
12-Apr-2016, -   ,0.529, 0.010 , 0.114 , 0.123 , 0.010 , 0.191 , 0.114 , 2.042 ,2.361," 4,320 ", 610 , 18.4 ," 372,397 "
13-Apr-2016, -   ,0.509, 0.010 , 0.115 , 0.130 , 0.011 , 0.232 , 0.103 , 1.804 ,2.218," 4,767 ", 712 , 18.8 ," 365,382 "
14-Apr-2016, -   ,0.165, 0.010 , 0.120 , 0.145 , 0.010 , 0.550 , 0.255 , 1.926 ,2.496," 4,412 ", 659 , 19.4 ," 370,131 "
15-Apr-2016, -   ,0.03, 0.009 , 0.108 , 0.158 , 0.010 , 0.745 , 0.349 , 1.804 ,2.587," 4,531 ", 700 , 20.0 ," 370,703 "
16-Apr-2016, 1.00 ,1.957, 0.011 , 0.118 , 0.184 , 0.012 , 0.850 , 0.403 , 1.520 ,2.17," 3,214 ", 475 , 19.9 ," 343,374 "
17-Apr-2016, 1.00 ,2.812, 0.011 , 0.125 , 0.156 , 0.011 , 0.671 , 0.268 , 2.132 ,3.065," 3,207 ", 484 , 18.6 ," 332,094 "
18-Apr-2016, -   ,2.477, 0.011 , 0.125 , 0.180 , 0.011 , 0.315 , 0.141 , 1.594 ,2.076," 4,024 ", 594 , 18.1 ," 367,073 "
19-Apr-2016, -   ,0.115, 0.011 , 0.124 , 0.148 , 0.011 , 0.592 , 0.208 , 1.233 ,1.624," 4,533 ", 688 , 19.0 ," 371,556 "
20-Apr-2016, -   ,0.087, 0.010 , 0.119 , 0.103 , 0.011 , 0.355 , 0.101 , 1.334 ,1.818," 4,689 ", 706 , 19.8 ," 372,268 "
21-Apr-2016, -   ,0.139, 0.010 , 0.113 , 0.115 , 0.011 , 0.161 , 0.110 , 1.595 ,1.972," 4,471 ", 679 , 20.4 ," 377,413 "
22-Apr-2016, -   ,3.964, 0.010 , 0.116 , 0.122 , 0.011 , 0.332 , 0.125 , 3.010 ,4.314," 3,917 ", 645 , 19.5 ," 373,194 "
23-Apr-2016, 1.00 ,1.786, 0.009 , 0.101 , 0.141 , 0.009 , 0.286 , 0.154 , 3.292 ,4.413," 3,736 ", 585 , 17.3 ," 337,349 "
24-Apr-2016, 1.00 ,0.153, 0.008 , 0.096 , 0.152 , 0.008 , 0.258 , 0.118 , 2.230 ,3.271," 4,150 ", 646 , 17.4 ," 323,721 "
25-Apr-2016, -   ,0.088, 0.009 , 0.101 , 0.175 , 0.010 , 0.080 , 0.043 , 1.667 ,2.095," 4,429 ", 655 , 17.6 ," 324,886 "
26-Apr-2016, -   ,0.044, 0.009 , 0.101 , 0.209 , 0.010 , 0.066 , 0.028 , 1.796 ,2.193," 4,530 ", 675 , 18.2 ," 367,435 "
27-Apr-2016, -   ,0.078, 0.010 , 0.108 , 0.196 , 0.011 , 0.323 , 0.138 , 1.979 ,2.49," 4,383 ", 676 , 18.4 ," 367,974 "
28-Apr-2016, -   ,0.004, 0.009 , 0.106 , 0.154 , 0.010 , 0.580 , 0.259 , 1.736 ,2.155," 4,082 ", 585 , 19.4 ," 369,120 "
29-Apr-2016, -   ,1.138, 0.011 , 0.121 , 0.144 , 0.012 , 0.884 , 0.410 , 1.718 ,2.317," 3,648 ", 625 , 20.3 ," 369,499 "
30-Apr-2016, 1.00 ,0.898, 0.012 , 0.139 , 0.154 , 0.012 , 0.499 , 0.333 , 1.805 ,3.155," 2,306 ", 396 , 20.1 ," 342,598 "
01-May-2016, 1.00 ,0.827, 0.009 , 0.108 , 0.156 , 0.011 , 0.158 , 0.115 , 2.243 ,3.525," 3,412 ", 496 , 19.3 ," 328,380 "
02-May-2016, -   ,0.742, 0.007 , 0.080 , 0.156 , 0.008 , 0.293 , 0.181 , 1.561 ,2.437," 3,737 ", 669 , 16.5 ," 364,324 "
03-May-2016, -   ,0.097, 0.007 , 0.083 , 0.169 , 0.007 , 0.075 , 0.009 , 2.289 ,2.813," 4,364 ", 670 , 16.8 ," 364,273 "
04-May-2016, -   ,0, 0.007 , 0.084 , 0.176 , 0.008 , 0.009 , 0.006 , 1.527 ,2.061," 4,274 ", 656 , 17.1 ," 365,034 "
05-May-2016, -   ,0, 0.008 , 0.087 , 0.180 , 0.009 , 0.345 , 0.201 , 1.533 ,1.939," 3,980 ", 652 , 16.6 ," 369,725 "
06-May-2016, -   ,0, 0.007 , 0.084 , 0.166 , 0.008 , 0.110 , 0.104 , 1.181 ,1.542," 3,847 ", 563 , 17.6 ," 369,712 "
07-May-2016, 1.00 ,0.037, 0.010 , 0.109 , 0.130 , 0.011 , 0.705 , 0.320 , 1.596 ,1.859," 3,466 ", 637 , 18.3 ," 344,007 "
08-May-2016, 1.00 ,6.222, 0.011 , 0.129 , 0.137 , 0.012 , 0.910 , 0.455 , 2.107 ,3.121," 1,521 ", 267 , 18.0 ," 340,549 "
09-May-2016, -   ,2.618, 0.010 , 0.128 , 0.146 , 0.013 , 0.653 , 0.308 , 3.273 ,4.032," 2,227 ", 400 , 18.7 ," 372,190 "
10-May-2016, -   ,0.406, 0.007 , 0.086 , 0.163 , 0.008 , 0.105 , 0.057 , 3.243 ,4.308," 3,782 ", 572 , 17.3 ," 370,499 "
11-May-2016, -   ,0.116, 0.006 , 0.069 , 0.132 , 0.007 , 0.185 , 0.078 , 2.819 ,3.076," 3,975 ", 624 , 14.6 ," 368,161 "
12-May-2016, -   ,0.079, 0.008 , 0.093 , 0.140 , 0.008 , 0.365 , 0.143 , 2.232 ,3.061," 3,871 ", 600 , 15.8 ," 370,292 "
13-May-2016, -   ,0.005, 0.008 , 0.088 , 0.138 , 0.008 , 0.032 , 0.016 , 1.465 ,1.981," 3,981 ", 617 , 16.8 ," 367,775 "
14-May-2016, 1.00 ,0, 0.007 , 0.074 , 0.143 , 0.007 , 0.058 , 0.030 , 1.592 ,2.032," 3,991 ", 632 , 16.5 ," 341,713 "
15-May-2016, 1.00 ,0, 0.007 , 0.083 , 0.153 , 0.007 , 0.105 , 0.086 , 1.719 ,2.32," 3,676 ", 590 , 17.1 ," 328,149 "
16-May-2016, -   ,0.134, 0.008 , 0.090 , 0.143 , 0.009 , 0.409 , 0.081 , 1.905 ,2.226," 3,719 ", 596 , 16.9 ," 366,747 "
17-May-2016, -   ,0, 0.007 , 0.082 , 0.144 , 0.007 , 0.212 , 0.156 , 1.718 ,2.383," 3,653 ", 595 , 17.6 ," 367,361 "
18-May-2016, -   ,0, 0.007 , 0.075 , 0.155 , 0.007 , 0.433 , 0.261 , 1.893 ,2.785," 2,348 ", 422 , 14.9 ," 376,993 "
19-May-2016, -   ,0.041, 0.006 , 0.077 , 0.155 , 0.007 , 0.044 , 0.025 , 2.227 ,2.893," 3,761 ", 595 , 14.9 ," 372,292 "
20-May-2016, -   ,0, 0.008 , 0.090 , 0.148 , 0.008 , 0.341 , 0.159 , 1.620 ,2.817," 3,509 ", 589 , 15.6 ," 372,638 "
21-May-2016, 1.00 ,0, 0.009 , 0.102 , 0.167 , 0.009 , 0.737 , 0.286 , 1.462 ,1.796," 2,941 ", 500 , 15.9 ," 349,494 "
22-May-2016, 1.00 ,0.008, 0.009 , 0.102 , 0.156 , 0.009 , 0.461 , 0.151 , 1.867 ,2.858," 3,458 ", 561 , 17.6 ," 336,309 "
23-May-2016, -   ,0.003, 0.006 , 0.079 , 0.128 , 0.008 , 0.102 , 0.084 , 3.098 ,3.772," 3,521 ", 550 , 17.0 ," 368,335 "
24-May-2016, -   ,0, 0.006 , 0.069 , 0.110 , 0.007 , 0.110 , 0.083 , 2.382 ,3.228," 3,589 ", 579 , 13.7 ," 378,426 "
25-May-2016, -   ,0.393, 0.006 , 0.070 , 0.134 , 0.007 , 0.823 , 0.366 , 1.615 ,2.868," 2,944 ", 567 , 13.4 ," 385,369 "
26-May-2016, -   ,1.724, 0.007 , 0.081 , 0.164 , 0.008 , 0.230 , 0.137 , 3.202 ,4.363," 2,502 ", 426 , 13.9 ," 391,990 "
27-May-2016, -   ,0.247, 0.006 , 0.065 , 0.167 , 0.006 , 0.129 , 0.089 , 3.406 ,4.82," 3,288 ", 570 , 12.2 ," 385,596 "
28-May-2016, 1.00 ,0.993, 0.006 , 0.072 , 0.167 , 0.006 , 0.240 , 0.174 , 2.886 ,3.314," 2,370 ", 382 , 10.7 ," 388,561 "
29-May-2016, 1.00 ,0.005, 0.005 , 0.059 , 0.162 , 0.005 , 0.033 , 0.017 , 1.999 ,2.838," 3,547 ", 570 , 10.8 ," 374,580 "
30-May-2016, -   ,0.411, 0.006 , 0.070 , 0.152 , 0.007 , 0.274 , 0.168 , 1.565 ,1.983," 3,214 ", 572 , 10.6 ," 418,815 "
31-May-2016, -   ,5.276, 0.008 , 0.094 , 0.152 , 0.008 , 0.554 , 0.312 , 1.727 ,1.872," 2,133 ", 389 , 12.2 ," 426,801 "
01-Jun-2016, -   ,1.758, 0.007 , 0.090 , 0.152 , 0.008 , 0.624 , 0.342 , 1.207 ,1.378," 2,162 ", 366 , 13.4 ," 414,102 "
02-Jun-2016, -   ,0.463, 0.008 , 0.094 , 0.158 , 0.008 , 0.835 , 0.369 , 1.511 ,1.624," 2,112 ", 360 , 13.5 ," 408,788 "
03-Jun-2016, -   ,8.175, 0.010 , 0.113 , 0.156 , 0.011 , 0.968 , 0.482 , 2.413 ,3.838," 1,590 ", 354 , 14.2 ," 407,816 "
04-Jun-2016, 1.00 ,51.354, 0.011 , 0.132 , 0.142 , 0.011 , 0.942 , 0.471 , 4.584 ,5.32, 693 , 112 , 15.9 ," 387,868 "
05-Jun-2016, 1.00 ,57.447, 0.010 , 0.114 , 0.143 , 0.011 , 0.885 , 0.442 , 3.960 ,5.457, 846 , 153 , 15.6 ," 380,818 "
06-Jun-2016, -   ,2.114, 0.007 , 0.084 , 0.154 , 0.007 , 0.357 , 0.243 , 3.263 ,3.828," 1,930 ", 330 , 12.0 ," 403,668 "
07-Jun-2016, -   ,0.55, 0.007 , 0.084 , 0.143 , 0.007 , 0.234 , 0.137 , 2.714 ,3.132," 2,881 ", 493 , 12.0 ," 412,969 "
08-Jun-2016, -   ,0.367, 0.007 , 0.091 , 0.162 , 0.008 , 0.198 , 0.074 , 2.286 ,3.093," 3,126 ", 528 , 13.1 ," 401,964 "
09-Jun-2016, -   ,0.657, 0.008 , 0.096 , 0.166 , 0.008 , 0.113 , 0.059 , 2.824 ,3.72," 2,948 ", 482 , 14.6 ," 388,501 "
10-Jun-2016, -   ,0.068, 0.007 , 0.084 , 0.154 , 0.008 , 0.080 , 0.041 , 2.207 ,2.917," 3,194 ", 527 , 13.4 ," 387,662 "
11-Jun-2016, 1.00 ,0.015, 0.006 , 0.079 , 0.146 , 0.007 , 0.253 , 0.116 , 2.706 ,3.125," 3,071 ", 520 , 11.8 ," 368,622 "
12-Jun-2016, 1.00 ,0.15, 0.006 , 0.074 , 0.162 , 0.007 , 0.257 , 0.107 , 1.570 ,2.369," 2,961 ", 496 , 11.0 ," 377,432 "
13-Jun-2016, -   ,0.111, 0.007 , 0.085 , 0.163 , 0.008 , 0.216 , 0.101 , 1.706 ,2.056," 2,939 ", 483 , 12.2 ," 381,889 "
14-Jun-2016, -   ,0.117, 0.007 , 0.086 , 0.167 , 0.008 , 0.294 , 0.070 , 1.662 ,2.086," 3,178 ", 523 , 12.7 ," 413,701 "
15-Jun-2016, -   ,0.02, 0.007 , 0.082 , 0.168 , 0.008 , 0.144 , 0.071 , 1.511 ,1.98," 3,095 ", 523 , 12.6 ," 417,776 "
16-Jun-2016, -   ,0.123, 0.008 , 0.091 , 0.176 , 0.008 , 0.341 , 0.159 , 1.988 ,2.475," 2,961 ", 516 , 12.4 ," 409,962 "
17-Jun-2016, -   ,2.535, 0.009 , 0.110 , 0.178 , 0.010 , 0.854 , 0.425 , 2.011 ,2.884," 2,008 ", 401 , 13.7 ," 412,246 "
18-Jun-2016, 1.00 ,0.849, 0.010 , 0.120 , 0.167 , 0.010 , 0.912 , 0.431 , 1.753 ,2.479," 2,260 ", 440 , 14.8 ," 379,003 "
19-Jun-2016, 1.00 ,27.922, 0.011 , 0.120 , 0.170 , 0.012 , 0.906 , 0.425 , 3.339 ,4.452, 914 , 219 , 15.0 ," 381,861 "
20-Jun-2016, -   ,1.038, 0.008 , 0.091 , 0.173 , 0.008 , 0.387 , 0.176 , 3.707 ,4.331," 2,487 ", 455 , 13.6 ," 405,408 "
21-Jun-2016, -   ,0.998, 0.006 , 0.079 , 0.160 , 0.007 , 0.651 , 0.242 , 3.225 ,3.924," 2,286 ", 383 , 11.8 ," 416,572 "
22-Jun-2016, -   ,0.088, 0.006 , 0.078 , 0.151 , 0.007 , 0.387 , 0.170 , 2.731 ,3.836," 2,866 ", 492 , 11.7 ," 409,105 "
23-Jun-2016, -   ,0.744, 0.007 , 0.079 , 0.143 , 0.008 , 0.198 , 0.110 , 2.686 ,3.422," 2,832 ", 476 , 11.1 ," 421,538 "
24-Jun-2016, -   ,0.659, 0.005 , 0.065 , 0.138 , 0.007 , 0.188 , 0.091 , 3.977 ,4.786," 2,797 ", 453 , 10.4 ," 430,349 "
25-Jun-2016, 1.00 ,0.028, 0.005 , 0.056 , 0.097 , 0.005 , 0.219 , 0.173 , 2.333 ,3.468," 3,084 ", 532 , 7.4 ," 422,451 "
26-Jun-2016, 1.00 ,0.025, 0.005 , 0.062 , 0.104 , 0.006 , 0.886 , 0.449 , 1.479 ,2.172," 1,806 ", 381 , 7.5 ," 429,514 "
27-Jun-2016, -   ,1.017, 0.006 , 0.067 , 0.120 , 0.006 , 0.613 , 0.306 , 3.044 ,3.618," 1,813 ", 314 , 7.8 ," 471,465 "
28-Jun-2016, -   ,0.01, 0.006 , 0.068 , 0.120 , 0.006 , 0.086 , 0.045 , 2.249 ,3.233," 3,122 ", 510 , 8.8 ," 460,425 "
29-Jun-2016, -   ,0, 0.006 , 0.066 , 0.120 , 0.006 , 0.132 , 0.095 , 1.564 ,2.284," 3,216 ", 529 , 9.4 ," 455,891 "
30-Jun-2016, -   ,0.433, 0.005 , 0.063 , 0.107 , 0.006 , 0.282 , 0.212 , 2.766 ,3.1," 2,958 ", 514 , 9.3 ," 464,388 "
01-Jul-2016, -   ,0.021, 0.006 , 0.071 , 0.118 , 0.006 , 0.126 , 0.070 , 2.638 ,3.349," 2,921 ", 485 , 9.5 ," 441,821 "
02-Jul-2016, 1.00 ,0.006, 0.006 , 0.072 , 0.127 , 0.006 , 0.100 , 0.050 , 1.859 ,2.326," 3,175 ", 523 , 9.6 ," 408,352 "
03-Jul-2016, 1.00 ,0.01, 0.006 , 0.064 , 0.138 , 0.006 , 0.094 , 0.051 , 1.464 ,1.971," 3,206 ", 526 , 9.8 ," 402,696 "
04-Jul-2016, -   ,0.998, 0.006 , 0.075 , 0.143 , 0.008 , 0.816 , 0.358 , 1.564 ,2.069," 2,424 ", 515 , 9.4 ," 453,380 "
05-Jul-2016, -   ,2.705, 0.007 , 0.085 , 0.154 , 0.008 , 0.425 , 0.187 , 3.035 ,4.133," 2,401 ", 428 , 10.7 ," 453,428 "
06-Jul-2016, -   ,5.322, 0.008 , 0.091 , 0.142 , 0.009 , 0.556 , 0.276 , 3.984 ,4.417," 1,977 ", 362 , 10.1 ," 443,334 "
07-Jul-2016, -   ,9.216, 0.009 , 0.104 , 0.103 , 0.009 , 0.601 , 0.268 , 2.621 ,4.164," 2,250 ", 427 , 12.9 ," 431,884 "
08-Jul-2016, -   ,6.119, 0.008 , 0.095 , 0.117 , 0.009 , 0.593 , 0.340 , 1.729 ,2.106," 1,440 ", 281 , 12.2 ," 434,917 "
09-Jul-2016, 1.00 ,0.282, 0.008 , 0.093 , 0.111 , 0.008 , 0.494 , 0.220 , 1.617 ,2.135," 2,702 ", 458 , 12.1 ," 402,119 "
10-Jul-2016, 1.00 ,0.443, 0.008 , 0.093 , 0.121 , 0.008 , 0.790 , 0.320 , 1.999 ,3.106," 2,626 ", 496 , 12.6 ," 383,302 "
11-Jul-2016, -   ,1.254, 0.008 , 0.100 , 0.136 , 0.009 , 0.428 , 0.275 , 2.877 ,3.515," 2,444 ", 378 , 13.6 ," 412,300 "
12-Jul-2016, -   ,0.411, 0.006 , 0.070 , 0.143 , 0.007 , 0.774 , 0.359 , 4.206 ,4.865," 2,474 ", 419 , 13.0 ," 410,155 "
13-Jul-2016, -   ,0.027, 0.005 , 0.053 , 0.140 , 0.005 , 0.528 , 0.210 , 3.183 ,5.18," 3,190 ", 525 , 9.0 ," 439,457 "
14-Jul-2016, -   ,0.013, 0.005 , 0.060 , 0.130 , 0.005 , 0.171 , 0.109 , 2.168 ,2.442," 3,244 ", 517 , 8.1 ," 449,775 "
15-Jul-2016, -   ,0.004, 0.006 , 0.069 , 0.114 , 0.007 , 0.370 , 0.139 , 1.485 ,2.028," 3,234 ", 555 , 9.0 ," 448,950 "
16-Jul-2016, 1.00 ,0.376, 0.008 , 0.094 , 0.118 , 0.008 , 0.770 , 0.345 , 1.537 ,1.895," 2,517 ", 423 , 11.2 ," 414,835 "
17-Jul-2016, 1.00 ,0.152, 0.008 , 0.098 , 0.123 , 0.009 , 0.199 , 0.084 , 1.612 ,1.896," 3,168 ", 521 , 13.7 ," 380,844 "
18-Jul-2016, -   ,0.187, 0.009 , 0.111 , 0.114 , 0.010 , 0.205 , 0.104 , 1.595 ,2.31," 3,379 ", 564 , 14.5 ," 397,436 "
19-Jul-2016, -   ,4.907, 0.011 , 0.126 , 0.101 , 0.011 , 0.545 , 0.230 , 0.991 ,1.726," 2,796 ", 528 , 16.7 ," 393,814 "
20-Jul-2016, -   ,9.945, 0.010 , 0.124 , 0.118 , 0.011 , 0.573 , 0.312 , 1.804 ,2.208," 1,569 ", 295 , 15.6 ," 406,051 "
21-Jul-2016, -   ,0.432, 0.010 , 0.116 , 0.118 , 0.010 , 0.280 , 0.121 , 1.551 ,2.928," 2,847 ", 446 , 14.7 ," 397,983 "
22-Jul-2016, -   ,4.284, 0.010 , 0.108 , 0.122 , 0.012 , 0.230 , 0.112 , 3.568 ,4.928," 3,199 ", 513 , 16.6 ," 382,045 "
23-Jul-2016, 1.00 ,0.036, 0.005 , 0.063 , 0.120 , 0.006 , 0.181 , 0.149 , 3.128 ,4.889," 3,451 ", 577 , 12.9 ," 364,602 "
24-Jul-2016, 1.00 ,0.523, 0.005 , 0.057 , 0.119 , 0.006 , 0.184 , 0.115 , 2.477 ,3.516," 3,156 ", 483 , 8.3 ," 404,533 "
25-Jul-2016, -   ,0.149, 0.005 , 0.064 , 0.134 , 0.006 , 0.071 , 0.034 , 2.753 ,3.618," 3,590 ", 554 , 9.7 ," 426,437 "
26-Jul-2016, -   ,0.198, 0.006 , 0.066 , 0.130 , 0.006 , 0.112 , 0.048 , 2.147 ,3.554," 3,711 ", 601 , 10.6 ," 423,632 "
27-Jul-2016, -   ,0.075, 0.006 , 0.072 , 0.131 , 0.006 , 0.083 , 0.040 , 2.811 ,4.026," 3,607 ", 557 , 10.9 ," 420,295 "
28-Jul-2016, -   ,0.031, 0.006 , 0.067 , 0.131 , 0.006 , 0.065 , 0.035 , 1.888 ,2.335," 3,807 ", 599 , 10.5 ," 423,114 "
29-Jul-2016, -   ,0.017, 0.006 , 0.066 , 0.131 , 0.006 , 0.175 , 0.082 , 1.944 ,2.384," 3,863 ", 615 , 9.9 ," 426,702 "
30-Jul-2016, 1.00 ,0.029, 0.007 , 0.080 , 0.124 , 0.007 , 0.131 , 0.094 , 1.599 ,2.236," 3,636 ", 598 , 10.7 ," 396,884 "
31-Jul-2016, 1.00 ,0.019, 0.007 , 0.084 , 0.130 , 0.007 , 0.089 , 0.060 , 1.743 ,2.339," 3,575 ", 545 , 12.2 ," 377,308 "
01-Aug-2016, -   ,1.741, 0.007 , 0.087 , 0.108 , 0.008 , 0.631 , 0.234 , 1.695 ,2.517," 3,051 ", 528 , 12.6 ," 421,802 "
02-Aug-2016, -   ,14.625, 0.007 , 0.091 , 0.096 , 0.008 , 0.794 , 0.432 , 3.688 ,3.984," 1,685 ", 365 , 11.3 ," 442,717 "
03-Aug-2016, -   ,6.887, 0.007 , 0.091 , 0.108 , 0.008 , 0.612 , 0.334 , 4.159 ,4.568," 1,669 ", 328 , 11.1 ," 450,353 "
04-Aug-2016, -   ,2.884, 0.007 , 0.084 , 0.115 , 0.007 , 0.427 , 0.209 , 3.134 ,4.312," 3,021 ", 501 , 11.6 ," 441,130 "
05-Aug-2016, -   ,0.653, 0.007 , 0.085 , 0.122 , 0.008 , 0.586 , 0.286 , 2.068 ,2.665," 2,258 ", 379 , 11.2 ," 437,792 "
06-Aug-2016, 1.00 ,0.459, 0.007 , 0.084 , 0.119 , 0.007 , 0.786 , 0.344 , 1.547 ,1.849," 2,660 ", 466 , 11.2 ," 405,108 "
07-Aug-2016, 1.00 ,0.956, 0.007 , 0.084 , 0.128 , 0.007 , 0.423 , 0.211 , 1.093 ,1.353," 3,193 ", 530 , 11.7 ," 385,889 "
08-Aug-2016, -   ,0.173, 0.007 , 0.079 , 0.144 , 0.007 , 0.221 , 0.131 , 1.399 ,1.681," 3,273 ", 477 , 11.9 ," 412,672 "
09-Aug-2016, -   ,0.193, 0.007 , 0.082 , 0.127 , 0.008 , 0.434 , 0.236 , 2.186 ,2.964," 3,480 ", 622 , 12.3 ," 415,894 "
10-Aug-2016, -   ,0.249, 0.008 , 0.091 , 0.088 , 0.009 , 0.414 , 0.089 , 2.343 ,3.032," 3,992 ", 624 , 14.3 ," 386,993 "
11-Aug-2016, -   ,0.058, 0.006 , 0.067 , 0.082 , 0.006 , 0.106 , 0.067 , 2.073 ,2.99," 4,147 ", 620 , 12.1 ," 395,890 "
12-Aug-2016, -   ,0.012, 0.006 , 0.064 , 0.084 , 0.006 , 0.374 , 0.193 , 2.118 ,2.745," 4,215 ", 670 , 10.0 ," 414,611 "
13-Aug-2016, 1.00 ,0, 0.006 , 0.072 , 0.093 , 0.006 , 0.046 , 0.028 , 2.013 ,2.652," 4,465 ", 675 , 11.3 ," 378,807 "
14-Aug-2016, 1.00 ,0.002, 0.007 , 0.081 , 0.100 , 0.007 , 0.099 , 0.042 , 1.605 ,2.23," 4,417 ", 679 , 11.9 ," 370,895 "
15-Aug-2016, -   ,0.003, 0.007 , 0.085 , 0.087 , 0.008 , 0.028 , 0.014 , 1.755 ,1.971," 4,489 ", 671 , 12.8 ," 401,594 "
16-Aug-2016, -   ,0.005, 0.007 , 0.084 , 0.128 , 0.007 , 0.073 , 0.032 , 1.738 ,2.018," 4,564 ", 691 , 13.3 ," 397,238 "
17-Aug-2016, -   ,0.025, 0.007 , 0.085 , 0.141 , 0.008 , 0.190 , 0.126 , 1.437 ,2.014," 4,376 ", 665 , 13.7 ," 391,093 "
18-Aug-2016, -   ,0, 0.007 , 0.081 , 0.118 , 0.008 , 0.015 , 0.008 , 1.833 ,2.571," 4,645 ", 693 , 14.1 ," 388,958 "
19-Aug-2016, -   ,1.837, 0.007 , 0.081 , 0.087 , 0.008 , 0.229 , 0.072 , 3.030 ,3.479," 4,420 ", 682 , 14.1 ," 385,083 "
20-Aug-2016, 1.00 ,0.254, 0.005 , 0.061 , 0.071 , 0.006 , 0.081 , 0.046 , 2.757 ,3.586," 4,477 ", 674 , 11.2 ," 367,227 "
21-Aug-2016, 1.00 ,0.031, 0.006 , 0.066 , 0.096 , 0.006 , 0.442 , 0.192 , 1.236 ,2.165," 4,351 ", 703 , 10.8 ," 368,259 "
22-Aug-2016, -   ,3.962, 0.007 , 0.078 , 0.096 , 0.007 , 0.554 , 0.313 , 1.704 ,2.605," 2,889 ", 547 , 11.0 ," 438,156 "
23-Aug-2016, -   ,1.597, 0.007 , 0.087 , 0.084 , 0.008 , 0.831 , 0.408 , 2.161 ,2.713," 2,461 ", 525 , 11.0 ," 426,192 "
24-Aug-2016, -   ,22.273, 0.008 , 0.091 , 0.084 , 0.008 , 0.771 , 0.375 , 2.903 ,3.847," 1,852 ", 291 , 11.2 ," 440,678 "
25-Aug-2016, -   ,0.639, 0.006 , 0.073 , 0.095 , 0.007 , 0.191 , 0.112 , 2.424 ,3.51," 4,117 ", 624 , 10.1 ," 428,326 "
26-Aug-2016, -   ,0.964, 0.006 , 0.067 , 0.084 , 0.006 , 0.213 , 0.131 , 2.287 ,2.85," 3,898 ", 566 , 9.3 ," 430,212 "
27-Aug-2016, 1.00 ,0.027, 0.005 , 0.060 , 0.084 , 0.006 , 0.131 , 0.068 , 1.828 ,2.489," 5,040 ", 733 , 10.3 ," 386,322 "
28-Aug-2016, 1.00 ,0.001, 0.006 , 0.066 , 0.075 , 0.006 , 0.168 , 0.121 , 1.560 ,2.478," 4,968 ", 749 , 11.2 ," 369,885 "
29-Aug-2016, -   ,0.01, 0.007 , 0.074 , 0.093 , 0.007 , 0.791 , 0.367 , 1.352 ,1.813," 3,621 ", 591 , 12.1 ," 407,652 "
30-Aug-2016, -   ,0.495, 0.008 , 0.097 , 0.104 , 0.009 , 0.866 , 0.402 , 2.235 ,3," 2,979 ", 421 , 14.1 ," 403,033 "
31-Aug-2016, -   ,1.331, 0.009 , 0.108 , 0.108 , 0.010 , 0.234 , 0.172 , 2.101 ,3.272," 3,474 ", 562 , 15.5 ," 390,266 "
01-Sep-2016, -   ,4.251, 0.008 , 0.098 , 0.090 , 0.010 , 0.650 , 0.243 , 1.598 ,2.181," 4,087 ", 734 , 14.9 ," 381,831 "
02-Sep-2016, -   ,17.852, 0.010 , 0.114 , 0.072 , 0.011 , 0.762 , 0.381 , 3.248 ,5.095," 1,813 ", 464 , 14.6 ," 397,907 "
03-Sep-2016, 1.00 ,0.172, 0.006 , 0.079 , 0.073 , 0.007 , 0.115 , 0.066 , 3.263 ,5.427," 4,987 ", 710 , 13.8 ," 356,362 "
04-Sep-2016, 1.00 ,0.031, 0.006 , 0.072 , 0.078 , 0.007 , 0.047 , 0.023 , 1.577 ,2.39," 5,377 ", 767 , 12.5 ," 345,613 "
05-Sep-2016, -   ,0.005, 0.007 , 0.080 , 0.085 , 0.008 , 0.147 , 0.024 , 1.343 ,1.636," 5,458 ", 782 , 12.7 ," 384,206 "
06-Sep-2016, -   ,0.031, 0.009 , 0.099 , 0.071 , 0.009 , 0.075 , 0.033 , 1.323 ,1.881," 5,423 ", 782 , 14.3 ," 384,760 "
07-Sep-2016, -   ,0.113, 0.009 , 0.108 , 0.072 , 0.010 , 0.445 , 0.122 , 1.902 ,2.441," 5,211 ", 756 , 15.3 ," 379,011 "
08-Sep-2016, -   ,0.025, 0.009 , 0.108 , 0.060 , 0.010 , 0.151 , 0.096 , 2.600 ,3.112," 5,103 ", 766 , 16.3 ," 378,614 "
09-Sep-2016, -   ,4.6, 0.010 , 0.105 , 0.079 , 0.011 , 0.667 , 0.271 , 3.437 ,4.218," 4,498 ", 677 , 16.3 ," 373,419 "
10-Sep-2016, 1.00 ,0.751, 0.007 , 0.086 , 0.096 , 0.008 , 0.176 , 0.105 , 2.477 ,3.565," 5,031 ", 689 , 14.8 ," 345,403 "
11-Sep-2016, 1.00 ,0.002, 0.007 , 0.079 , 0.084 , 0.007 , 0.141 , 0.071 , 1.355 ,1.745," 5,509 ", 809 , 13.4 ," 335,233 "
12-Sep-2016, -   ,0.233, 0.008 , 0.097 , 0.096 , 0.010 , 0.362 , 0.220 , 1.461 ,1.899," 4,831 ", 758 , 14.3 ," 368,593 "
13-Sep-2016, -   ,2.278, 0.010 , 0.115 , 0.122 , 0.011 , 0.812 , 0.368 , 1.661 ,2.633," 3,785 ", 574 , 15.4 ," 377,989 "
14-Sep-2016, -   ,1.897, 0.009 , 0.108 , 0.132 , 0.011 , 0.447 , 0.305 , 2.601 ,3.81," 3,387 ", 537 , 16.1 ," 376,374 "
15-Sep-2016, -   ,0.538, 0.007 , 0.082 , 0.118 , 0.007 , 0.601 , 0.241 , 2.473 ,3.849," 4,605 ", 684 , 13.8 ," 370,494 "
16-Sep-2016, -   ,0.022, 0.007 , 0.083 , 0.084 , 0.007 , 0.085 , 0.044 , 1.870 ,2.626," 5,707 ", 781 , 14.1 ," 366,923 "
17-Sep-2016, 1.00 ,0.097, 0.008 , 0.089 , 0.084 , 0.009 , 0.712 , 0.264 , 1.789 ,2.238," 4,902 ", 834 , 14.5 ," 344,905 "
18-Sep-2016, 1.00 ,13.704, 0.009 , 0.104 , 0.085 , 0.010 , 0.460 , 0.270 , 2.548 ,3.549," 3,324 ", 606 , 14.4 ," 359,121 "
19-Sep-2016, -   ,0.032, 0.006 , 0.079 , 0.096 , 0.007 , 0.099 , 0.064 , 2.190 ,3.491," 6,051 ", 804 , 13.4 ," 368,363 "
20-Sep-2016, -   ,0.269, 0.007 , 0.079 , 0.080 , 0.009 , 0.785 , 0.345 , 1.686 ,2.863," 4,783 ", 822 , 12.9 ," 378,950 "
21-Sep-2016, -   ,3.45, 0.009 , 0.103 , 0.072 , 0.010 , 0.309 , 0.198 , 2.375 ,3.355," 4,004 ", 621 , 14.4 ," 387,962 "
22-Sep-2016, -   ,1.007, 0.007 , 0.087 , 0.072 , 0.008 , 0.401 , 0.188 , 3.602 ,3.877," 5,165 ", 794 , 13.8 ," 382,719 "
23-Sep-2016, -   ,0.158, 0.009 , 0.103 , 0.088 , 0.009 , 0.176 , 0.108 , 2.426 ,3.815," 5,133 ", 700 , 14.7 ," 370,998 "
24-Sep-2016, 1.00 ,0.311, 0.009 , 0.100 , 0.087 , 0.009 , 0.534 , 0.175 , 1.627 ,2.267," 5,304 ", 820 , 15.8 ," 337,624 "
25-Sep-2016, 1.00 ,1.589, 0.008 , 0.089 , 0.084 , 0.009 , 0.195 , 0.105 , 2.181 ,2.757," 5,604 ", 775 , 15.0 ," 328,743 "
26-Sep-2016, -   ,0.1, 0.006 , 0.072 , 0.088 , 0.007 , 0.071 , 0.035 , 2.152 ,3.178," 6,581 ", 897 , 13.4 ," 359,816 "
27-Sep-2016, -   ,0.013, 0.006 , 0.070 , 0.100 , 0.006 , 0.023 , 0.009 , 2.718 ,4.285," 6,713 ", 892 , 13.2 ," 368,193 "
28-Sep-2016, -   ,0.262, 0.007 , 0.087 , 0.113 , 0.009 , 0.436 , 0.157 , 2.629 ,4.471," 5,921 ", 912 , 13.4 ," 364,720 "
29-Sep-2016, -   ,3.354, 0.006 , 0.087 , 0.124 , 0.009 , 0.266 , 0.166 , 3.665 ,4.762," 4,496 ", 599 , 14.8 ," 374,926 "
30-Sep-2016, -   ,1.391, 0.006 , 0.077 , 0.134 , 0.007 , 0.257 , 0.181 , 3.547 ,4.413," 4,968 ", 680 , 12.2 ," 371,331 "
01-Oct-2016, 1.00 ,0.038, 0.006 , 0.077 , 0.092 , 0.007 , 0.055 , 0.016 , 2.608 ,4.361," 6,714 ", 875 , 14.1 ," 332,263 "
02-Oct-2016, 1.00 ,1.51, 0.008 , 0.091 , 0.075 , 0.009 , 0.276 , 0.084 , 2.641 ,3.848," 6,550 ", 925 , 16.3 ," 315,211 "
03-Oct-2016, -   ,1.218, 0.006 , 0.082 , 0.072 , 0.009 , 0.151 , 0.077 , 3.522 ,4.55," 6,114 ", 771 , 16.2 ," 318,407 "
04-Oct-2016, -   ,1.455, 0.006 , 0.068 , 0.091 , 0.007 , 0.069 , 0.027 , 3.772 ,4.499," 6,966 ", 913 , 14.2 ," 354,618 "
05-Oct-2016, -   ,0.02, 0.006 , 0.062 , 0.060 , 0.006 , 0.132 , 0.070 , 2.609 ,3.378," 7,227 ", 967 , 13.8 ," 355,010 "
06-Oct-2016, -   ,0.001, 0.008 , 0.089 , 0.060 , 0.008 , 0.341 , 0.220 , 1.763 ,2.173," 6,955 ", 952 , 17.1 ," 356,271 "
07-Oct-2016, -   ,0.024, 0.008 , 0.088 , 0.060 , 0.008 , 0.684 , 0.388 , 1.870 ,2.657," 6,086 ", 892 , 19.0 ," 359,351 "
08-Oct-2016, 1.00 ,0.231, 0.008 , 0.095 , 0.072 , 0.009 , 0.403 , 0.250 , 2.795 ,4.018," 5,083 ", 691 , 17.3 ," 331,219 "
09-Oct-2016, 1.00 ,0.181, 0.008 , 0.091 , 0.066 , 0.009 , 0.490 , 0.212 , 2.976 ,3.318," 6,447 ", 901 , 16.5 ," 320,946 "
10-Oct-2016, -   ,2.6, 0.008 , 0.094 , 0.072 , 0.010 , 0.415 , 0.146 , 3.239 ,4.194," 6,765 ", 861 , 19.1 ," 361,713 "
11-Oct-2016, -   ,0.015, 0.005 , 0.061 , 0.067 , 0.006 , 0.044 , 0.022 , 2.311 ,3.75," 7,439 ", 975 , 13.6 ," 350,380 "
12-Oct-2016, -   ,1.42, 0.007 , 0.073 , 0.072 , 0.007 , 0.426 , 0.129 , 2.416 ,3.856," 6,701 ", 933 , 13.6 ," 358,613 "
13-Oct-2016, -   ,1.02, 0.007 , 0.075 , 0.072 , 0.007 , 0.127 , 0.072 , 2.699 ,3.87," 6,591 ", 821 , 13.0 ," 362,684 "
14-Oct-2016, -   ,0.002, 0.006 , 0.072 , 0.069 , 0.007 , 0.012 , 0.008 , 1.735 ,2.237," 7,590 ", 971 , 14.2 ," 360,530 "
15-Oct-2016, 1.00 ,0, 0.007 , 0.075 , 0.073 , 0.007 , 0.034 , 0.016 , 2.335 ,3.235," 7,725 ", 999 , 16.2 ," 322,448 "
16-Oct-2016, 1.00 ,2.829, 0.008 , 0.099 , 0.079 , 0.009 , 0.730 , 0.279 , 2.890 ,3.262," 6,107 ", 978 , 19.0 ," 311,956 "
17-Oct-2016, -   ,4.886, 0.007 , 0.084 , 0.087 , 0.009 , 0.204 , 0.173 , 2.623 ,3.627," 5,093 ", 792 , 16.3 ," 359,828 "
18-Oct-2016, -   ,0.238, 0.007 , 0.076 , 0.103 , 0.007 , 0.192 , 0.093 , 2.283 ,2.748," 7,576 ", 976 , 15.6 ," 354,850 "
19-Oct-2016, -   ,0.01, 0.006 , 0.070 , 0.097 , 0.007 , 0.280 , 0.110 , 2.237 ,3.018," 7,396 ", 993 , 15.5 ," 357,485 "
20-Oct-2016, -   ,0.242, 0.009 , 0.098 , 0.094 , 0.009 , 0.384 , 0.287 , 2.735 ,3.604," 5,680 ", 762 , 16.0 ," 363,104 "
21-Oct-2016, -   ,10.788, 0.010 , 0.112 , 0.094 , 0.012 , 0.890 , 0.432 , 2.412 ,3.374," 4,523 ", 887 , 18.6 ," 364,731 "
22-Oct-2016, 1.00 ,2.38, 0.007 , 0.088 , 0.098 , 0.010 , 0.301 , 0.201 , 3.297 ,4.06," 5,312 ", 695 , 15.6 ," 340,202 "
23-Oct-2016, 1.00 ,0.183, 0.006 , 0.070 , 0.092 , 0.006 , 0.136 , 0.075 , 2.873 ,3.935," 7,056 ", 873 , 12.7 ," 327,310 "
24-Oct-2016, -   ,0, 0.006 , 0.070 , 0.065 , 0.007 , 0.130 , 0.064 , 1.741 ,2.656," 8,118 "," 1,027 ", 14.1 ," 356,639 "
25-Oct-2016, -   ,0.004, 0.007 , 0.081 , 0.056 , 0.008 , 0.357 , 0.132 , 1.675 ,1.92," 7,828 "," 1,023 ", 17.1 ," 354,983 "
26-Oct-2016, -   ,0.031, 0.008 , 0.092 , 0.060 , 0.009 , 0.304 , 0.201 , 1.776 ,2.554," 6,513 ", 777 , 19.3 ," 357,419 "
27-Oct-2016, -   ,1.42, 0.009 , 0.106 , 0.066 , 0.009 , 0.517 , 0.211 , 2.637 ,3.574," 6,092 ", 934 , 18.2 ," 354,084 "
28-Oct-2016, -   ,1.241, 0.010 , 0.116 , 0.096 , 0.011 , 0.541 , 0.281 , 1.677 ,1.991," 4,874 ", 696 , 16.7 ," 354,394 "
29-Oct-2016, 1.00 ,0.517, 0.012 , 0.136 , 0.105 , 0.012 , 0.492 , 0.326 , 2.591 ,3.246," 6,095 ", 840 , 19.3 ," 326,512 "
30-Oct-2016, 1.00 ,3.707, 0.010 , 0.109 , 0.112 , 0.012 , 0.485 , 0.275 , 3.176 ,3.882," 5,090 ", 852 , 20.6 ," 322,930 "
31-Oct-2016, -   ,0.334, 0.005 , 0.059 , 0.132 , 0.006 , 0.211 , 0.157 , 1.977 ,3.039," 8,144 "," 1,053 ", 16.7 ," 345,753 "
01-Nov-2016, -   ,0.238, 0.007 , 0.070 , 0.120 , 0.008 , 0.060 , 0.045 , 1.912 ,2.895," 8,115 ", 985 , 15.5 ," 355,906 "
02-Nov-2016, -   ,0.029, 0.007 , 0.074 , 0.115 , 0.008 , 0.098 , 0.022 , 1.680 ,2.585," 8,426 "," 1,052 ", 16.9 ," 351,328 "
03-Nov-2016, -   ,0.006, 0.008 , 0.088 , 0.122 , 0.010 , 0.064 , 0.032 , 1.578 ,2.617," 8,369 "," 1,034 ", 18.6 ," 360,965 "
04-Nov-2016, -   ,0, 0.006 , 0.069 , 0.060 , 0.008 , 0.144 , 0.055 , 2.423 ,4.717," 8,573 "," 1,056 ", 20.4 ," 362,491 "
05-Nov-2016, 1.00 ,0, 0.005 , 0.059 , 0.066 , 0.006 , 0.215 , 0.012 , 3.285 ,4.639," 8,709 "," 1,073 ", 18.7 ," 321,970 "
06-Nov-2016, 1.00 ,0, 0.006 , 0.073 , 0.064 , 0.008 , 0.393 , 0.067 , 1.976 ,3.192," 8,502 "," 1,057 ", 17.4 ," 310,079 "
07-Nov-2016, -   ,0, 0.008 , 0.096 , 0.071 , 0.009 , 0.634 , 0.238 , 1.893 ,2.463," 7,770 "," 1,035 ", 20.9 ," 371,807 "
08-Nov-2016, -   ,2.825, 0.011 , 0.115 , 0.072 , 0.012 , 0.766 , 0.382 , 2.003 ,3.075," 6,155 ", 893 , 21.9 ," 385,092 "
09-Nov-2016, -   ,6.989, 0.011 , 0.127 , 0.072 , 0.011 , 0.660 , 0.376 , 1.607 ,2.903," 5,178 ", 823 , 18.8 ," 372,531 "
10-Nov-2016, -   ,0.344, 0.010 , 0.112 , 0.071 , 0.010 , 0.149 , 0.067 , 1.607 ,2.763," 8,208 "," 1,027 ", 19.7 ," 368,606 "
11-Nov-2016, -   ,11.823, 0.011 , 0.130 , 0.079 , 0.014 , 0.248 , 0.130 , 2.485 ,3.096," 7,601 "," 1,001 ", 20.1 ," 369,201 "
12-Nov-2016, 1.00 ,1.037, 0.010 , 0.126 , 0.084 , 0.013 , 0.086 , 0.054 , 1.975 ,2.799," 7,810 ", 928 , 22.7 ," 358,045 "
13-Nov-2016, 1.00 ,1.11, 0.007 , 0.087 , 0.089 , 0.008 , 0.145 , 0.037 , 3.626 ,4.491," 8,414 "," 1,035 ", 20.0 ," 331,161 "
14-Nov-2016, -   ,3.01, 0.008 , 0.089 , 0.087 , 0.009 , 0.357 , 0.142 , 2.855 ,3.733," 7,346 ", 974 , 16.8 ," 359,231 "
15-Nov-2016, -   ,0.018, 0.008 , 0.089 , 0.085 , 0.008 , 0.366 , 0.174 , 1.725 ,2.599," 7,963 ", 919 , 16.8 ," 359,893 "
16-Nov-2016, -   ,0.167, 0.009 , 0.100 , 0.084 , 0.009 , 0.159 , 0.049 , 2.168 ,3.2," 8,571 "," 1,044 ", 18.5 ," 362,323 "
17-Nov-2016, -   ,0.005, 0.009 , 0.101 , 0.084 , 0.009 , 0.017 , 0.009 , 2.161 ,2.962," 8,877 "," 1,068 ", 19.9 ," 369,022 "
18-Nov-2016, -   ,0.095, 0.010 , 0.112 , 0.084 , 0.011 , 0.528 , 0.195 , 1.654 ,2.511," 7,958 "," 1,052 ", 23.2 ," 400,657 "
19-Nov-2016, 1.00 ,0.827, 0.011 , 0.124 , 0.084 , 0.011 , 0.523 , 0.289 , 1.869 ,3.057," 7,260 ", 879 , 22.3 ," 350,173 "
20-Nov-2016, 1.00 ,1.034, 0.012 , 0.132 , 0.084 , 0.013 , 0.666 , 0.290 , 1.621 ,1.959," 7,133 ", 918 , 21.9 ," 345,565 "
21-Nov-2016, -   ,0.054, 0.011 , 0.126 , 0.083 , 0.012 , 0.441 , 0.216 , 1.743 ,2.166," 7,660 ", 987 , 24.2 ," 408,740 "
22-Nov-2016, -   ,0.404, 0.010 , 0.116 , 0.090 , 0.011 , 0.432 , 0.124 , 2.076 ,2.881," 8,283 "," 1,053 ", 24.6 ," 415,310 "
23-Nov-2016, -   ,1.936, 0.009 , 0.100 , 0.090 , 0.011 , 0.281 , 0.152 , 2.871 ,3.423," 7,727 ", 977 , 21.7 ," 391,788 "
24-Nov-2016, -   ,0.005, 0.007 , 0.073 , 0.069 , 0.008 , 0.150 , 0.060 , 2.365 ,3.52," 9,127 "," 1,104 ", 17.6 ," 359,749 "
25-Nov-2016, -   ,0.005, 0.008 , 0.090 , 0.068 , 0.009 , 0.118 , 0.072 , 2.103 ,3.282," 8,826 "," 1,070 ", 18.4 ," 359,100 "
26-Nov-2016, 1.00 ,0.153, 0.010 , 0.108 , 0.072 , 0.011 , 0.125 , 0.049 , 2.166 ,3.101," 8,649 "," 1,064 ", 20.0 ," 341,260 "
27-Nov-2016, 1.00 ,0.489, 0.011 , 0.126 , 0.084 , 0.012 , 0.272 , 0.120 , 2.055 ,2.955," 7,563 ", 900 , 20.1 ," 335,994 "
28-Nov-2016, -   ,0.55, 0.010 , 0.114 , 0.084 , 0.011 , 0.662 , 0.308 , 2.018 ,2.702," 8,393 ", 997 , 22.4 ," 395,163 "
29-Nov-2016, -   ,0.537, 0.010 , 0.113 , 0.084 , 0.010 , 0.394 , 0.152 , 1.982 ,3.588," 8,309 "," 1,017 ", 21.3 ," 391,284 "
30-Nov-2016, -   ,1.103, 0.011 , 0.121 , 0.085 , 0.012 , 0.368 , 0.161 , 1.984 ,2.973," 7,693 "," 1,008 ", 21.6 ," 387,118 "
01-Dec-2016, -   ,0.145, 0.010 , 0.102 , 0.084 , 0.011 , 0.144 , 0.065 , 1.923 ,2.805," 8,715 "," 1,056 ", 23.3 ," 394,672 "
02-Dec-2016, -   ,0.155, 0.011 , 0.117 , 0.093 , 0.012 , 0.558 , 0.186 , 1.823 ,2.361," 7,702 "," 1,001 ", 25.0 ," 417,863 "
03-Dec-2016, 1.00 ,0.256, 0.011 , 0.131 , 0.066 , 0.012 , 0.410 , 0.219 , 1.818 ,3.444," 8,602 "," 1,045 ", 23.2 ," 368,248 "
04-Dec-2016, 1.00 ,0.973, 0.013 , 0.146 , 0.068 , 0.014 , 0.841 , 0.438 , 2.061 ,3.091," 7,164 "," 1,018 ", 24.3 ," 370,721 "
05-Dec-2016, -   ,5.92, 0.014 , 0.155 , 0.079 , 0.015 , 0.780 , 0.400 , 1.867 ,2.429," 5,059 ", 661 , 26.2 ," 437,562 "
06-Dec-2016, -   ,8.852, 0.013 , 0.149 , 0.084 , 0.014 , 0.774 , 0.338 , 1.735 ,2.362," 4,727 ", 795 , 22.7 ," 404,359 "
07-Dec-2016, -   ,0.496, 0.011 , 0.130 , 0.089 , 0.012 , 0.200 , 0.102 , 2.361 ,3.035," 8,131 ", 937 , 21.6 ," 386,514 "
08-Dec-2016, -   ,1.71, 0.010 , 0.117 , 0.082 , 0.013 , 0.314 , 0.115 , 3.364 ,4.327," 7,862 "," 1,014 ", 23.6 ," 415,879 "
09-Dec-2016, -   ,0.025, 0.007 , 0.080 , 0.072 , 0.008 , 0.082 , 0.035 , 2.215 ,3.544," 9,238 "," 1,100 ", 19.4 ," 363,286 "
10-Dec-2016, 1.00 ,0.011, 0.009 , 0.105 , 0.071 , 0.010 , 0.136 , 0.040 , 2.313 ,3.47," 8,936 "," 1,056 ", 19.6 ," 340,190 "
11-Dec-2016, 1.00 ,0.229, 0.011 , 0.125 , 0.065 , 0.012 , 0.133 , 0.055 , 2.139 ,3.02," 8,592 ", 971 , 21.5 ," 344,562 "
12-Dec-2016, -   ,0.054, 0.011 , 0.120 , 0.072 , 0.012 , 0.160 , 0.071 , 2.136 ,3.175," 8,744 "," 1,063 ", 23.4 ," 409,361 "
13-Dec-2016, -   ,0.059, 0.009 , 0.105 , 0.083 , 0.011 , 0.753 , 0.338 , 2.219 ,3.287," 8,457 "," 1,084 ", 26.6 ," 458,729 "
14-Dec-2016, -   ,7.931, 0.011 , 0.122 , 0.106 , 0.013 , 0.896 , 0.443 , 2.685 ,3.229," 4,920 ", 790 , 26.0 ," 450,771 "
15-Dec-2016, -   ,17.305, 0.011 , 0.132 , 0.106 , 0.012 , 0.934 , 0.464 , 2.451 ,3.023," 2,837 ", 334 , 19.0 ," 379,739 "
16-Dec-2016, -   ,11.343, 0.013 , 0.156 , 0.104 , 0.014 , 0.359 , 0.230 , 2.019 ,2.411," 5,575 ", 866 , 20.0 ," 377,707 "
17-Dec-2016, 1.00 ,0.336, 0.010 , 0.118 , 0.127 , 0.012 , 0.189 , 0.107 , 2.668 ,3.79," 8,159 ", 994 , 23.5 ," 371,851 "
18-Dec-2016, 1.00 ,0.941, 0.008 , 0.096 , 0.074 , 0.008 , 0.318 , 0.156 , 2.657 ,3.421," 7,166 ", 855 , 19.0 ," 328,835 "
19-Dec-2016, -   ,0.039, 0.009 , 0.108 , 0.073 , 0.010 , 0.139 , 0.108 , 2.634 ,3.486," 8,608 ", 983 , 19.7 ," 365,310 "
20-Dec-2016, -   ,0.324, 0.011 , 0.119 , 0.088 , 0.012 , 0.129 , 0.044 , 1.941 ,2.554," 8,875 "," 1,033 ", 23.4 ," 401,712 "
21-Dec-2016, -   ,0.592, 0.010 , 0.113 , 0.105 , 0.011 , 0.305 , 0.083 , 2.544 ,3.672," 8,772 "," 1,100 ", 22.4 ," 386,502 "
22-Dec-2016, -   ,0.166, 0.011 , 0.125 , 0.112 , 0.011 , 0.215 , 0.108 , 2.175 ,2.737," 7,968 ", 904 , 21.0 ," 370,141 "
23-Dec-2016, -   ,0.718, 0.012 , 0.140 , 0.113 , 0.013 , 0.375 , 0.155 , 2.219 ,3.377," 8,100 "," 1,031 ", 22.2 ," 370,013 "
24-Dec-2016, 1.00 ,6.318, 0.013 , 0.149 , 0.126 , 0.014 , 0.675 , 0.331 , 1.430 ,2.136," 5,060 ", 700 , 22.5 ," 352,473 "
25-Dec-2016, 1.00 ,0.277, 0.013 , 0.147 , 0.088 , 0.013 , 0.143 , 0.084 , 2.450 ,3.123," 8,317 ", 959 , 22.9 ," 323,508 "
26-Dec-2016, -   ,0.631, 0.013 , 0.147 , 0.084 , 0.013 , 0.587 , 0.233 , 1.945 ,2.966," 7,224 "," 1,062 ", 24.8 ," 353,835 "
27-Dec-2016, -   ,0.393, 0.013 , 0.156 , 0.097 , 0.014 , 0.489 , 0.275 , 2.224 ,2.6," 6,796 ", 770 , 24.6 ," 366,571 "
28-Dec-2016, -   ,0.054, 0.012 , 0.142 , 0.114 , 0.014 , 0.812 , 0.367 , 2.214 ,3.375," 6,477 ", 768 , 25.2 ," 396,530 "
29-Dec-2016, -   ,1.036, 0.013 , 0.143 , 0.118 , 0.014 , 0.656 , 0.331 , 1.426 ,2.061," 6,151 ", 764 , 27.4 ," 430,689 "
30-Dec-2016, -   ,2.03, 0.014 , 0.155 , 0.087 , 0.016 , 0.602 , 0.257 , 1.710 ,2.339," 6,480 ", 791 , 27.8 ," 423,274 "
31-Dec-2016, 1.00 ,0.31, 0.014 , 0.159 , 0.084 , 0.014 , 0.262 , 0.131 , 1.912 ,3.299," 7,997 ", 991 , 26.6 ," 393,379 "
01-Jan-2017, 1.00 ,6.937, 0.014 , 0.157 , 0.088 , 0.015 , 0.696 , 0.341 , 2.128 ,3.833," 5,670 ", 845 , 24.3 ," 354,595 "
02-Jan-2017, -   ,2.802, 0.011 , 0.133 , 0.102 , 0.012 , 0.251 , 0.127 , 3.225 ,3.924," 7,519 ", 820 , 22.1 ," 337,242 "
03-Jan-2017, -   ,1.436, 0.011 , 0.128 , 0.101 , 0.012 , 0.384 , 0.234 , 2.906 ,3.557," 7,644 ", 898 , 21.1 ," 359,587 "
04-Jan-2017, -   ,1.204, 0.011 , 0.130 , 0.075 , 0.012 , 0.799 , 0.387 , 2.290 ,2.89," 7,050 ", 882 , 21.5 ," 361,902 "
05-Jan-2017, -   ,3.156, 0.013 , 0.147 , 0.086 , 0.013 , 0.383 , 0.127 , 2.199 ,2.886," 7,594 ", 890 , 22.4 ," 369,989 "
06-Jan-2017, -   ,3.628, 0.012 , 0.140 , 0.104 , 0.012 , 0.172 , 0.052 , 2.222 ,3.019," 8,601 "," 1,017 ", 23.1 ," 375,151 "
07-Jan-2017, 1.00 ,0.16, 0.012 , 0.133 , 0.090 , 0.012 , 0.363 , 0.168 , 2.476 ,3.206," 8,760 "," 1,058 ", 23.3 ," 355,852 "
08-Jan-2017, 1.00 ,0.005, 0.012 , 0.139 , 0.108 , 0.013 , 0.470 , 0.259 , 1.984 ,2.685," 7,218 ", 851 , 24.7 ," 370,080 "
09-Jan-2017, -   ,2.939, 0.014 , 0.156 , 0.108 , 0.015 , 0.620 , 0.220 , 1.730 ,2.394," 6,977 ", 990 , 26.1 ," 435,851 "
10-Jan-2017, -   ,0.364, 0.014 , 0.158 , 0.098 , 0.015 , 0.251 , 0.175 , 1.589 ,2.022," 7,001 "," 1,001 ", 26.5 ," 446,686 "
11-Jan-2017, -   ,0.516, 0.013 , 0.150 , 0.073 , 0.015 , 0.301 , 0.142 , 2.249 ,3.078," 7,549 "," 1,027 ", 28.2 ," 478,204 "
12-Jan-2017, -   ,0.477, 0.013 , 0.149 , 0.072 , 0.013 , 0.190 , 0.094 , 2.482 ,3.139," 8,352 "," 1,001 ", 25.2 ," 430,134 "
13-Jan-2017, -   ,0.701, 0.014 , 0.163 , 0.092 , 0.015 , 0.722 , 0.311 , 2.063 ,3.117," 6,751 ", 991 , 28.1 ," 476,079 "
14-Jan-2017, 1.00 ,1.907, 0.012 , 0.145 , 0.066 , 0.013 , 0.286 , 0.165 , 2.432 ,3.201," 7,453 ", 848 , 26.9 ," 433,886 "
15-Jan-2017, 1.00 ,0.945, 0.012 , 0.136 , 0.075 , 0.012 , 0.194 , 0.068 , 2.342 ,3.023," 8,185 ", 981 , 23.3 ," 365,607 "
16-Jan-2017, -   ,0.046, 0.012 , 0.138 , 0.072 , 0.013 , 0.020 , 0.009 , 2.213 ,3.183," 8,978 "," 1,069 ", 24.8 ," 429,272 "
17-Jan-2017, -   ,0.053, 0.013 , 0.146 , 0.093 , 0.015 , 0.198 , 0.070 , 1.923 ,2.515," 8,183 "," 1,063 ", 28.5 ," 500,151 "
18-Jan-2017, -   ,0.88, 0.011 , 0.131 , 0.075 , 0.012 , 0.274 , 0.105 , 3.170 ,4.594," 8,043 "," 1,057 ", 28.6 ," 494,332 "
19-Jan-2017, -   ,1.347, 0.011 , 0.137 , 0.078 , 0.014 , 0.397 , 0.254 , 2.954 ,3.635," 6,142 ", 785 , 22.5 ," 395,586 "
20-Jan-2017, -   ,10.147, 0.014 , 0.164 , 0.069 , 0.018 , 0.290 , 0.204 , 3.026 ,3.793," 5,750 ", 892 , 24.1 ," 410,115 "
21-Jan-2017, 1.00 ,0.201, 0.010 , 0.110 , 0.088 , 0.010 , 0.158 , 0.041 , 2.271 ,3.247," 8,808 "," 1,072 ", 22.1 ," 351,212 "
22-Jan-2017, 1.00 ,0, 0.011 , 0.130 , 0.096 , 0.012 , 0.092 , 0.029 , 2.367 ,3.17," 8,849 "," 1,071 ", 22.8 ," 355,343 "
23-Jan-2017, -   ,1.844, 0.013 , 0.151 , 0.093 , 0.014 , 0.404 , 0.174 , 2.512 ,3.369," 7,908 "," 1,041 ", 25.9 ," 452,151 "
24-Jan-2017, -   ,4.931, 0.013 , 0.160 , 0.090 , 0.016 , 0.693 , 0.320 , 2.804 ,3.782," 5,289 ", 850 , 26.8 ," 476,341 "
25-Jan-2017, -   ,1.104, 0.012 , 0.139 , 0.102 , 0.013 , 0.554 , 0.314 , 1.555 ,2.215," 6,114 ", 817 , 22.4 ," 393,770 "
26-Jan-2017, -   ,1.732, 0.013 , 0.154 , 0.084 , 0.013 , 0.325 , 0.155 , 2.299 ,2.821," 6,899 ", 824 , 23.1 ," 353,019 "
27-Jan-2017, -   ,0.371, 0.013 , 0.152 , 0.072 , 0.014 , 0.082 , 0.032 , 2.001 ,2.347," 8,287 "," 1,002 ", 23.5 ," 391,600 "
28-Jan-2017, 1.00 ,0.361, 0.013 , 0.155 , 0.083 , 0.015 , 0.100 , 0.044 , 1.606 ,2.652," 8,310 "," 1,044 ", 26.1 ," 411,629 "
29-Jan-2017, 1.00 ,0.267, 0.014 , 0.164 , 0.083 , 0.016 , 0.086 , 0.025 , 1.876 ,2.453," 8,339 "," 1,027 ", 26.5 ," 409,373 "
30-Jan-2017, -   ,0.128, 0.013 , 0.148 , 0.082 , 0.014 , 0.552 , 0.235 , 2.014 ,2.646," 7,474 "," 1,034 ", 28.9 ," 511,006 "
31-Jan-2017, -   ,0.946, 0.013 , 0.151 , 0.084 , 0.014 , 0.705 , 0.337 , 2.482 ,3.847," 6,619 ", 828 , 28.4 ," 493,024 "
01-Feb-2017, -   ,3.668, 0.014 , 0.162 , 0.102 , 0.015 , 0.686 , 0.325 , 2.126 ,3.036," 6,217 ", 838 , 24.6 ," 412,752 "
02-Feb-2017, -   ,0.269, 0.012 , 0.139 , 0.077 , 0.012 , 0.815 , 0.398 , 2.188 ,3.298," 5,951 ", 772 , 23.9 ," 406,043 "
03-Feb-2017, -   ,0.269, 0.014 , 0.168 , 0.084 , 0.016 , 0.790 , 0.387 , 1.942 ,2.894," 6,283 ", 769 , 24.6 ," 413,396 "
04-Feb-2017, 1.00 ,0.729, 0.015 , 0.172 , 0.079 , 0.016 , 0.836 , 0.424 , 1.780 ,2.389," 5,107 ", 748 , 26.8 ," 428,641 "
05-Feb-2017, 1.00 ,0.788, 0.014 , 0.161 , 0.107 , 0.015 , 0.366 , 0.234 , 1.706 ,2.264," 5,888 ", 820 , 29.2 ," 470,876 "
06-Feb-2017, -   ,3.613, 0.014 , 0.165 , 0.139 , 0.016 , 0.484 , 0.181 , 2.854 ,3.929," 7,238 "," 1,002 ", 27.7 ," 513,142 "
07-Feb-2017, -   ,14.918, 0.014 , 0.173 , 0.072 , 0.015 , 0.520 , 0.263 , 3.066 ,3.66," 5,033 ", 645 , 23.9 ," 428,400 "
08-Feb-2017, -   ,6.293, 0.014 , 0.167 , 0.072 , 0.015 , 0.285 , 0.150 , 2.843 ,3.645," 6,871 ", 819 , 24.0 ," 418,976 "
09-Feb-2017, -   ,0.069, 0.013 , 0.157 , 0.083 , 0.014 , 0.382 , 0.228 , 2.029 ,2.495," 7,978 ", 993 , 26.4 ," 466,507 "
10-Feb-2017, -   ,0.045, 0.015 , 0.162 , 0.091 , 0.016 , 0.352 , 0.096 , 1.284 ,1.939," 8,058 "," 1,012 ", 30.0 ," 520,266 "
11-Feb-2017, 1.00 ,0.632, 0.014 , 0.161 , 0.096 , 0.016 , 0.219 , 0.080 , 1.688 ,2.773," 7,630 ", 993 , 31.4 ," 508,108 "
12-Feb-2017, 1.00 ,1.257, 0.011 , 0.134 , 0.106 , 0.015 , 0.204 , 0.047 , 3.026 ,4.868," 7,752 ", 975 , 27.3 ," 427,509 "
13-Feb-2017, -   ,1.492, 0.010 , 0.107 , 0.113 , 0.011 , 0.135 , 0.070 , 2.334 ,3.667," 7,713 "," 1,026 ", 21.7 ," 390,190 "
14-Feb-2017, -   ,1.831, 0.011 , 0.127 , 0.135 , 0.011 , 0.274 , 0.144 , 2.207 ,3.269," 6,133 ", 779 , 21.2 ," 389,588 "
15-Feb-2017, -   ,0.082, 0.011 , 0.124 , 0.143 , 0.012 , 0.070 , 0.054 , 2.123 ,3.248," 7,762 ", 957 , 22.6 ," 392,638 "
16-Feb-2017, -   ,0.031, 0.012 , 0.137 , 0.094 , 0.014 , 0.145 , 0.054 , 2.444 ,3.024," 7,627 "," 1,001 ", 25.9 ," 438,492 "
17-Feb-2017, -   ,4.851, 0.014 , 0.159 , 0.079 , 0.016 , 0.252 , 0.127 , 2.330 ,3.359," 6,758 ", 973 , 27.3 ," 434,180 "
18-Feb-2017, 1.00 ,4.157, 0.013 , 0.152 , 0.084 , 0.014 , 0.448 , 0.239 , 2.909 ,3.837," 5,200 ", 755 , 24.1 ," 377,628 "
19-Feb-2017, 1.00 ,2.84, 0.009 , 0.105 , 0.093 , 0.011 , 0.231 , 0.127 , 2.430 ,3.467," 6,349 ", 841 , 20.6 ," 340,914 "
20-Feb-2017, -   ,0.011, 0.007 , 0.075 , 0.108 , 0.008 , 0.028 , 0.015 , 1.529 ,2.975," 8,101 "," 1,038 ", 19.6 ," 364,475 "
21-Feb-2017, -   ,0.004, 0.010 , 0.115 , 0.082 , 0.011 , 0.119 , 0.076 , 2.189 ,2.935," 7,079 ", 911 , 21.1 ," 378,889 "
22-Feb-2017, -   ,0, 0.011 , 0.130 , 0.068 , 0.012 , 0.014 , 0.007 , 2.813 ,3.867," 7,766 ", 991 , 23.5 ," 397,995 "
23-Feb-2017, -   ,0.134, 0.012 , 0.139 , 0.082 , 0.013 , 0.026 , 0.009 , 2.189 ,3.279," 7,659 ", 989 , 24.9 ," 421,714 "
24-Feb-2017, -   ,3.894, 0.012 , 0.141 , 0.104 , 0.013 , 0.273 , 0.095 , 2.599 ,3.591," 6,907 ", 972 , 24.1 ," 407,465 "
25-Feb-2017, 1.00 ,14.162, 0.012 , 0.136 , 0.142 , 0.012 , 0.585 , 0.205 , 3.055 ,3.618," 5,696 ", 711 , 21.1 ," 346,727 "
26-Feb-2017, 1.00 ,3.535, 0.011 , 0.132 , 0.130 , 0.012 , 0.499 , 0.243 , 2.932 ,3.607," 6,440 ", 875 , 21.2 ," 334,188 "
27-Feb-2017, -   ,6.073, 0.012 , 0.142 , 0.119 , 0.013 , 0.667 , 0.258 , 2.479 ,3.376," 6,551 ", 871 , 21.5 ," 383,885 "
28-Feb-2017, -   ,10.557, 0.013 , 0.153 , 0.138 , 0.014 , 0.742 , 0.325 , 2.321 ,2.924," 5,230 ", 773 , 22.1 ," 396,477 "
01-Mar-2017, -   ,12.967, 0.013 , 0.158 , 0.114 , 0.014 , 0.483 , 0.232 , 1.822 ,2.66," 4,992 ", 669 , 22.1 ," 396,368 "
02-Mar-2017, -   ,6.807, 0.013 , 0.157 , 0.083 , 0.014 , 0.287 , 0.119 , 1.708 ,2.391," 6,060 ", 818 , 22.6 ," 401,313 "
03-Mar-2017, -   ,16.855, 0.014 , 0.160 , 0.102 , 0.014 , 0.394 , 0.173 , 2.942 ,3.595," 5,724 ", 815 , 22.3 ," 393,722 "
04-Mar-2017, 1.00 ,13.015, 0.013 , 0.155 , 0.095 , 0.013 , 0.751 , 0.387 , 2.643 ,3.356," 3,937 ", 633 , 21.3 ," 359,081 "
05-Mar-2017, 1.00 ,7.368, 0.012 , 0.142 , 0.108 , 0.013 , 0.391 , 0.253 , 3.395 ,4.299," 4,456 ", 723 , 20.6 ," 344,381 "
06-Mar-2017, -   ,0.933, 0.010 , 0.120 , 0.107 , 0.011 , 0.154 , 0.077 , 3.902 ,4.64," 6,821 ", 946 , 20.3 ," 374,013 "
07-Mar-2017, -   ,1.619, 0.010 , 0.120 , 0.127 , 0.010 , 0.524 , 0.248 , 3.386 ,4.272," 4,873 ", 663 , 19.4 ," 373,049 "
08-Mar-2017, -   ,1.428, 0.010 , 0.120 , 0.131 , 0.010 , 0.558 , 0.287 , 2.683 ,3.165," 4,561 ", 594 , 19.2 ," 372,893 "
09-Mar-2017, -   ,0.194, 0.010 , 0.116 , 0.143 , 0.010 , 0.394 , 0.186 , 2.705 ,3.343," 5,314 ", 733 , 19.6 ," 374,175 "
10-Mar-2017, -   ,0.11, 0.010 , 0.114 , 0.144 , 0.010 , 0.431 , 0.235 , 2.476 ,3.469," 5,886 ", 834 , 20.1 ," 374,757 "
11-Mar-2017, 1.00 ,0.006, 0.010 , 0.116 , 0.136 , 0.010 , 0.097 , 0.070 , 1.732 ,2.485," 6,708 ", 892 , 20.5 ," 343,698 "
12-Mar-2017, 1.00 ,1.061, 0.011 , 0.133 , 0.129 , 0.013 , 0.379 , 0.180 , 2.352 ,3.053," 5,852 ", 913 , 21.9 ," 338,662 "
13-Mar-2017, -   ,8.244, 0.014 , 0.158 , 0.093 , 0.014 , 0.762 , 0.395 , 2.559 ,3.099," 3,226 ", 494 , 22.0 ," 385,912 "
14-Mar-2017, -   ,20.787, 0.014 , 0.168 , 0.096 , 0.015 , 0.652 , 0.345 , 2.638 ,3.645," 3,088 ", 517 , 21.3 ," 389,834 "
15-Mar-2017, -   ,18.511, 0.014 , 0.174 , 0.109 , 0.016 , 0.721 , 0.349 , 3.036 ,3.898," 4,165 ", 718 , 21.7 ," 391,734 "
16-Mar-2017, -   ,19.937, 0.015 , 0.172 , 0.129 , 0.016 , 0.422 , 0.274 , 2.415 ,4.626," 3,959 ", 493 , 22.4 ," 404,017 "
17-Mar-2017, -   ,23.355, 0.013 , 0.153 , 0.133 , 0.014 , 0.712 , 0.302 , 4.237 ,4.907," 4,423 ", 614 , 21.0 ," 380,933 "
18-Mar-2017, 1.00 ,18.684, 0.014 , 0.176 , 0.127 , 0.016 , 0.549 , 0.264 , 3.297 ,4.193," 4,814 ", 620 , 21.4 ," 349,282 "
19-Mar-2017, 1.00 ,3.679, 0.016 , 0.191 , 0.120 , 0.016 , 0.267 , 0.127 , 2.554 ,3.234," 5,487 ", 761 , 23.1 ," 359,512 "
20-Mar-2017, -   ,5.824, 0.016 , 0.192 , 0.136 , 0.016 , 0.758 , 0.341 , 2.105 ,2.322," 3,687 ", 650 , 23.3 ," 415,142 "
21-Mar-2017, -   ,15.042, 0.017 , 0.200 , 0.127 , 0.017 , 0.665 , 0.306 , 1.699 ,2.007," 4,122 ", 627 , 23.2 ," 422,107 "
22-Mar-2017, -   ,8.192, 0.015 , 0.181 , 0.135 , 0.017 , 0.498 , 0.279 , 2.103 ,2.993," 4,066 ", 550 , 23.3 ," 412,380 "
23-Mar-2017, -   ,10.385, 0.013 , 0.151 , 0.138 , 0.013 , 0.393 , 0.161 , 2.311 ,2.723," 4,699 ", 659 , 20.7 ," 389,580 "
24-Mar-2017, -   ,1.08, 0.011 , 0.138 , 0.161 , 0.012 , 0.565 , 0.234 , 1.929 ,2.76," 5,271 ", 769 , 20.1 ," 378,381 "
25-Mar-2017, 1.00 ,0.957, 0.013 , 0.155 , 0.176 , 0.014 , 0.458 , 0.282 , 1.268 ,1.896," 4,790 ", 706 , 20.3 ," 354,112 "
26-Mar-2017, 1.00 ,0.352, 0.014 , 0.163 , 0.158 , 0.014 , 0.217 , 0.094 , 1.645 ,2.485," 5,853 ", 830 , 22.1 ," 356,889 "
27-Mar-2017, -   ,0.448, 0.014 , 0.161 , 0.137 , 0.015 , 0.145 , 0.123 , 2.217 ,2.686," 5,786 ", 840 , 22.3 ," 400,333 "
28-Mar-2017, -   ,0.206, 0.014 , 0.166 , 0.125 , 0.014 , 0.205 , 0.098 , 1.648 ,2.337," 5,328 ", 760 , 21.6 ," 399,134 "
29-Mar-2017, -   ,3.496, 0.016 , 0.186 , 0.093 , 0.017 , 0.489 , 0.209 , 1.925 ,2.575," 5,002 ", 822 , 22.9 ," 426,729 "
30-Mar-2017, -   ,32.182, 0.011 , 0.135 , 0.116 , 0.014 , 0.501 , 0.272 , 4.470 ,5.125," 3,085 ", 613 , 20.0 ," 399,069 "
31-Mar-2017, -   ,0.299, 0.009 , 0.108 , 0.130 , 0.010 , 0.175 , 0.032 , 2.604 ,4.121," 5,784 ", 813 , 16.5 ," 364,459 "
01-Apr-2017, 1.00 ,0.366, 0.010 , 0.110 , 0.135 , 0.010 , 0.134 , 0.062 , 2.684 ,3.975," 5,517 ", 813 , 17.3 ," 335,051 "
02-Apr-2017, 1.00 ,2.779, 0.009 , 0.112 , 0.122 , 0.010 , 0.303 , 0.143 , 3.138 ,3.938," 4,535 ", 613 , 17.4 ," 328,579 "
03-Apr-2017, -   ,5.158, 0.009 , 0.111 , 0.137 , 0.010 , 0.302 , 0.156 , 2.979 ,3.453," 4,424 ", 598 , 16.8 ," 366,231 "
04-Apr-2017, -   ,3.232, 0.009 , 0.108 , 0.138 , 0.009 , 0.352 , 0.160 , 2.677 ,3.269," 4,554 ", 661 , 17.2 ," 369,648 "
05-Apr-2017, -   ,0.74, 0.008 , 0.100 , 0.153 , 0.009 , 0.179 , 0.114 , 1.911 ,2.572," 4,670 ", 616 , 17.3 ," 367,787 "
06-Apr-2017, -   ,0.604, 0.008 , 0.098 , 0.145 , 0.009 , 0.535 , 0.217 , 1.479 ,1.861," 4,871 ", 735 , 17.3 ," 369,207 "
07-Apr-2017, -   ,0.228, 0.010 , 0.113 , 0.111 , 0.010 , 0.144 , 0.080 , 1.797 ,2.055," 5,177 ", 719 , 17.6 ," 368,023 "
08-Apr-2017, 1.00 ,0.093, 0.010 , 0.120 , 0.100 , 0.011 , 0.262 , 0.120 , 2.106 ,2.574," 5,077 ", 713 , 17.9 ," 339,804 "
09-Apr-2017, 1.00 ,7.655, 0.009 , 0.107 , 0.122 , 0.011 , 0.213 , 0.078 , 3.231 ,3.857," 4,991 ", 732 , 17.7 ," 328,995 "
10-Apr-2017, -   ,0.328, 0.008 , 0.090 , 0.133 , 0.009 , 0.150 , 0.067 , 3.205 ,4.29," 4,964 ", 735 , 13.5 ," 358,228 "
11-Apr-2017, -   ,1.26, 0.010 , 0.115 , 0.123 , 0.011 , 0.154 , 0.067 , 2.990 ,3.866," 4,843 ", 716 , 16.2 ," 366,920 "
12-Apr-2017, -   ,1.746, 0.010 , 0.120 , 0.129 , 0.011 , 0.295 , 0.149 , 2.149 ,2.631," 4,172 ", 649 , 17.1 ," 367,264 "
13-Apr-2017, -   ,0.279, 0.009 , 0.112 , 0.142 , 0.010 , 0.101 , 0.076 , 1.722 ,2.228," 4,340 ", 616 , 17.1 ," 364,268 "
14-Apr-2017, -   ,0.044, 0.009 , 0.105 , 0.161 , 0.010 , 0.024 , 0.014 , 1.163 ,1.572," 5,117 ", 748 , 17.0 ," 321,663 "
15-Apr-2017, 1.00 ,0.031, 0.009 , 0.108 , 0.155 , 0.010 , 0.109 , 0.064 , 1.490 ,1.864," 4,949 ", 735 , 17.0 ," 323,113 "
16-Apr-2017, 1.00 ,0.01, 0.009 , 0.104 , 0.155 , 0.009 , 0.424 , 0.262 , 1.506 ,1.79," 4,636 ", 672 , 17.4 ," 315,069 "
17-Apr-2017, -   ,0.157, 0.010 , 0.113 , 0.164 , 0.010 , 0.403 , 0.107 , 1.119 ,1.592," 4,740 ", 717 , 17.7 ," 324,648 "
18-Apr-2017, -   ,0.211, 0.010 , 0.118 , 0.157 , 0.011 , 0.116 , 0.049 , 1.779 ,2.034," 4,703 ", 696 , 18.4 ," 361,476 "
19-Apr-2017, -   ,0.539, 0.011 , 0.123 , 0.159 , 0.011 , 0.185 , 0.058 , 1.728 ,2.318," 4,662 ", 688 , 18.4 ," 364,142 "
20-Apr-2017, -   ,0.08, 0.010 , 0.120 , 0.182 , 0.010 , 0.486 , 0.167 , 1.786 ,2.35," 4,666 ", 713 , 18.3 ," 365,176 "
21-Apr-2017, -   ,0.42, 0.011 , 0.125 , 0.167 , 0.011 , 0.718 , 0.328 , 1.899 ,2.081," 3,631 ", 599 , 17.9 ," 363,824 "
22-Apr-2017, 1.00 ,0.311, 0.010 , 0.120 , 0.175 , 0.011 , 0.220 , 0.117 , 1.450 ,2.036," 3,907 ", 567 , 18.4 ," 339,740 "
23-Apr-2017, 1.00 ,0.178, 0.011 , 0.123 , 0.132 , 0.011 , 0.246 , 0.141 , 0.924 ,1.335," 4,292 ", 657 , 18.3 ," 323,236 "
24-Apr-2017, -   ,0.086, 0.011 , 0.126 , 0.134 , 0.011 , 0.521 , 0.257 , 1.687 ,2.72," 3,966 ", 653 , 18.6 ," 356,665 "
25-Apr-2017, -   ,2.14, 0.011 , 0.131 , 0.131 , 0.013 , 0.365 , 0.250 , 2.347 ,3.052," 3,541 ", 562 , 18.6 ," 330,849 "
26-Apr-2017, -   ,2.034, 0.007 , 0.088 , 0.151 , 0.009 , 0.513 , 0.267 , 3.261 ,3.84," 3,475 ", 595 , 15.7 ," 364,381 "
27-Apr-2017, -   ,0.293, 0.007 , 0.082 , 0.148 , 0.007 , 0.202 , 0.094 , 2.978 ,3.37," 4,138 ", 625 , 12.5 ," 376,069 "
28-Apr-2017, -   ,0.039, 0.007 , 0.084 , 0.143 , 0.007 , 0.067 , 0.046 , 1.999 ,2.761," 4,413 ", 663 , 13.3 ," 376,839 "
29-Apr-2017, 1.00 ,0.041, 0.008 , 0.100 , 0.147 , 0.009 , 0.079 , 0.031 , 1.862 ,2.101," 4,428 ", 679 , 14.4 ," 348,686 "
30-Apr-2017, 1.00 ,0.012, 0.009 , 0.105 , 0.153 , 0.009 , 0.153 , 0.111 , 1.594 ,1.974," 4,203 ", 648 , 15.7 ," 336,628 "
01-May-2017, -   ,0.015, 0.008 , 0.103 , 0.173 , 0.009 , 0.551 , 0.344 , 1.946 ,2.483," 3,642 ", 591 , 16.2 ," 365,528 "
02-May-2017, -   ,0.265, 0.008 , 0.097 , 0.174 , 0.009 , 0.434 , 0.200 , 2.373 ,3.341," 3,727 ", 616 , 16.1 ," 375,087 "
03-May-2017, -   ,1.067, 0.008 , 0.096 , 0.167 , 0.008 , 0.206 , 0.124 , 2.260 ,3.258," 3,492 ", 540 , 14.4 ," 382,285 "
04-May-2017, -   ,0.138, 0.008 , 0.096 , 0.156 , 0.008 , 0.235 , 0.110 , 1.552 ,1.887," 3,691 ", 607 , 15.1 ," 386,408 "
05-May-2017, -   ,0.02, 0.008 , 0.097 , 0.179 , 0.009 , 0.364 , 0.195 , 1.741 ,2.135," 3,665 ", 635 , 16.0 ," 377,574 "
06-May-2017, 1.00 ,0.036, 0.008 , 0.092 , 0.153 , 0.009 , 0.291 , 0.225 , 2.054 ,2.947," 3,259 ", 484 , 16.0 ," 347,627 "
07-May-2017, 1.00 ,0.018, 0.005 , 0.064 , 0.142 , 0.006 , 0.019 , 0.008 , 1.942 ,3.008," 4,283 ", 668 , 14.5 ," 342,807 "
08-May-2017, -   ,0.093, 0.007 , 0.078 , 0.153 , 0.008 , 0.082 , 0.044 , 2.107 ,2.37," 3,988 ", 634 , 12.8 ," 389,507 "
09-May-2017, -   ,0.101, 0.008 , 0.089 , 0.168 , 0.008 , 0.108 , 0.062 , 2.073 ,2.313," 3,855 ", 610 , 13.7 ," 393,921 "
10-May-2017, -   ,0.259, 0.007 , 0.084 , 0.130 , 0.008 , 0.049 , 0.028 , 1.941 ,2.132," 3,880 ", 598 , 13.9 ," 391,618 "
11-May-2017, -   ,0.03, 0.008 , 0.097 , 0.137 , 0.009 , 0.546 , 0.237 , 1.933 ,2.277," 3,580 ", 605 , 14.0 ," 389,647 "
12-May-2017, -   ,0.088, 0.009 , 0.102 , 0.170 , 0.009 , 0.878 , 0.427 , 1.227 ,1.655," 2,523 ", 377 , 14.7 ," 390,220 "
13-May-2017, 1.00 ,0.529, 0.009 , 0.111 , 0.119 , 0.010 , 0.882 , 0.433 , 1.327 ,1.825," 2,914 ", 539 , 15.8 ," 359,407 "
14-May-2017, 1.00 ,1.839, 0.009 , 0.111 , 0.141 , 0.010 , 0.820 , 0.369 , 2.305 ,3.393," 2,376 ", 386 , 15.6 ," 354,251 "
15-May-2017, -   ,0.107, 0.008 , 0.092 , 0.157 , 0.009 , 0.191 , 0.146 , 2.608 ,3.487," 3,097 ", 446 , 14.7 ," 389,556 "
16-May-2017, -   ,0.015, 0.007 , 0.081 , 0.156 , 0.007 , 0.488 , 0.150 , 1.594 ,2.589," 3,823 ", 610 , 13.8 ," 395,268 "
17-May-2017, -   ,0.001, 0.008 , 0.092 , 0.149 , 0.009 , 0.742 , 0.308 , 1.340 ,1.765," 3,440 ", 589 , 14.5 ," 397,258 "
18-May-2017, -   ,0.313, 0.010 , 0.113 , 0.155 , 0.010 , 0.391 , 0.184 , 2.040 ,2.724," 3,132 ", 552 , 16.1 ," 389,164 "
19-May-2017, -   ,10.581, 0.011 , 0.126 , 0.155 , 0.011 , 0.610 , 0.294 , 2.554 ,3.121," 2,175 ", 415 , 16.6 ," 392,714 "
20-May-2017, 1.00 ,1.39, 0.010 , 0.121 , 0.163 , 0.011 , 0.302 , 0.140 , 1.431 ,2.328," 2,703 ", 421 , 16.6 ," 354,916 "
21-May-2017, 1.00 ,0.028, 0.009 , 0.103 , 0.177 , 0.009 , 0.103 , 0.055 , 1.436 ,1.663," 3,406 ", 554 , 15.7 ," 347,205 "
22-May-2017, -   ,0.066, 0.009 , 0.107 , 0.175 , 0.010 , 0.079 , 0.057 , 1.405 ,1.64," 3,360 ", 560 , 15.7 ," 382,793 "
23-May-2017, -   ,0.377, 0.009 , 0.108 , 0.167 , 0.010 , 0.169 , 0.051 , 1.691 ,2.654," 3,463 ", 558 , 16.0 ," 387,357 "
24-May-2017, -   ,0.007, 0.007 , 0.088 , 0.167 , 0.009 , 0.032 , 0.019 , 2.471 ,3.308," 3,564 ", 570 , 15.4 ," 375,975 "
25-May-2017, -   ,0.002, 0.007 , 0.081 , 0.165 , 0.007 , 0.241 , 0.142 , 1.441 ,1.834," 3,484 ", 573 , 13.4 ," 391,329 "
26-May-2017, -   ,0.014, 0.008 , 0.090 , 0.147 , 0.008 , 0.122 , 0.077 , 1.284 ,1.601," 3,427 ", 568 , 13.3 ," 393,245 "
27-May-2017, 1.00 ,0.033, 0.008 , 0.088 , 0.178 , 0.008 , 0.260 , 0.059 , 1.665 ,2.67," 3,442 ", 563 , 14.5 ," 363,960 "
28-May-2017, 1.00 ,0.347, 0.007 , 0.086 , 0.186 , 0.008 , 0.162 , 0.118 , 2.699 ,3.248," 3,304 ", 539 , 14.2 ," 354,772 "
29-May-2017, -   ,0.011, 0.005 , 0.060 , 0.176 , 0.005 , 0.082 , 0.072 , 2.109 ,3.195," 3,541 ", 573 , 11.5 ," 400,851 "
30-May-2017, -   ,0.166, 0.006 , 0.066 , 0.180 , 0.006 , 0.574 , 0.267 , 2.294 ,3.582," 3,170 ", 538 , 10.0 ," 429,637 "
31-May-2017, -   ,0.139, 0.006 , 0.072 , 0.172 , 0.006 , 0.122 , 0.071 , 3.213 ,4.037," 3,107 ", 517 , 10.5 ," 434,304 "
01-Jun-2017, -   ,0.01, 0.006 , 0.072 , 0.168 , 0.007 , 0.113 , 0.057 , 2.750 ,3.36," 3,130 ", 511 , 10.5 ," 435,867 "
02-Jun-2017, -   ,0.185, 0.007 , 0.080 , 0.163 , 0.008 , 0.213 , 0.122 , 2.724 ,3.16," 3,026 ", 536 , 11.2 ," 429,470 "
03-Jun-2017, 1.00 ,0.683, 0.008 , 0.096 , 0.188 , 0.008 , 0.308 , 0.173 , 2.136 ,2.816," 2,355 ", 401 , 12.1 ," 395,860 "
04-Jun-2017, 1.00 ,0.067, 0.007 , 0.086 , 0.185 , 0.008 , 0.326 , 0.183 , 1.614 ,1.778," 3,086 ", 514 , 12.6 ," 383,139 "
05-Jun-2017, -   ,0.159, 0.006 , 0.074 , 0.124 , 0.007 , 0.254 , 0.159 , 1.655 ,3.205," 3,143 ", 518 , 11.9 ," 420,411 "
06-Jun-2017, -   ,16.01, 0.007 , 0.080 , 0.121 , 0.008 , 0.606 , 0.241 , 3.223 ,3.963," 2,516 ", 493 , 10.3 ," 438,475 "
07-Jun-2017, -   ,14.433, 0.008 , 0.099 , 0.126 , 0.009 , 0.658 , 0.345 , 2.727 ,4.001," 1,311 ", 199 , 11.4 ," 455,559 "
08-Jun-2017, -   ,2.675, 0.009 , 0.105 , 0.139 , 0.009 , 0.446 , 0.231 , 2.164 ,2.675," 2,056 ", 320 , 13.1 ," 431,324 "
09-Jun-2017, -   ,13.167, 0.009 , 0.107 , 0.158 , 0.009 , 0.699 , 0.280 , 2.672 ,3.095," 2,378 ", 437 , 13.4 ," 421,951 "
10-Jun-2017, 1.00 ,5.358, 0.009 , 0.105 , 0.183 , 0.009 , 0.633 , 0.333 , 1.948 ,2.78," 2,035 ", 322 , 14.1 ," 393,962 "
11-Jun-2017, 1.00 ,2.871, 0.009 , 0.103 , 0.159 , 0.009 , 0.210 , 0.117 , 1.398 ,1.778," 2,729 ", 455 , 13.9 ," 379,360 "
12-Jun-2017, -   ,2.198, 0.008 , 0.096 , 0.124 , 0.008 , 0.158 , 0.095 , 2.290 ,2.81," 2,946 ", 486 , 12.9 ," 378,804 "
13-Jun-2017, -   ,0.811, 0.008 , 0.098 , 0.082 , 0.009 , 0.297 , 0.119 , 2.293 ,3.05," 2,818 ", 492 , 13.0 ," 419,896 "
14-Jun-2017, -   ,0.607, 0.008 , 0.096 , 0.112 , 0.009 , 0.316 , 0.162 , 1.423 ,1.696," 2,942 ", 490 , 13.8 ," 418,381 "
15-Jun-2017, -   ,0.094, 0.008 , 0.095 , 0.138 , 0.008 , 0.865 , 0.418 , 1.214 ,1.669," 2,134 ", 456 , 13.1 ," 420,786 "
16-Jun-2017, -   ,0.505, 0.009 , 0.103 , 0.143 , 0.009 , 0.744 , 0.406 , 1.460 ,1.605," 1,862 ", 377 , 13.0 ," 426,499 "
17-Jun-2017, 1.00 ,0.879, 0.009 , 0.104 , 0.146 , 0.009 , 0.446 , 0.271 , 1.985 ,3.408," 1,912 ", 305 , 13.8 ," 395,045 "
18-Jun-2017, 1.00 ,0.793, 0.008 , 0.096 , 0.151 , 0.008 , 0.257 , 0.124 , 3.114 ,4.06," 2,562 ", 438 , 12.9 ," 387,569 "
19-Jun-2017, -   ,0.437, 0.008 , 0.096 , 0.140 , 0.008 , 0.384 , 0.180 , 2.387 ,3.069," 2,588 ", 456 , 13.1 ," 421,760 "
20-Jun-2017, -   ,0.109, 0.007 , 0.084 , 0.140 , 0.008 , 0.148 , 0.107 , 1.738 ,2.368," 2,612 ", 425 , 13.1 ," 426,511 "
21-Jun-2017, -   ,0.067, 0.008 , 0.090 , 0.151 , 0.008 , 0.210 , 0.086 , 2.228 ,2.662," 3,055 ", 523 , 11.6 ," 433,390 "
22-Jun-2017, -   ,0.018, 0.007 , 0.080 , 0.160 , 0.008 , 0.332 , 0.080 , 1.432 ,1.917," 3,099 ", 514 , 12.4 ," 428,249 "
23-Jun-2017, -   ,0.007, 0.006 , 0.072 , 0.164 , 0.006 , 0.154 , 0.064 , 2.105 ,2.494," 3,178 ", 526 , 11.8 ," 432,617 "
24-Jun-2017, 1.00 ,0.012, 0.006 , 0.072 , 0.161 , 0.006 , 0.208 , 0.158 , 2.011 ,2.818," 3,113 ", 525 , 11.8 ," 395,215 "
25-Jun-2017, 1.00 ,0.043, 0.006 , 0.073 , 0.167 , 0.007 , 0.069 , 0.037 , 2.098 ,2.482," 3,111 ", 513 , 11.2 ," 391,500 "
26-Jun-2017, -   ,0.002, 0.006 , 0.070 , 0.156 , 0.006 , 0.145 , 0.093 , 1.549 ,2.142," 3,169 ", 535 , 11.3 ," 430,903 "
27-Jun-2017, -   ,0.032, 0.007 , 0.079 , 0.145 , 0.007 , 0.735 , 0.391 , 1.188 ,1.55," 2,124 ", 377 , 11.1 ," 455,314 "
28-Jun-2017, -   ,1.961, 0.007 , 0.084 , 0.125 , 0.007 , 0.540 , 0.277 , 1.642 ,2.005," 2,081 ", 335 , 11.5 ," 452,518 "
29-Jun-2017, -   ,1.139, 0.006 , 0.077 , 0.120 , 0.007 , 0.113 , 0.059 , 2.288 ,3.381," 3,032 ", 500 , 10.9 ," 446,836 "
30-Jun-2017, -   ,0.013, 0.005 , 0.060 , 0.120 , 0.005 , 0.028 , 0.019 , 2.763 ,3.523," 3,305 ", 546 , 9.5 ," 446,016 "
01-Jul-2017, 1.00 ,0.001, 0.005 , 0.061 , 0.120 , 0.006 , 0.114 , 0.040 , 1.911 ,2.724," 3,250 ", 528 , 8.8 ," 428,561 "
02-Jul-2017, 1.00 ,0.003, 0.005 , 0.062 , 0.120 , 0.006 , 0.052 , 0.033 , 1.628 ,2.081," 3,302 ", 545 , 9.4 ," 417,580 "
03-Jul-2017, -   ,0.543, 0.008 , 0.085 , 0.120 , 0.008 , 0.304 , 0.127 , 2.210 ,2.546," 2,636 ", 435 , 10.3 ," 464,264 "
04-Jul-2017, -   ,0.187, 0.006 , 0.072 , 0.142 , 0.007 , 0.281 , 0.064 , 2.179 ,2.556," 3,166 ", 529 , 12.9 ," 419,827 "
05-Jul-2017, -   ,0.442, 0.006 , 0.072 , 0.166 , 0.006 , 0.126 , 0.054 , 2.439 ,2.775," 3,136 ", 520 , 12.2 ," 416,419 "
06-Jul-2017, -   ,0.053, 0.005 , 0.065 , 0.167 , 0.006 , 0.053 , 0.027 , 1.628 ,2.303," 3,303 ", 544 , 10.9 ," 424,549 "
07-Jul-2017, -   ,0.054, 0.005 , 0.061 , 0.166 , 0.006 , 0.057 , 0.037 , 2.183 ,2.582," 3,199 ", 525 , 10.3 ," 436,054 "
08-Jul-2017, 1.00 ,0.105, 0.006 , 0.071 , 0.182 , 0.006 , 0.099 , 0.041 , 2.041 ,2.665," 3,199 ", 517 , 9.9 ," 409,382 "
09-Jul-2017, 1.00 ,0.037, 0.005 , 0.060 , 0.158 , 0.005 , 0.131 , 0.069 , 2.027 ,2.429," 3,343 ", 552 , 10.0 ," 399,378 "
10-Jul-2017, -   ,0.004, 0.006 , 0.065 , 0.162 , 0.006 , 0.305 , 0.180 , 1.820 ,2.224," 3,011 ", 526 , 9.8 ," 441,356 "
11-Jul-2017, -   ,0.454, 0.007 , 0.077 , 0.181 , 0.007 , 0.210 , 0.107 , 2.527 ,2.762," 3,133 ", 545 , 10.1 ," 445,687 "
12-Jul-2017, -   ,0.762, 0.007 , 0.081 , 0.191 , 0.007 , 0.642 , 0.278 , 1.598 ,2.614," 2,404 ", 420 , 10.5 ," 448,761 "
13-Jul-2017, -   ,0.038, 0.007 , 0.077 , 0.195 , 0.007 , 0.479 , 0.116 , 1.906 ,2.348," 3,194 ", 521 , 11.0 ," 437,427 "
14-Jul-2017, -   ,0.464, 0.007 , 0.084 , 0.199 , 0.007 , 0.581 , 0.235 , 2.055 ,2.716," 2,857 ", 533 , 11.8 ," 429,754 "
15-Jul-2017, 1.00 ,0.767, 0.006 , 0.068 , 0.173 , 0.007 , 0.319 , 0.104 , 1.643 ,1.961," 2,943 ", 481 , 11.6 ," 399,713 "
16-Jul-2017, 1.00 ,0.018, 0.006 , 0.065 , 0.152 , 0.006 , 0.556 , 0.120 , 1.458 ,1.795," 3,386 ", 557 , 10.6 ," 397,703 "
17-Jul-2017, -   ,0.209, 0.007 , 0.077 , 0.135 , 0.007 , 0.132 , 0.104 , 1.893 ,2.331," 3,058 ", 512 , 11.6 ," 435,124 "
18-Jul-2017, -   ,0.293, 0.006 , 0.079 , 0.156 , 0.007 , 0.221 , 0.138 , 2.714 ,3.592," 3,206 ", 556 , 12.7 ," 419,514 "
19-Jul-2017, -   ,0.111, 0.006 , 0.070 , 0.165 , 0.006 , 0.137 , 0.068 , 3.460 ,4.152," 3,305 ", 519 , 10.6 ," 425,040 "
20-Jul-2017, -   ,0.053, 0.005 , 0.061 , 0.173 , 0.006 , 0.118 , 0.070 , 3.146 ,4.039," 3,463 ", 576 , 9.9 ," 433,385 "
21-Jul-2017, -   ,0.003, 0.006 , 0.067 , 0.158 , 0.006 , 0.054 , 0.038 , 2.288 ,3.386," 3,364 ", 505 , 9.3 ," 443,983 "
22-Jul-2017, 1.00 ,0, 0.005 , 0.053 , 0.189 , 0.005 , 0.019 , 0.005 , 1.880 ,2.708," 3,751 ", 598 , 9.8 ," 416,763 "
23-Jul-2017, 1.00 ,0.031, 0.005 , 0.060 , 0.119 , 0.006 , 0.030 , 0.019 , 2.321 ,3.101," 3,675 ", 586 , 11.5 ," 388,473 "
24-Jul-2017, -   ,0, 0.006 , 0.070 , 0.113 , 0.006 , 0.025 , 0.010 , 2.147 ,2.688," 3,741 ", 587 , 12.0 ," 412,556 "
25-Jul-2017, -   ,0.06, 0.006 , 0.067 , 0.120 , 0.007 , 0.041 , 0.017 , 2.231 ,3.316," 3,745 ", 597 , 11.9 ," 421,402 "
26-Jul-2017, -   ,0.027, 0.006 , 0.073 , 0.108 , 0.007 , 0.062 , 0.023 , 2.832 ,4.297," 3,757 ", 592 , 13.1 ," 402,781 "
27-Jul-2017, -   ,0.165, 0.006 , 0.066 , 0.109 , 0.006 , 0.513 , 0.095 , 1.920 ,3.174," 3,698 ", 605 , 11.3 ," 421,935 "
28-Jul-2017, -   ,0.004, 0.005 , 0.062 , 0.108 , 0.006 , 0.160 , 0.041 , 2.531 ,4.127," 3,849 ", 599 , 11.9 ," 413,281 "
29-Jul-2017, 1.00 ,0, 0.005 , 0.055 , 0.102 , 0.005 , 0.139 , 0.061 , 2.107 ,3.002," 3,850 ", 625 , 11.1 ," 389,994 "
30-Jul-2017, 1.00 ,0.555, 0.007 , 0.085 , 0.105 , 0.009 , 0.742 , 0.313 , 1.823 ,3.3," 2,794 ", 510 , 14.7 ," 359,907 "
31-Jul-2017, -   ,6.677, 0.007 , 0.092 , 0.112 , 0.009 , 0.385 , 0.265 , 2.534 ,3.269," 1,813 ", 437 , 12.7 ," 415,016 "
01-Aug-2017, -   ,0.014, 0.006 , 0.069 , 0.121 , 0.006 , 0.018 , 0.014 , 2.505 ,3.092," 3,992 ", 622 , 11.0 ," 421,092 "
02-Aug-2017, -   ,0.1, 0.007 , 0.078 , 0.116 , 0.007 , 0.233 , 0.117 , 1.803 ,2.471," 3,688 ", 598 , 10.8 ," 426,861 "
03-Aug-2017, -   ,9.061, 0.008 , 0.084 , 0.087 , 0.009 , 0.535 , 0.167 , 2.415 ,3.402," 3,263 ", 533 , 11.9 ," 427,846 "
04-Aug-2017, -   ,0.141, 0.006 , 0.072 , 0.106 , 0.006 , 0.203 , 0.042 , 2.910 ,3.54," 3,860 ", 588 , 10.9 ," 413,890 "
05-Aug-2017, 1.00 ,0.015, 0.005 , 0.061 , 0.122 , 0.006 , 0.534 , 0.098 , 2.361 ,3.441," 4,043 ", 626 , 11.3 ," 378,084 "
06-Aug-2017, 1.00 ,0.476, 0.006 , 0.072 , 0.120 , 0.006 , 0.177 , 0.062 , 2.869 ,3.675," 3,903 ", 616 , 12.4 ," 362,515 "
07-Aug-2017, -   ,0.305, 0.005 , 0.061 , 0.110 , 0.006 , 0.111 , 0.046 , 3.446 ,4.237," 4,023 ", 612 , 11.3 ," 406,878 "
08-Aug-2017, -   ,0.006, 0.005 , 0.057 , 0.107 , 0.005 , 0.017 , 0.009 , 2.616 ,3.356," 4,301 ", 654 , 10.4 ," 413,526 "
09-Aug-2017, -   ,0, 0.006 , 0.061 , 0.111 , 0.006 , 0.458 , 0.184 , 1.582 ,2.469," 4,211 ", 658 , 11.4 ," 411,655 "
10-Aug-2017, -   ,0, 0.005 , 0.063 , 0.108 , 0.006 , 0.741 , 0.345 , 2.232 ,2.55," 4,018 ", 629 , 13.3 ," 400,273 "
11-Aug-2017, -   ,0, 0.006 , 0.071 , 0.120 , 0.007 , 0.519 , 0.224 , 2.215 ,2.56," 3,850 ", 631 , 14.8 ," 377,759 "
12-Aug-2017, 1.00 ,0.025, 0.006 , 0.066 , 0.119 , 0.006 , 0.265 , 0.203 , 2.043 ,2.695," 4,045 ", 631 , 12.5 ," 357,419 "
13-Aug-2017, 1.00 ,0, 0.006 , 0.064 , 0.132 , 0.006 , 0.029 , 0.009 , 1.599 ,1.996," 4,467 ", 677 , 12.7 ," 351,631 "
14-Aug-2017, -   ,0.048, 0.006 , 0.071 , 0.120 , 0.007 , 0.154 , 0.097 , 1.504 ,2.004," 4,150 ", 672 , 13.6 ," 390,259 "
15-Aug-2017, -   ,0.878, 0.007 , 0.088 , 0.132 , 0.008 , 0.448 , 0.186 , 2.712 ,4.821," 3,462 ", 537 , 15.4 ," 401,332 "
16-Aug-2017, -   ,0.265, 0.006 , 0.070 , 0.128 , 0.007 , 0.024 , 0.014 , 3.043 ,5.107," 4,486 ", 660 , 16.1 ," 372,194 "
17-Aug-2017, -   ,0.455, 0.005 , 0.060 , 0.129 , 0.006 , 0.071 , 0.028 , 3.640 ,5.347," 4,586 ", 697 , 13.9 ," 375,066 "
18-Aug-2017, -   ,0.112, 0.005 , 0.057 , 0.132 , 0.005 , 0.148 , 0.063 , 4.600 ,5.713," 4,332 ", 666 , 11.6 ," 393,832 "
19-Aug-2017, 1.00 ,0.11, 0.005 , 0.060 , 0.141 , 0.005 , 0.226 , 0.133 , 3.753 ,4.801," 3,670 ", 555 , 9.7 ," 385,332 "
20-Aug-2017, 1.00 ,0.081, 0.006 , 0.069 , 0.086 , 0.006 , 0.507 , 0.283 , 1.781 ,3.125," 3,278 ", 491 , 9.6 ," 384,229 "
21-Aug-2017, -   ,0.059, 0.006 , 0.070 , 0.084 , 0.006 , 0.450 , 0.180 , 1.619 ,2.447," 3,177 ", 523 , 10.9 ," 431,724 "
22-Aug-2017, -   ,0.003, 0.006 , 0.066 , 0.084 , 0.007 , 0.027 , 0.020 , 1.546 ,1.771," 4,798 ", 711 , 12.4 ," 405,479 "
23-Aug-2017, -   ,0.021, 0.007 , 0.073 , 0.099 , 0.008 , 0.142 , 0.128 , 1.924 ,3.164," 4,754 ", 716 , 13.2 ," 399,125 "
24-Aug-2017, -   ,0.776, 0.006 , 0.072 , 0.108 , 0.007 , 0.242 , 0.103 , 3.265 ,3.677," 4,311 ", 688 , 12.0 ," 409,359 "
25-Aug-2017, -   ,0.215, 0.006 , 0.070 , 0.104 , 0.006 , 0.096 , 0.066 , 2.487 ,3.573," 4,356 ", 626 , 11.4 ," 408,077 "
26-Aug-2017, 1.00 ,0.007, 0.005 , 0.056 , 0.097 , 0.006 , 0.282 , 0.121 , 1.730 ,3.025," 4,843 ", 739 , 12.0 ," 373,044 "
27-Aug-2017, 1.00 ,1.202, 0.005 , 0.060 , 0.096 , 0.006 , 0.302 , 0.113 , 3.231 ,4.106," 4,524 ", 702 , 10.5 ," 375,524 "
28-Aug-2017, -   ,0.118, 0.006 , 0.064 , 0.096 , 0.006 , 0.095 , 0.059 , 2.697 ,4.089," 4,699 ", 673 , 9.3 ," 426,977 "
29-Aug-2017, -   ,0.039, 0.005 , 0.059 , 0.100 , 0.006 , 0.395 , 0.099 , 1.547 ,2.554," 4,645 ", 680 , 10.5 ," 428,604 "
30-Aug-2017, -   ,0.012, 0.005 , 0.057 , 0.105 , 0.006 , 0.034 , 0.014 , 2.885 ,3.522," 5,207 ", 759 , 11.5 ," 415,132 "
31-Aug-2017, -   ,0.075, 0.006 , 0.066 , 0.095 , 0.006 , 0.167 , 0.099 , 2.853 ,3.582," 4,725 ", 717 , 10.9 ," 416,419 "
01-Sep-2017, -   ,0.004, 0.006 , 0.063 , 0.066 , 0.006 , 0.056 , 0.043 , 1.639 ,2.292," 4,984 ", 700 , 11.3 ," 409,806 "
02-Sep-2017, 1.00 ,0, 0.006 , 0.061 , 0.087 , 0.007 , 0.137 , 0.084 , 1.759 ,2.606," 5,136 ", 762 , 13.4 ," 370,264 "
03-Sep-2017, 1.00 ,0.098, 0.006 , 0.070 , 0.096 , 0.007 , 0.056 , 0.045 , 2.640 ,3.606," 5,088 ", 722 , 16.4 ," 339,634 "
04-Sep-2017, -   ,0.285, 0.005 , 0.060 , 0.090 , 0.005 , 0.060 , 0.028 , 3.017 ,3.706," 5,392 ", 771 , 13.7 ," 370,637 "
05-Sep-2017, -   ,0.216, 0.005 , 0.053 , 0.103 , 0.005 , 0.075 , 0.028 , 3.496 ,3.855," 5,479 ", 785 , 11.7 ," 389,584 "
06-Sep-2017, -   ,0.054, 0.005 , 0.058 , 0.108 , 0.006 , 0.057 , 0.020 , 2.982 ,3.779," 5,606 ", 801 , 12.0 ," 388,832 "
07-Sep-2017, -   ,0.027, 0.005 , 0.061 , 0.111 , 0.006 , 0.083 , 0.031 , 2.855 ,3.93," 5,662 ", 806 , 12.7 ," 383,207 "
08-Sep-2017, -   ,0.02, 0.005 , 0.059 , 0.108 , 0.005 , 0.022 , 0.012 , 3.104 ,3.82," 5,655 ", 793 , 12.3 ," 384,833 "
09-Sep-2017, 1.00 ,0, 0.005 , 0.058 , 0.093 , 0.006 , 0.073 , 0.028 , 1.897 ,3.326," 5,722 ", 811 , 11.6 ," 362,540 "
10-Sep-2017, 1.00 ,0, 0.006 , 0.065 , 0.084 , 0.007 , 0.030 , 0.027 , 1.516 ,2.209," 5,744 ", 804 , 12.4 ," 352,083 "
11-Sep-2017, -   ,0, 0.006 , 0.066 , 0.096 , 0.007 , 0.325 , 0.198 , 1.632 ,2.072," 5,535 ", 818 , 14.8 ," 374,469 "
12-Sep-2017, -   ,0.012, 0.007 , 0.085 , 0.118 , 0.008 , 0.312 , 0.238 , 2.048 ,3.021," 4,860 ", 715 , 17.8 ," 372,105 "
13-Sep-2017, -   ,0.576, 0.007 , 0.072 , 0.129 , 0.008 , 0.332 , 0.062 , 3.350 ,4.796," 5,698 ", 815 , 19.8 ," 364,044 "
14-Sep-2017, -   ,0.04, 0.005 , 0.055 , 0.121 , 0.006 , 0.063 , 0.033 , 3.736 ,4.832," 5,804 ", 806 , 12.2 ," 369,087 "
15-Sep-2017, -   ,0.078, 0.006 , 0.066 , 0.108 , 0.006 , 0.364 , 0.203 , 2.285 ,3.343," 5,444 ", 831 , 13.4 ," 370,832 "
16-Sep-2017, 1.00 ,0.134, 0.005 , 0.065 , 0.112 , 0.006 , 0.132 , 0.078 , 2.534 ,3.498," 5,681 ", 810 , 13.9 ," 348,055 "
17-Sep-2017, 1.00 ,0.002, 0.005 , 0.057 , 0.110 , 0.006 , 0.046 , 0.029 , 1.808 ,2.336," 6,220 ", 851 , 12.3 ," 344,252 "
18-Sep-2017, -   ,0.027, 0.006 , 0.065 , 0.088 , 0.006 , 0.332 , 0.056 , 2.415 ,3.496," 6,146 ", 873 , 15.0 ," 368,544 "
19-Sep-2017, -   ,0.001, 0.005 , 0.066 , 0.084 , 0.006 , 0.052 , 0.033 , 2.349 ,3.533," 6,245 ", 867 , 15.5 ," 365,608 "
20-Sep-2017, -   ,0, 0.006 , 0.071 , 0.090 , 0.007 , 0.066 , 0.026 , 1.507 ,2.402," 6,119 ", 843 , 13.6 ," 371,493 "
21-Sep-2017, -   ,0.009, 0.006 , 0.067 , 0.096 , 0.007 , 0.258 , 0.043 , 1.763 ,2.101," 6,177 ", 850 , 16.7 ," 366,640 "
22-Sep-2017, -   ,0.201, 0.006 , 0.062 , 0.092 , 0.007 , 0.147 , 0.082 , 1.752 ,2.438," 6,057 ", 856 , 19.2 ," 363,772 "
23-Sep-2017, 1.00 ,0, 0.007 , 0.077 , 0.073 , 0.007 , 0.148 , 0.112 , 2.431 ,3.214," 5,710 ", 796 , 22.7 ," 338,222 "
24-Sep-2017, 1.00 ,0.005, 0.007 , 0.078 , 0.062 , 0.007 , 0.075 , 0.063 , 2.374 ,3.859," 5,951 ", 790 , 22.0 ," 326,712 "
25-Sep-2017, -   ,0.038, 0.006 , 0.071 , 0.072 , 0.006 , 0.045 , 0.020 , 2.442 ,3.606," 6,519 ", 886 , 18.5 ," 352,560 "
26-Sep-2017, -   ,0, 0.006 , 0.074 , 0.072 , 0.008 , 0.081 , 0.058 , 2.187 ,3.346," 6,533 ", 899 , 16.0 ," 361,683 "
27-Sep-2017, -   ,0.382, 0.009 , 0.101 , 0.077 , 0.010 , 0.352 , 0.159 , 2.756 ,3.714," 5,798 ", 866 , 18.0 ," 366,820 "
28-Sep-2017, -   ,0.059, 0.007 , 0.080 , 0.084 , 0.008 , 0.274 , 0.115 , 2.038 ,3.408," 6,003 ", 775 , 20.1 ," 361,909 "
29-Sep-2017, -   ,0.021, 0.006 , 0.067 , 0.096 , 0.007 , 0.466 , 0.168 , 1.969 ,3.891," 6,057 ", 911 , 17.9 ," 352,003 "
30-Sep-2017, 1.00 ,0.024, 0.005 , 0.062 , 0.084 , 0.006 , 0.545 , 0.266 , 1.999 ,3.89," 5,127 ", 702 , 17.2 ," 323,763 "
01-Oct-2017, 1.00 ,0.465, 0.007 , 0.071 , 0.072 , 0.008 , 0.296 , 0.139 , 1.630 ,2.407," 6,168 ", 882 , 15.5 ," 312,085 "
02-Oct-2017, -   ,1.396, 0.009 , 0.100 , 0.080 , 0.009 , 0.610 , 0.220 , 1.937 ,2.629," 5,377 ", 727 , 16.8 ," 320,597 "
03-Oct-2017, -   ,0.727, 0.009 , 0.108 , 0.096 , 0.010 , 0.133 , 0.104 , 1.551 ,2.538," 5,869 ", 764 , 18.0 ," 360,374 "
04-Oct-2017, -   ,0.033, 0.010 , 0.113 , 0.099 , 0.010 , 0.268 , 0.077 , 1.278 ,2.088," 6,639 ", 901 , 18.6 ," 358,362 "
05-Oct-2017, -   ,0.077, 0.009 , 0.103 , 0.108 , 0.010 , 0.534 , 0.209 , 1.892 ,2.921," 5,857 ", 850 , 20.5 ," 365,615 "
06-Oct-2017, -   ,0.23, 0.007 , 0.084 , 0.107 , 0.008 , 0.140 , 0.076 , 2.964 ,3.756," 6,809 ", 904 , 19.0 ," 357,000 "
07-Oct-2017, 1.00 ,0.085, 0.008 , 0.089 , 0.104 , 0.008 , 0.498 , 0.339 , 1.595 ,2.458," 5,402 ", 811 , 16.2 ," 325,904 "
08-Oct-2017, 1.00 ,4.97, 0.010 , 0.118 , 0.096 , 0.012 , 0.534 , 0.284 , 1.938 ,2.197," 3,494 ", 716 , 17.1 ," 326,063 "
09-Oct-2017, -   ,0.405, 0.009 , 0.111 , 0.099 , 0.011 , 0.277 , 0.111 , 1.810 ,2.941," 6,460 ", 912 , 20.7 ," 363,853 "
10-Oct-2017, -   ,0.483, 0.010 , 0.113 , 0.097 , 0.011 , 0.396 , 0.182 , 2.297 ,3.076," 5,978 ", 818 , 18.4 ," 359,655 "
11-Oct-2017, -   ,3.696, 0.011 , 0.124 , 0.096 , 0.012 , 0.679 , 0.252 , 2.442 ,3.004," 6,019 ", 743 , 20.7 ," 361,548 "
12-Oct-2017, -   ,0.094, 0.007 , 0.085 , 0.104 , 0.008 , 0.108 , 0.063 , 1.819 ,2.93," 7,230 ", 935 , 19.8 ," 357,780 "
13-Oct-2017, -   ,1.391, 0.009 , 0.102 , 0.108 , 0.010 , 0.436 , 0.246 , 2.310 ,3.766," 6,705 ", 938 , 18.0 ," 357,093 "
14-Oct-2017, 1.00 ,4.653, 0.009 , 0.108 , 0.100 , 0.009 , 0.408 , 0.208 , 2.551 ,3.666," 5,005 ", 672 , 17.0 ," 333,792 "
15-Oct-2017, 1.00 ,1.941, 0.010 , 0.111 , 0.096 , 0.010 , 0.273 , 0.108 , 2.086 ,2.665," 6,565 ", 844 , 17.8 ," 319,955 "
16-Oct-2017, -   ,0.988, 0.008 , 0.099 , 0.092 , 0.009 , 0.466 , 0.186 , 2.302 ,3.002," 6,919 ", 927 , 18.4 ," 354,977 "
17-Oct-2017, -   ,0.302, 0.009 , 0.101 , 0.083 , 0.009 , 0.715 , 0.322 , 2.583 ,3.463," 6,441 ", 926 , 18.9 ," 363,006 "
18-Oct-2017, -   ,0.072, 0.009 , 0.111 , 0.094 , 0.010 , 0.193 , 0.137 , 2.915 ,3.751," 6,797 ", 815 , 19.7 ," 365,278 "
19-Oct-2017, -   ,9.693, 0.011 , 0.123 , 0.081 , 0.012 , 0.503 , 0.216 , 1.922 ,2.961," 5,909 ", 938 , 21.0 ," 370,607 "
20-Oct-2017, -   ,15.966, 0.008 , 0.106 , 0.072 , 0.012 , 0.616 , 0.320 , 3.378 ,4.021," 3,280 ", 695 , 17.2 ," 368,645 "
21-Oct-2017, 1.00 ,0.577, 0.007 , 0.077 , 0.072 , 0.007 , 0.161 , 0.101 , 1.773 ,3.001," 6,983 ", 885 , 15.3 ," 329,405 "
22-Oct-2017, 1.00 ,5.708, 0.008 , 0.092 , 0.079 , 0.009 , 0.392 , 0.136 , 1.806 ,2.733," 6,678 ", 881 , 15.4 ," 322,463 "
23-Oct-2017, -   ,0.227, 0.008 , 0.090 , 0.072 , 0.009 , 0.135 , 0.094 , 1.660 ,1.972," 7,485 ", 941 , 16.3 ," 352,436 "
24-Oct-2017, -   ,0.055, 0.008 , 0.092 , 0.084 , 0.009 , 0.707 , 0.342 , 1.738 ,2.112," 6,644 ", 941 , 18.9 ," 359,498 "
25-Oct-2017, -   ,3.793, 0.010 , 0.113 , 0.084 , 0.012 , 0.480 , 0.207 , 1.758 ,2.551," 6,318 ", 946 , 20.6 ," 367,376 "
26-Oct-2017, -   ,12.711, 0.011 , 0.124 , 0.072 , 0.012 , 0.483 , 0.136 , 2.897 ,3.754," 6,511 ", 899 , 19.3 ," 363,485 "
27-Oct-2017, -   ,0.283, 0.011 , 0.122 , 0.060 , 0.011 , 0.306 , 0.170 , 1.934 ,3.541," 6,887 ", 874 , 18.8 ," 359,664 "
28-Oct-2017, 1.00 ,0.363, 0.010 , 0.115 , 0.063 , 0.011 , 0.646 , 0.299 , 1.637 ,1.898," 5,949 ", 857 , 20.7 ," 335,579 "
29-Oct-2017, 1.00 ,0.053, 0.010 , 0.114 , 0.067 , 0.011 , 0.041 , 0.029 , 2.054 ,2.519," 7,751 ", 989 , 22.6 ," 334,999 "
30-Oct-2017, -   ,0.708, 0.007 , 0.088 , 0.096 , 0.008 , 0.413 , 0.184 , 3.419 ,4.153," 7,367 ", 998 , 21.0 ," 382,575 "
31-Oct-2017, -   ,0.114, 0.006 , 0.067 , 0.075 , 0.007 , 0.214 , 0.124 , 3.123 ,4.095," 7,626 "," 1,013 ", 15.0 ," 354,128 "
01-Nov-2017, -   ,0.016, 0.007 , 0.077 , 0.072 , 0.008 , 0.459 , 0.206 , 2.012 ,2.799," 6,559 ", 765 , 15.9 ," 353,439 "
02-Nov-2017, -   ,0.055, 0.008 , 0.093 , 0.064 , 0.009 , 0.492 , 0.269 , 1.882 ,2.816," 7,013 ", 850 , 17.4 ," 357,333 "
03-Nov-2017, -   ,5.209, 0.009 , 0.099 , 0.060 , 0.010 , 0.665 , 0.287 , 2.265 ,3.242," 6,204 ", 900 , 19.4 ," 363,443 "
04-Nov-2017, 1.00 ,3.22, 0.008 , 0.101 , 0.069 , 0.009 , 0.676 , 0.358 , 2.362 ,2.965," 4,071 ", 539 , 16.2 ," 334,916 "
05-Nov-2017, 1.00 ,10.511, 0.009 , 0.112 , 0.064 , 0.012 , 0.714 , 0.392 , 2.864 ,3.945," 3,564 ", 516 , 16.1 ," 330,468 "
06-Nov-2017, -   ,4.636, 0.008 , 0.106 , 0.063 , 0.012 , 0.204 , 0.125 , 3.223 ,4.504," 6,478 ", 868 , 17.9 ," 363,423 "
07-Nov-2017, -   ,2.191, 0.007 , 0.079 , 0.076 , 0.008 , 0.165 , 0.029 , 3.195 ,4.043," 8,365 "," 1,055 ", 15.8 ," 356,152 "
08-Nov-2017, -   ,0.451, 0.007 , 0.080 , 0.084 , 0.007 , 0.087 , 0.051 , 1.888 ,2.845," 7,974 ", 952 , 16.0 ," 357,117 "
09-Nov-2017, -   ,0.158, 0.007 , 0.084 , 0.080 , 0.008 , 0.361 , 0.177 , 1.695 ,2.442," 8,465 "," 1,045 ", 17.3 ," 358,617 "
10-Nov-2017, -   ,0.314, 0.008 , 0.096 , 0.081 , 0.009 , 0.643 , 0.347 , 1.671 ,2.571," 8,010 "," 1,019 ", 18.3 ," 358,662 "
11-Nov-2017, 1.00 ,1.158, 0.009 , 0.099 , 0.082 , 0.009 , 0.378 , 0.184 , 1.908 ,2.386," 7,236 ", 919 , 18.8 ," 334,793 "
12-Nov-2017, 1.00 ,0.035, 0.008 , 0.096 , 0.069 , 0.009 , 0.148 , 0.084 , 1.947 ,2.653," 7,824 "," 1,005 ", 18.6 ," 322,836 "
13-Nov-2017, -   ,0.314, 0.008 , 0.096 , 0.070 , 0.008 , 0.184 , 0.122 , 1.819 ,2.424," 7,153 ", 849 , 18.3 ," 362,591 "
14-Nov-2017, -   ,0.059, 0.009 , 0.104 , 0.081 , 0.010 , 0.117 , 0.029 , 2.115 ,2.843," 8,531 "," 1,039 ", 19.1 ," 362,698 "
15-Nov-2017, -   ,0.323, 0.010 , 0.113 , 0.072 , 0.010 , 0.320 , 0.094 , 2.753 ,3.64," 8,261 "," 1,039 ", 20.2 ," 369,439 "
16-Nov-2017, -   ,3.144, 0.011 , 0.127 , 0.072 , 0.012 , 0.579 , 0.311 , 2.898 ,3.466," 6,555 ", 876 , 19.8 ," 372,866 "
17-Nov-2017, -   ,6.581, 0.011 , 0.133 , 0.060 , 0.012 , 0.854 , 0.400 , 3.197 ,3.85," 4,958 ", 757 , 19.7 ," 370,833 "
18-Nov-2017, 1.00 ,4.058, 0.010 , 0.120 , 0.066 , 0.011 , 0.915 , 0.469 , 2.745 ,3.799," 5,362 ", 778 , 18.7 ," 339,611 "
19-Nov-2017, 1.00 ,0.868, 0.010 , 0.111 , 0.058 , 0.010 , 0.470 , 0.212 , 2.304 ,3.013," 8,281 "," 1,006 ", 19.4 ," 324,479 "
20-Nov-2017, -   ,0.67, 0.009 , 0.106 , 0.060 , 0.010 , 0.325 , 0.091 , 2.189 ,2.83," 8,299 "," 1,023 ", 19.3 ," 361,464 "
21-Nov-2017, -   ,0.476, 0.009 , 0.103 , 0.072 , 0.010 , 0.202 , 0.073 , 1.911 ,2.771," 8,518 "," 1,034 ", 19.5 ," 365,859 "
22-Nov-2017, -   ,0.595, 0.010 , 0.113 , 0.072 , 0.010 , 0.224 , 0.091 , 1.835 ,2.661," 8,314 "," 1,018 ", 19.7 ," 366,338 "
23-Nov-2017, -   ,0.789, 0.010 , 0.118 , 0.072 , 0.011 , 0.140 , 0.066 , 1.854 ,2.419," 8,132 ", 995 , 20.7 ," 374,808 "
24-Nov-2017, -   ,1.339, 0.011 , 0.122 , 0.072 , 0.012 , 0.119 , 0.064 , 1.737 ,2.365," 8,495 "," 1,045 ", 22.2 ," 381,024 "
25-Nov-2017, 1.00 ,0.359, 0.011 , 0.129 , 0.060 , 0.012 , 0.214 , 0.077 , 2.005 ,2.812," 8,572 "," 1,051 ", 22.2 ," 355,362 "
26-Nov-2017, 1.00 ,2.483, 0.013 , 0.147 , 0.060 , 0.014 , 0.768 , 0.346 , 2.372 ,3.141," 6,675 "," 1,022 ", 22.5 ," 350,636 "
27-Nov-2017, -   ,1.533, 0.013 , 0.149 , 0.080 , 0.013 , 0.382 , 0.258 , 1.543 ,2.117," 5,375 ", 821 , 21.7 ," 387,787 "
28-Nov-2017, -   ,0.85, 0.013 , 0.148 , 0.087 , 0.013 , 0.576 , 0.222 , 1.734 ,2.551," 7,791 ", 965 , 22.1 ," 394,500 "
29-Nov-2017, -   ,1.556, 0.012 , 0.146 , 0.073 , 0.013 , 0.508 , 0.252 , 1.757 ,2.356," 7,494 ", 893 , 22.3 ," 398,418 "
30-Nov-2017, -   ,0.942, 0.013 , 0.149 , 0.079 , 0.013 , 0.135 , 0.065 , 2.582 ,3.209," 8,163 ", 937 , 22.8 ," 407,884 "
01-Dec-2017, -   ,4.552, 0.013 , 0.151 , 0.092 , 0.014 , 0.627 , 0.235 , 3.046 ,3.773," 7,527 "," 1,019 ", 24.0 ," 413,541 "
02-Dec-2017, 1.00 ,13.477, 0.012 , 0.136 , 0.084 , 0.014 , 0.452 , 0.288 , 2.909 ,3.946," 5,766 ", 850 , 22.2 ," 356,566 "
03-Dec-2017, 1.00 ,2.219, 0.009 , 0.108 , 0.061 , 0.010 , 0.395 , 0.165 , 1.805 ,2.55," 7,373 "," 1,038 ", 19.5 ," 328,085 "
04-Dec-2017, -   ,9.208, 0.011 , 0.130 , 0.063 , 0.012 , 0.791 , 0.360 , 2.108 ,3.108," 4,341 ", 584 , 17.3 ," 368,053 "
05-Dec-2017, -   ,6.222, 0.011 , 0.128 , 0.070 , 0.011 , 0.653 , 0.320 , 2.299 ,2.912," 5,087 ", 621 , 17.8 ," 366,984 "
06-Dec-2017, -   ,1.051, 0.009 , 0.103 , 0.060 , 0.010 , 0.152 , 0.098 , 1.934 ,2.584," 7,737 ", 910 , 18.9 ," 365,277 "
07-Dec-2017, -   ,0.908, 0.009 , 0.098 , 0.060 , 0.010 , 0.230 , 0.138 , 2.040 ,2.688," 8,305 "," 1,093 ", 22.0 ," 382,558 "
08-Dec-2017, -   ,2.201, 0.010 , 0.113 , 0.072 , 0.010 , 0.426 , 0.208 , 2.415 ,3.795," 6,900 ", 864 , 20.5 ," 377,605 "
09-Dec-2017, 1.00 ,0.183, 0.010 , 0.111 , 0.062 , 0.010 , 0.200 , 0.148 , 1.782 ,2.826," 8,478 ", 964 , 19.7 ," 342,530 "
10-Dec-2017, 1.00 ,0, 0.010 , 0.111 , 0.066 , 0.011 , 0.362 , 0.200 , 1.907 ,2.835," 9,127 "," 1,080 ", 21.1 ," 338,147 "
11-Dec-2017, -   ,0.017, 0.011 , 0.123 , 0.072 , 0.012 , 0.146 , 0.053 , 1.848 ,3.009," 9,026 "," 1,082 ", 22.2 ," 389,852 "
12-Dec-2017, -   ,0.023, 0.012 , 0.134 , 0.072 , 0.012 , 0.074 , 0.044 , 1.938 ,3.173," 9,143 "," 1,077 ", 23.0 ," 406,975 "
13-Dec-2017, -   ,0, 0.011 , 0.125 , 0.073 , 0.012 , 0.139 , 0.105 , 2.218 ,2.833," 9,087 "," 1,086 ", 25.0 ," 431,528 "
14-Dec-2017, -   ,0.424, 0.012 , 0.140 , 0.089 , 0.014 , 0.579 , 0.233 , 2.147 ,2.596," 7,394 "," 1,048 ", 26.8 ," 466,765 "
15-Dec-2017, -   ,0.754, 0.014 , 0.157 , 0.069 , 0.014 , 0.611 , 0.290 , 1.699 ,2.401," 4,981 ", 860 , 23.6 ," 419,321 "
16-Dec-2017, 1.00 ,0.616, 0.013 , 0.150 , 0.062 , 0.014 , 0.470 , 0.185 , 1.807 ,2.577," 7,957 "," 1,055 ", 25.8 ," 411,619 "
17-Dec-2017, 1.00 ,1.351, 0.014 , 0.160 , 0.060 , 0.014 , 0.588 , 0.317 , 1.730 ,2.379," 7,338 "," 1,012 ", 24.4 ," 375,948 "
18-Dec-2017, -   ,0.83, 0.014 , 0.160 , 0.060 , 0.014 , 0.582 , 0.306 , 1.701 ,2.453," 6,113 ", 780 , 25.2 ," 440,999 "
19-Dec-2017, -   ,0.258, 0.013 , 0.150 , 0.072 , 0.014 , 0.804 , 0.371 , 1.988 ,2.519," 7,973 ", 982 , 28.5 ," 485,174 "
20-Dec-2017, -   ,4.417, 0.013 , 0.152 , 0.072 , 0.014 , 0.750 , 0.360 , 2.321 ,3.262," 5,840 ", 820 , 26.9 ," 468,924 "
21-Dec-2017, -   ,3.306, 0.012 , 0.144 , 0.073 , 0.013 , 0.458 , 0.218 , 2.140 ,2.835," 6,629 ", 803 , 21.8 ," 391,669 "
22-Dec-2017, -   ,0.801, 0.012 , 0.141 , 0.086 , 0.013 , 0.281 , 0.100 , 1.745 ,2.675," 7,660 ", 892 , 22.5 ," 386,386 "
23-Dec-2017, 1.00 ,0.013, 0.012 , 0.125 , 0.078 , 0.013 , 0.209 , 0.106 , 1.821 ,2.568," 8,716 "," 1,061 ", 25.0 ," 385,043 "
24-Dec-2017, 1.00 ,2.644, 0.011 , 0.122 , 0.072 , 0.013 , 0.738 , 0.366 , 2.905 ,3.61," 6,329 ", 930 , 26.6 ," 387,965 "
25-Dec-2017, -   ,2.133, 0.010 , 0.120 , 0.070 , 0.010 , 0.482 , 0.264 , 2.821 ,3.436," 6,477 ", 813 , 20.9 ," 302,300 "
26-Dec-2017, -   ,4.351, 0.011 , 0.129 , 0.064 , 0.012 , 0.367 , 0.181 , 2.506 ,2.996," 6,793 ", 845 , 21.0 ," 311,606 "
27-Dec-2017, -   ,0.232, 0.012 , 0.137 , 0.062 , 0.012 , 0.276 , 0.206 , 2.460 ,3.075," 8,210 ", 929 , 22.6 ," 353,968 "
28-Dec-2017, -   ,0.237, 0.013 , 0.146 , 0.072 , 0.014 , 0.780 , 0.375 , 1.866 ,2.48," 7,098 ", 917 , 24.4 ," 385,900 "
29-Dec-2017, -   ,5.22, 0.014 , 0.163 , 0.071 , 0.016 , 0.852 , 0.395 , 1.974 ,2.531," 6,089 ", 970 , 25.8 ," 411,637 "
30-Dec-2017, 1.00 ,2.433, 0.012 , 0.148 , 0.066 , 0.014 , 0.236 , 0.118 , 2.213 ,3.131," 7,679 ", 940 , 24.8 ," 379,656 "
31-Dec-2017, 1.00 ,0.696, 0.012 , 0.140 , 0.072 , 0.013 , 0.186 , 0.087 , 2.269 ,3.671," 8,057 ", 934 , 22.6 ," 342,931 "
01-Jan-2018, -   ,0.625, 0.012 , 0.135 , 0.071 , 0.013 , 0.176 , 0.062 , 1.740 ,3.182," 8,832 "," 1,073 ", 23.6 ," 353,567 "
02-Jan-2018, -   ,3.286, 0.012 , 0.135 , 0.073 , 0.013 , 0.299 , 0.119 , 2.199 ,3.712," 7,930 ", 993 , 23.1 ," 378,966 "
03-Jan-2018, -   ,0.496, 0.010 , 0.119 , 0.077 , 0.010 , 0.268 , 0.109 , 2.740 ,3.708," 7,877 ", 888 , 21.4 ," 360,066 "
04-Jan-2018, -   ,0.004, 0.010 , 0.115 , 0.060 , 0.010 , 0.110 , 0.078 , 1.572 ,2.667," 8,685 ", 962 , 21.6 ," 362,772 "
05-Jan-2018, -   ,0.004, 0.011 , 0.128 , 0.060 , 0.012 , 0.215 , 0.110 , 2.016 ,3.12," 8,807 "," 1,067 ", 23.6 ," 385,023 "
06-Jan-2018, 1.00 ,0, 0.011 , 0.124 , 0.066 , 0.012 , 0.053 , 0.047 , 2.276 ,3.168," 9,137 "," 1,085 ", 26.4 ," 404,558 "
07-Jan-2018, 1.00 ,0.483, 0.013 , 0.140 , 0.060 , 0.014 , 0.347 , 0.180 , 1.866 ,2.854," 7,665 "," 1,076 ", 29.4 ," 445,401 "
08-Jan-2018, -   ,8.322, 0.014 , 0.162 , 0.060 , 0.016 , 0.719 , 0.360 , 1.808 ,2.313," 5,398 ", 770 , 26.9 ," 457,781 "
09-Jan-2018, -   ,8.466, 0.013 , 0.159 , 0.064 , 0.015 , 0.507 , 0.297 , 2.542 ,3.366," 4,848 ", 737 , 25.2 ," 425,440 "
10-Jan-2018, -   ,0.705, 0.011 , 0.125 , 0.075 , 0.011 , 0.584 , 0.230 , 1.653 ,2.639," 7,812 ", 943 , 22.3 ," 382,742 "
11-Jan-2018, -   ,1.137, 0.013 , 0.153 , 0.075 , 0.014 , 0.665 , 0.274 , 2.096 ,2.846," 6,500 ", 827 , 23.7 ," 393,359 "
12-Jan-2018, -   ,1.045, 0.015 , 0.166 , 0.092 , 0.016 , 0.747 , 0.348 , 2.318 ,3.073," 6,584 ", 924 , 26.3 ," 436,629 "
13-Jan-2018, 1.00 ,2.098, 0.011 , 0.127 , 0.088 , 0.013 , 0.502 , 0.241 , 2.938 ,4.964," 6,816 ", 819 , 25.1 ," 396,547 "
14-Jan-2018, 1.00 ,0.244, 0.008 , 0.096 , 0.057 , 0.009 , 0.194 , 0.116 , 4.308 ,5.735," 7,470 ", 885 , 18.9 ," 324,557 "
15-Jan-2018, -   ,0.059, 0.009 , 0.097 , 0.069 , 0.010 , 0.224 , 0.087 , 4.357 ,4.835," 8,152 ", 959 , 19.6 ," 361,765 "
16-Jan-2018, -   ,0.004, 0.008 , 0.091 , 0.069 , 0.009 , 0.146 , 0.047 , 3.765 ,4.651," 8,733 "," 1,050 ", 20.1 ," 364,143 "
17-Jan-2018, -   ,0, 0.008 , 0.091 , 0.062 , 0.009 , 0.367 , 0.193 , 2.151 ,3.253," 9,059 "," 1,091 ", 20.7 ," 364,470 "
18-Jan-2018, -   ,0.003, 0.008 , 0.088 , 0.070 , 0.009 , 0.461 , 0.258 , 1.536 ,2.357," 9,232 "," 1,096 ", 22.7 ," 387,247 "
19-Jan-2018, -   ,0, 0.009 , 0.095 , 0.065 , 0.010 , 0.062 , 0.050 , 1.649 ,2.371," 9,188 "," 1,106 ", 25.0 ," 415,263 "
20-Jan-2018, 1.00 ,0, 0.010 , 0.102 , 0.070 , 0.011 , 0.345 , 0.204 , 1.985 ,2.494," 8,747 "," 1,072 ", 25.7 ," 390,108 "
21-Jan-2018, 1.00 ,0.005, 0.011 , 0.119 , 0.084 , 0.012 , 0.301 , 0.198 , 2.233 ,2.897," 8,337 "," 1,042 ", 25.8 ," 395,608 "
22-Jan-2018, -   ,0.122, 0.012 , 0.129 , 0.078 , 0.013 , 0.540 , 0.268 , 1.947 ,2.398," 7,093 ", 991 , 27.3 ," 455,409 "
23-Jan-2018, -   ,0.34, 0.013 , 0.145 , 0.077 , 0.014 , 0.807 , 0.405 , 1.909 ,2.509," 6,061 ", 852 , 27.0 ," 438,474 "
24-Jan-2018, -   ,0.487, 0.014 , 0.158 , 0.084 , 0.015 , 0.755 , 0.389 , 1.897 ,2.473," 6,633 ", 869 , 26.2 ," 449,363 "
25-Jan-2018, -   ,0.934, 0.014 , 0.169 , 0.081 , 0.015 , 0.435 , 0.196 , 1.899 ,2.349," 6,287 ", 779 , 25.5 ," 433,754 "
26-Jan-2018, -   ,1.733, 0.015 , 0.176 , 0.072 , 0.016 , 0.323 , 0.127 , 1.910 ,2.489," 7,440 ", 957 , 25.9 ," 401,323 "
27-Jan-2018, 1.00 ,2.307, 0.015 , 0.178 , 0.079 , 0.016 , 0.533 , 0.176 , 2.487 ,2.978," 7,058 ", 988 , 25.8 ," 413,950 "
28-Jan-2018, 1.00 ,1.088, 0.014 , 0.166 , 0.115 , 0.015 , 0.238 , 0.107 , 2.491 ,3.255," 7,357 ", 845 , 25.1 ," 401,231 "
29-Jan-2018, -   ,0.3, 0.013 , 0.149 , 0.077 , 0.014 , 0.114 , 0.059 , 2.366 ,3.031," 8,517 "," 1,037 ", 25.1 ," 444,435 "
30-Jan-2018, -   ,2.643, 0.012 , 0.132 , 0.074 , 0.014 , 0.519 , 0.252 , 2.876 ,3.846," 7,367 ", 991 , 25.0 ," 447,902 "
31-Jan-2018, -   ,1.398, 0.009 , 0.108 , 0.069 , 0.010 , 0.678 , 0.336 , 3.948 ,4.716," 5,845 ", 735 , 20.5 ," 375,136 "
01-Feb-2018, -   ,1.572, 0.009 , 0.102 , 0.085 , 0.010 , 0.395 , 0.251 , 2.538 ,3.197," 6,053 ", 739 , 18.7 ," 362,446 "
02-Feb-2018, -   ,3.418, 0.010 , 0.116 , 0.108 , 0.011 , 0.323 , 0.205 , 2.555 ,3.19," 6,598 ", 762 , 19.2 ," 362,807 "
03-Feb-2018, 1.00 ,2.641, 0.010 , 0.121 , 0.116 , 0.011 , 0.145 , 0.065 , 2.851 ,3.711," 7,643 ", 921 , 20.0 ," 336,926 "
04-Feb-2018, 1.00 ,0.326, 0.010 , 0.111 , 0.120 , 0.010 , 0.078 , 0.029 , 2.043 ,3.105," 8,263 "," 1,002 ", 21.1 ," 333,811 "
05-Feb-2018, -   ,0.052, 0.009 , 0.104 , 0.117 , 0.010 , 0.113 , 0.046 , 1.758 ,2.866," 8,348 "," 1,051 ", 22.1 ," 381,569 "
06-Feb-2018, -   ,0.036, 0.010 , 0.116 , 0.091 , 0.011 , 0.084 , 0.046 , 2.151 ,2.868," 8,120 "," 1,008 ", 22.9 ," 394,793 "
07-Feb-2018, -   ,0.164, 0.010 , 0.121 , 0.094 , 0.011 , 0.066 , 0.048 , 2.384 ,3.081," 8,192 "," 1,020 ", 23.6 ," 404,240 "
08-Feb-2018, -   ,0.013, 0.010 , 0.119 , 0.121 , 0.011 , 0.519 , 0.222 , 2.126 ,3.002," 7,878 "," 1,019 ", 25.0 ," 424,275 "
09-Feb-2018, -   ,1.441, 0.012 , 0.138 , 0.123 , 0.013 , 0.542 , 0.269 , 1.652 ,3.238," 6,593 ", 823 , 25.6 ," 436,271 "
10-Feb-2018, 1.00 ,1.108, 0.012 , 0.137 , 0.115 , 0.013 , 0.174 , 0.029 , 2.123 ,3.018," 8,079 "," 1,022 ", 25.8 ," 409,072 "
11-Feb-2018, 1.00 ,0.412, 0.012 , 0.133 , 0.130 , 0.012 , 0.146 , 0.042 , 2.219 ,4.178," 7,904 "," 1,023 ", 25.6 ," 375,598 "
12-Feb-2018, -   ,1.2, 0.012 , 0.137 , 0.113 , 0.014 , 0.589 , 0.164 , 2.187 ,3.552," 7,722 "," 1,012 ", 24.0 ," 422,939 "
13-Feb-2018, -   ,0.258, 0.013 , 0.149 , 0.102 , 0.014 , 0.200 , 0.072 , 2.085 ,2.907," 7,653 ", 967 , 24.3 ," 434,655 "
14-Feb-2018, -   ,0.049, 0.009 , 0.101 , 0.117 , 0.011 , 0.117 , 0.029 , 2.305 ,3.503," 8,151 "," 1,031 ", 26.6 ," 467,800 "
15-Feb-2018, -   ,0.089, 0.009 , 0.099 , 0.108 , 0.012 , 0.181 , 0.116 , 2.134 ,3.092," 7,721 "," 1,004 ", 24.4 ," 433,738 "
16-Feb-2018, -   ,0.312, 0.010 , 0.111 , 0.116 , 0.012 , 0.169 , 0.089 , 2.338 ,3.665," 7,343 ", 921 , 23.6 ," 411,972 "
17-Feb-2018, 1.00 ,0.129, 0.012 , 0.136 , 0.103 , 0.013 , 0.059 , 0.024 , 2.327 ,3.659," 7,834 "," 1,002 ", 23.8 ," 383,074 "
18-Feb-2018, 1.00 ,1.17, 0.013 , 0.153 , 0.108 , 0.014 , 0.394 , 0.188 , 2.180 ,3.182," 6,552 ", 995 , 25.5 ," 396,008 "
19-Feb-2018, -   ,15.926, 0.012 , 0.141 , 0.116 , 0.013 , 0.702 , 0.362 , 3.372 ,4.546," 4,219 ", 542 , 23.4 ," 416,661 "
20-Feb-2018, -   ,1.443, 0.009 , 0.107 , 0.132 , 0.010 , 0.487 , 0.186 , 2.792 ,4.421," 6,272 ", 795 , 20.3 ," 375,054 "
21-Feb-2018, -   ,0.081, 0.009 , 0.106 , 0.097 , 0.010 , 0.785 , 0.357 , 1.920 ,2.515," 6,428 ", 898 , 20.9 ," 376,290 "
22-Feb-2018, -   ,0.639, 0.011 , 0.125 , 0.084 , 0.012 , 0.873 , 0.456 , 2.225 ,2.936," 5,359 ", 689 , 22.1 ," 387,551 "
23-Feb-2018, -   ,1.72, 0.013 , 0.151 , 0.102 , 0.014 , 0.673 , 0.303 , 2.701 ,3.424," 5,710 ", 830 , 23.2 ," 407,539 "
24-Feb-2018, 1.00 ,5.3, 0.015 , 0.172 , 0.101 , 0.016 , 0.226 , 0.153 , 2.281 ,3.496," 6,138 ", 905 , 26.1 ," 411,758 "
25-Feb-2018, 1.00 ,46.876, 0.012 , 0.147 , 0.107 , 0.014 , 0.652 , 0.307 , 3.960 ,4.435," 3,928 ", 597 , 22.3 ," 361,250 "
26-Feb-2018, -   ,5.366, 0.010 , 0.125 , 0.135 , 0.011 , 0.293 , 0.157 , 3.186 ,4.235," 5,483 ", 790 , 19.3 ," 370,851 "
27-Feb-2018, -   ,0.187, 0.010 , 0.113 , 0.133 , 0.010 , 0.062 , 0.037 , 2.008 ,2.467," 7,672 ", 980 , 20.1 ," 373,322 "
28-Feb-2018, -   ,0.086, 0.012 , 0.136 , 0.131 , 0.013 , 0.099 , 0.076 , 2.176 ,3.024," 7,426 ", 980 , 22.3 ," 390,055 "
01-Mar-2018, -   ,0.23, 0.011 , 0.126 , 0.126 , 0.011 , 0.130 , 0.062 , 2.510 ,3.314," 7,102 ", 943 , 22.2 ," 392,971 "
02-Mar-2018, -   ,0.222, 0.012 , 0.137 , 0.126 , 0.012 , 0.424 , 0.150 , 1.664 ,2.186," 6,304 ", 829 , 21.1 ," 385,965 "
03-Mar-2018, 1.00 ,0.348, 0.013 , 0.149 , 0.092 , 0.014 , 0.163 , 0.071 , 2.078 ,3.247," 6,936 ", 937 , 23.3 ," 379,063 "
04-Mar-2018, 1.00 ,2.634, 0.013 , 0.152 , 0.083 , 0.013 , 0.300 , 0.157 , 2.373 ,3.541," 5,855 ", 773 , 22.9 ," 360,733 "
05-Mar-2018, -   ,10.76, 0.012 , 0.137 , 0.090 , 0.013 , 0.441 , 0.196 , 3.291 ,4.251," 5,242 ", 739 , 21.0 ," 387,934 "
06-Mar-2018, -   ,4.17, 0.010 , 0.118 , 0.098 , 0.011 , 0.385 , 0.168 , 3.267 ,4.227," 5,729 ", 790 , 19.8 ," 372,103 "
07-Mar-2018, -   ,0.313, 0.009 , 0.110 , 0.113 , 0.010 , 0.366 , 0.166 , 2.560 ,3.268," 5,981 ", 821 , 20.3 ," 370,909 "
08-Mar-2018, -   ,0.539, 0.010 , 0.117 , 0.104 , 0.011 , 0.350 , 0.140 , 2.445 ,2.931," 6,101 ", 812 , 20.3 ," 374,237 "
09-Mar-2018, -   ,0.529, 0.010 , 0.120 , 0.103 , 0.010 , 0.290 , 0.125 , 2.295 ,2.963," 6,057 ", 832 , 20.8 ," 375,107 "
10-Mar-2018, 1.00 ,0.302, 0.010 , 0.112 , 0.108 , 0.010 , 0.083 , 0.035 , 1.834 ,2.699," 6,725 ", 889 , 21.2 ," 344,823 "
11-Mar-2018, 1.00 ,0.074, 0.010 , 0.116 , 0.092 , 0.011 , 0.117 , 0.067 , 1.450 ,2.246," 6,849 ", 931 , 21.7 ," 341,638 "
12-Mar-2018, -   ,4.121, 0.011 , 0.130 , 0.088 , 0.012 , 0.398 , 0.242 , 2.085 ,2.626," 5,794 ", 860 , 21.6 ," 375,827 "
13-Mar-2018, -   ,2.21, 0.011 , 0.136 , 0.083 , 0.012 , 0.315 , 0.150 , 1.916 ,2.522," 5,199 ", 671 , 20.4 ," 381,321 "
14-Mar-2018, -   ,0.193, 0.012 , 0.139 , 0.095 , 0.013 , 0.161 , 0.074 , 2.143 ,2.689," 6,119 ", 842 , 21.7 ," 389,955 "
15-Mar-2018, -   ,0.346, 0.012 , 0.135 , 0.107 , 0.013 , 0.374 , 0.114 , 2.115 ,2.689," 5,964 ", 880 , 23.4 ," 410,133 "
16-Mar-2018, -   ,0.153, 0.012 , 0.136 , 0.107 , 0.013 , 0.243 , 0.084 , 1.661 ,2.526," 6,108 ", 847 , 22.4 ," 393,195 "
17-Mar-2018, 1.00 ,0.008, 0.012 , 0.127 , 0.098 , 0.013 , 0.054 , 0.025 , 1.815 ,2.712," 6,575 ", 890 , 24.4 ," 385,026 "
18-Mar-2018, 1.00 ,0.007, 0.011 , 0.130 , 0.096 , 0.012 , 0.055 , 0.045 , 2.115 ,3.342," 6,509 ", 883 , 25.9 ," 407,756 "
19-Mar-2018, -   ,0.033, 0.010 , 0.114 , 0.113 , 0.012 , 0.328 , 0.148 , 1.755 ,3.171," 6,373 ", 896 , 24.0 ," 423,184 "
20-Mar-2018, -   ,10.327, 0.012 , 0.142 , 0.118 , 0.012 , 0.693 , 0.337 , 4.034 ,4.638," 5,266 ", 842 , 21.7 ," 397,353 "
21-Mar-2018, -   ,12.073, 0.011 , 0.132 , 0.140 , 0.011 , 0.856 , 0.397 , 3.979 ,4.658," 3,421 ", 468 , 19.6 ," 373,013 "
22-Mar-2018, -   ,7.2, 0.011 , 0.125 , 0.132 , 0.011 , 0.891 , 0.429 , 3.111 ,3.922," 3,600 ", 530 , 19.1 ," 368,639 "
23-Mar-2018, -   ,3.377, 0.011 , 0.131 , 0.120 , 0.012 , 0.491 , 0.250 , 2.184 ,2.889," 4,676 ", 640 , 20.1 ," 368,197 "
24-Mar-2018, 1.00 ,1.796, 0.013 , 0.145 , 0.118 , 0.014 , 0.766 , 0.383 , 2.252 ,3.165," 5,415 ", 781 , 21.4 ," 344,414 "
25-Mar-2018, 1.00 ,7.504, 0.012 , 0.139 , 0.117 , 0.014 , 0.640 , 0.227 , 2.336 ,3.669," 5,317 ", 787 , 22.7 ," 345,235 "
26-Mar-2018, -   ,0.769, 0.007 , 0.083 , 0.112 , 0.008 , 0.073 , 0.037 , 2.013 ,3.438," 6,172 ", 851 , 19.3 ," 359,061 "
27-Mar-2018, -   ,0.24, 0.010 , 0.112 , 0.119 , 0.011 , 0.151 , 0.074 , 1.803 ,2.181," 5,861 ", 826 , 17.9 ," 361,633 "
28-Mar-2018, -   ,0.036, 0.012 , 0.131 , 0.127 , 0.013 , 0.024 , 0.011 , 1.702 ,2.325," 6,003 ", 834 , 21.1 ," 377,740 "
29-Mar-2018, -   ,0.155, 0.012 , 0.139 , 0.136 , 0.013 , 0.023 , 0.011 , 1.745 ,2.218," 5,934 ", 824 , 22.3 ," 388,979 "
30-Mar-2018, -   ,0.043, 0.012 , 0.130 , 0.142 , 0.013 , 0.163 , 0.066 , 1.952 ,2.508," 5,696 ", 838 , 22.5 ," 350,571 "
31-Mar-2018, 1.00 ,0.024, 0.012 , 0.140 , 0.149 , 0.013 , 0.154 , 0.113 , 1.864 ,2.228," 5,227 ", 719 , 21.4 ," 339,141 "
01-Apr-2018, 1.00 ,0.051, 0.011 , 0.125 , 0.154 , 0.012 , 0.630 , 0.255 , 1.700 ,2.005," 5,229 ", 793 , 22.7 ," 339,902 "
02-Apr-2018, -   ,0.934, 0.011 , 0.125 , 0.155 , 0.012 , 0.404 , 0.201 , 2.212 ,3.058," 4,292 ", 589 , 23.2 ," 351,877 "
03-Apr-2018, -   ,0.346, 0.011 , 0.130 , 0.153 , 0.012 , 0.175 , 0.089 , 1.926 ,2.434," 5,191 ", 755 , 20.8 ," 373,863 "
04-Apr-2018, -   ,0.263, 0.012 , 0.137 , 0.153 , 0.012 , 0.128 , 0.055 , 1.601 ,2.242," 5,314 ", 756 , 21.1 ," 377,322 "
05-Apr-2018, -   ,0.107, 0.011 , 0.132 , 0.156 , 0.012 , 0.048 , 0.018 , 1.643 ,2.105," 5,528 ", 790 , 22.1 ," 389,764 "
06-Apr-2018, -   ,0.049, 0.012 , 0.135 , 0.164 , 0.012 , 0.126 , 0.031 , 1.480 ,2.293," 5,493 ", 790 , 21.6 ," 381,117 "
07-Apr-2018, 1.00 ,0.035, 0.010 , 0.113 , 0.143 , 0.011 , 0.022 , 0.015 , 1.614 ,2.226," 5,535 ", 791 , 21.9 ," 357,629 "
08-Apr-2018, 1.00 ,0.001, 0.009 , 0.103 , 0.118 , 0.011 , 0.039 , 0.014 , 1.677 ,2.013," 5,542 ", 789 , 22.1 ," 347,219 "
09-Apr-2018, -   ,0.003, 0.010 , 0.105 , 0.136 , 0.011 , 0.091 , 0.037 , 2.133 ,2.968," 5,326 ", 785 , 22.4 ," 383,752 "
10-Apr-2018, -   ,0.031, 0.011 , 0.124 , 0.132 , 0.011 , 0.089 , 0.051 , 2.139 ,2.854," 5,051 ", 734 , 21.1 ," 378,186 "
11-Apr-2018, -   ,0.009, 0.010 , 0.120 , 0.117 , 0.011 , 0.034 , 0.021 , 2.119 ,2.603," 5,238 ", 754 , 22.5 ," 388,730 "
12-Apr-2018, -   ,0.002, 0.009 , 0.110 , 0.116 , 0.010 , 0.133 , 0.084 , 2.283 ,2.797," 5,240 ", 760 , 23.3 ," 401,530 "
13-Apr-2018, -   ,0.932, 0.010 , 0.118 , 0.120 , 0.011 , 0.301 , 0.094 , 2.487 ,3.39," 4,900 ", 713 , 23.3 ," 402,057 "
14-Apr-2018, 1.00 ,0.418, 0.008 , 0.092 , 0.118 , 0.009 , 0.200 , 0.169 , 3.488 ,4.198," 4,868 ", 715 , 22.1 ," 353,765 "
15-Apr-2018, 1.00 ,0.113, 0.008 , 0.094 , 0.125 , 0.009 , 0.348 , 0.238 , 2.854 ,4.319," 4,548 ", 681 , 18.6 ," 317,500 "
16-Apr-2018, -   ,0.736, 0.010 , 0.118 , 0.139 , 0.010 , 0.277 , 0.122 , 2.039 ,2.639," 4,637 ", 712 , 20.2 ," 364,073 "
17-Apr-2018, -   ,0.55, 0.009 , 0.105 , 0.142 , 0.010 , 0.259 , 0.141 , 2.297 ,2.935," 3,831 ", 510 , 18.3 ," 367,150 "
18-Apr-2018, -   ,0.034, 0.009 , 0.106 , 0.143 , 0.010 , 0.386 , 0.212 , 1.843 ,2.227," 4,425 ", 703 , 18.5 ," 366,170 "
19-Apr-2018, -   ,2.233, 0.011 , 0.126 , 0.157 , 0.012 , 0.419 , 0.175 , 1.329 ,1.984," 4,126 ", 652 , 19.7 ," 368,891 "
20-Apr-2018, -   ,0.876, 0.011 , 0.125 , 0.167 , 0.011 , 0.118 , 0.049 , 1.776 ,2.213," 4,562 ", 682 , 19.5 ," 366,603 "
21-Apr-2018, 1.00 ,0.463, 0.010 , 0.118 , 0.165 , 0.010 , 0.156 , 0.078 , 1.890 ,2.38," 4,427 ", 682 , 19.0 ," 335,776 "
22-Apr-2018, 1.00 ,0.437, 0.010 , 0.111 , 0.167 , 0.010 , 0.352 , 0.132 , 1.344 ,1.822," 4,378 ", 669 , 18.7 ," 328,344 "
23-Apr-2018, -   ,0.191, 0.010 , 0.111 , 0.168 , 0.010 , 0.133 , 0.057 , 1.530 ,1.955," 4,512 ", 686 , 18.8 ," 363,453 "
24-Apr-2018, -   ,1.066, 0.009 , 0.110 , 0.167 , 0.011 , 0.194 , 0.113 , 1.601 ,2.076," 4,326 ", 668 , 18.7 ," 365,198 "
25-Apr-2018, -   ,0.924, 0.011 , 0.126 , 0.165 , 0.012 , 0.638 , 0.301 , 1.494 ,2.694," 4,000 ", 639 , 19.0 ," 332,960 "
26-Apr-2018, -   ,1.451, 0.009 , 0.108 , 0.152 , 0.010 , 0.304 , 0.206 , 3.030 ,3.824," 3,783 ", 599 , 18.5 ," 361,148 "
27-Apr-2018, -   ,0.78, 0.009 , 0.101 , 0.148 , 0.009 , 0.362 , 0.145 , 3.138 ,3.804," 4,019 ", 622 , 17.1 ," 359,595 "
28-Apr-2018, 1.00 ,1.099, 0.009 , 0.102 , 0.146 , 0.009 , 0.556 , 0.315 , 2.447 ,3.276," 3,295 ", 524 , 16.5 ," 340,476 "
29-Apr-2018, 1.00 ,5.762, 0.009 , 0.101 , 0.153 , 0.009 , 0.366 , 0.235 , 2.325 ,2.64," 3,179 ", 471 , 16.1 ," 332,821 "
30-Apr-2018, -   ,0.455, 0.008 , 0.098 , 0.148 , 0.009 , 0.116 , 0.079 , 1.954 ,2.668," 3,980 ", 595 , 15.7 ," 366,876 "
01-May-2018, -   ,0.009, 0.008 , 0.085 , 0.120 , 0.009 , 0.655 , 0.289 , 1.451 ,1.797," 3,820 ", 669 , 16.9 ," 370,685 "
02-May-2018, -   ,0, 0.008 , 0.097 , 0.138 , 0.009 , 0.454 , 0.284 , 1.636 ,2.023," 2,505 ", 472 , 17.0 ," 373,118 "
03-May-2018, -   ,0.246, 0.009 , 0.102 , 0.142 , 0.010 , 0.748 , 0.283 , 2.241 ,2.883," 3,788 ", 649 , 18.9 ," 369,685 "
04-May-2018, -   ,0.203, 0.007 , 0.087 , 0.160 , 0.009 , 0.117 , 0.081 , 2.697 ,4.07," 3,738 ", 578 , 18.1 ," 362,693 "
05-May-2018, 1.00 ,0, 0.006 , 0.068 , 0.179 , 0.007 , 0.013 , 0.008 , 1.592 ,1.835," 4,346 ", 670 , 15.0 ," 339,207 "
06-May-2018, 1.00 ,0.014, 0.007 , 0.084 , 0.149 , 0.008 , 0.041 , 0.021 , 1.598 ,2.243," 4,197 ", 644 , 15.4 ," 336,512 "
07-May-2018, -   ,0.211, 0.007 , 0.084 , 0.153 , 0.008 , 0.403 , 0.197 , 2.047 ,2.914," 3,876 ", 640 , 16.3 ," 366,402 "
08-May-2018, -   ,0.871, 0.007 , 0.082 , 0.151 , 0.008 , 0.526 , 0.257 , 1.161 ,1.551," 2,875 ", 451 , 17.1 ," 374,867 "
09-May-2018, -   ,0.015, 0.007 , 0.081 , 0.154 , 0.008 , 0.406 , 0.144 , 1.570 ,2.306," 3,850 ", 627 , 17.3 ," 368,408 "
10-May-2018, -   ,0.345, 0.005 , 0.065 , 0.120 , 0.006 , 0.142 , 0.073 , 2.992 ,4.175," 3,748 ", 587 , 15.5 ," 372,431 "
11-May-2018, -   ,1.335, 0.006 , 0.072 , 0.120 , 0.008 , 0.447 , 0.194 , 3.992 ,4.911," 3,339 ", 594 , 10.9 ," 388,975 "
12-May-2018, 1.00 ,0.961, 0.007 , 0.087 , 0.136 , 0.008 , 0.556 , 0.307 , 4.299 ,5.123," 2,034 ", 316 , 13.6 ," 371,649 "
13-May-2018, 1.00 ,0.662, 0.008 , 0.095 , 0.141 , 0.008 , 0.558 , 0.296 , 3.772 ,4.321," 2,199 ", 364 , 14.0 ," 359,558 "
14-May-2018, -   ,0.102, 0.007 , 0.084 , 0.159 , 0.008 , 0.227 , 0.117 , 2.473 ,3.781," 3,206 ", 486 , 14.6 ," 385,046 "
15-May-2018, -   ,0.016, 0.007 , 0.080 , 0.178 , 0.007 , 0.373 , 0.095 , 2.254 ,3.295," 3,625 ", 577 , 13.8 ," 392,299 "
16-May-2018, -   ,0.059, 0.007 , 0.083 , 0.177 , 0.007 , 0.095 , 0.064 , 2.049 ,3.048," 3,527 ", 561 , 13.3 ," 398,974 "
17-May-2018, -   ,0.023, 0.006 , 0.072 , 0.136 , 0.006 , 0.227 , 0.061 , 1.568 ,2.205," 3,740 ", 593 , 13.1 ," 401,016 "
18-May-2018, -   ,0.01, 0.007 , 0.077 , 0.144 , 0.007 , 0.047 , 0.026 , 1.478 ,2.086," 3,692 ", 588 , 13.3 ," 397,894 "
19-May-2018, 1.00 ,0.008, 0.006 , 0.073 , 0.174 , 0.007 , 0.021 , 0.014 , 1.651 ,2.821," 3,703 ", 580 , 13.4 ," 372,344 "
20-May-2018, 1.00 ,0.009, 0.006 , 0.072 , 0.167 , 0.007 , 0.087 , 0.039 , 2.162 ,3.448," 3,673 ", 591 , 12.7 ," 360,590 "
21-May-2018, -   ,0.002, 0.006 , 0.074 , 0.117 , 0.007 , 0.045 , 0.027 , 2.666 ,3.616," 3,650 ", 581 , 14.0 ," 384,429 "
22-May-2018, -   ,0, 0.008 , 0.089 , 0.109 , 0.008 , 0.089 , 0.043 , 1.831 ,2.794," 3,580 ", 573 , 14.8 ," 387,679 "
23-May-2018, -   ,0.045, 0.007 , 0.086 , 0.107 , 0.008 , 0.155 , 0.039 , 1.456 ,1.844," 3,525 ", 574 , 14.9 ," 388,990 "
24-May-2018, -   ,0.016, 0.008 , 0.095 , 0.102 , 0.008 , 0.243 , 0.108 , 2.137 ,2.382," 3,180 ", 540 , 14.0 ," 395,471 "
25-May-2018, -   ,0.153, 0.007 , 0.084 , 0.106 , 0.007 , 0.194 , 0.096 , 1.546 ,2.236," 3,215 ", 530 , 14.5 ," 391,683 "
26-May-2018, 1.00 ,0.022, 0.007 , 0.079 , 0.107 , 0.008 , 0.173 , 0.042 , 1.552 ,1.85," 3,404 ", 549 , 14.4 ," 366,583 "
27-May-2018, 1.00 ,0.136, 0.008 , 0.086 , 0.116 , 0.008 , 0.837 , 0.360 , 1.551 ,1.769," 3,001 ", 540 , 14.6 ," 360,072 "
28-May-2018, -   ,0.054, 0.007 , 0.088 , 0.127 , 0.008 , 0.479 , 0.281 , 1.655 ,2.049," 2,353 ", 381 , 15.1 ," 393,852 "
29-May-2018, -   ,3.799, 0.008 , 0.089 , 0.141 , 0.008 , 0.375 , 0.092 , 2.048 ,3.21," 3,247 ", 541 , 15.4 ," 394,934 "
30-May-2018, -   ,0.55, 0.006 , 0.072 , 0.153 , 0.007 , 0.186 , 0.120 , 2.896 ,3.689," 2,679 ", 439 , 12.4 ," 405,891 "
31-May-2018, -   ,0.096, 0.006 , 0.069 , 0.162 , 0.007 , 0.185 , 0.095 , 4.140 ,4.489," 3,143 ", 554 , 11.2 ," 417,580 "
01-Jun-2018, -   ,1.341, 0.007 , 0.078 , 0.175 , 0.007 , 0.416 , 0.222 , 3.986 ,4.742," 2,278 ", 413 , 11.4 ," 425,647 "
02-Jun-2018, 1.00 ,2.45, 0.008 , 0.093 , 0.178 , 0.009 , 0.545 , 0.298 , 3.505 ,4.859," 1,579 ", 266 , 11.9 ," 401,539 "
03-Jun-2018, 1.00 ,0.467, 0.008 , 0.096 , 0.190 , 0.008 , 0.554 , 0.334 , 2.443 ,3.26," 2,600 ", 456 , 13.5 ," 372,823 "
04-Jun-2018, -   ,2.062, 0.008 , 0.096 , 0.191 , 0.008 , 0.395 , 0.263 , 2.583 ,2.856," 2,257 ", 414 , 12.9 ," 407,826 "
05-Jun-2018, -   ,8.004, 0.008 , 0.097 , 0.169 , 0.009 , 0.889 , 0.432 , 2.059 ,2.731," 1,572 ", 264 , 12.4 ," 423,414 "
06-Jun-2018, -   ,5.95, 0.009 , 0.103 , 0.164 , 0.009 , 0.476 , 0.178 , 2.105 ,2.353," 2,369 ", 377 , 13.4 ," 421,247 "
07-Jun-2018, -   ,0.04, 0.007 , 0.086 , 0.161 , 0.008 , 0.474 , 0.248 , 2.237 ,2.666," 2,698 ", 513 , 14.2 ," 408,793 "
08-Jun-2018, -   ,5.748, 0.008 , 0.091 , 0.114 , 0.008 , 0.911 , 0.441 , 1.768 ,2.359," 1,143 ", 181 , 13.1 ," 418,464 "
09-Jun-2018, 1.00 ,2.23, 0.008 , 0.096 , 0.103 , 0.008 , 0.354 , 0.255 , 1.988 ,3.282," 1,765 ", 271 , 12.6 ," 392,674 "
10-Jun-2018, 1.00 ,2.538, 0.008 , 0.093 , 0.114 , 0.008 , 0.262 , 0.155 , 2.586 ,3.538," 2,584 ", 431 , 12.5 ," 375,665 "
11-Jun-2018, -   ,0.34, 0.007 , 0.086 , 0.125 , 0.008 , 0.196 , 0.129 , 1.787 ,2.474," 2,786 ", 498 , 12.6 ," 373,998 "
12-Jun-2018, -   ,0.626, 0.007 , 0.079 , 0.126 , 0.007 , 0.423 , 0.233 , 2.156 ,2.824," 2,522 ", 408 , 12.5 ," 426,263 "
13-Jun-2018, -   ,0.088, 0.006 , 0.072 , 0.118 , 0.006 , 0.366 , 0.230 , 2.045 ,2.643," 2,818 ", 471 , 12.2 ," 419,471 "
14-Jun-2018, -   ,0.054, 0.006 , 0.066 , 0.119 , 0.006 , 0.131 , 0.044 , 2.525 ,3.365," 3,186 ", 524 , 11.8 ," 420,723 "
15-Jun-2018, -   ,0.323, 0.006 , 0.066 , 0.127 , 0.006 , 0.072 , 0.042 , 3.050 ,3.881," 3,094 ", 507 , 11.8 ," 416,832 "
16-Jun-2018, 1.00 ,0.422, 0.005 , 0.060 , 0.128 , 0.006 , 0.243 , 0.141 , 2.923 ,4.039," 3,031 ", 527 , 10.9 ," 397,783 "
17-Jun-2018, 1.00 ,3.165, 0.006 , 0.067 , 0.131 , 0.007 , 0.451 , 0.188 , 3.881 ,4.295," 2,718 ", 491 , 9.1 ," 402,713 "
18-Jun-2018, -   ,3.719, 0.007 , 0.084 , 0.156 , 0.007 , 0.558 , 0.315 , 3.942 ,4.337," 1,687 ", 277 , 10.2 ," 448,596 "
19-Jun-2018, -   ,5.977, 0.008 , 0.092 , 0.154 , 0.008 , 0.576 , 0.321 , 3.287 ,4.471," 1,586 ", 274 , 10.6 ," 463,908 "
20-Jun-2018, -   ,0.297, 0.007 , 0.083 , 0.143 , 0.007 , 0.692 , 0.291 , 2.026 ,3.005," 2,581 ", 470 , 12.5 ," 434,454 "
21-Jun-2018, -   ,0.113, 0.007 , 0.076 , 0.151 , 0.007 , 0.388 , 0.272 , 1.179 ,1.503," 2,266 ", 344 , 11.7 ," 442,923 "
22-Jun-2018, -   ,0.034, 0.006 , 0.070 , 0.161 , 0.007 , 0.208 , 0.134 , 1.369 ,1.679," 3,129 ", 521 , 11.5 ," 438,236 "
23-Jun-2018, 1.00 ,0.003, 0.005 , 0.063 , 0.115 , 0.006 , 0.190 , 0.088 , 1.620 ,2.016," 3,227 ", 528 , 11.0 ," 413,886 "
24-Jun-2018, 1.00 ,0.006, 0.006 , 0.068 , 0.128 , 0.006 , 0.037 , 0.023 , 1.967 ,2.153," 3,239 ", 535 , 10.3 ," 411,583 "
25-Jun-2018, -   ,0.011, 0.006 , 0.069 , 0.135 , 0.007 , 0.047 , 0.031 , 1.700 ,1.904," 3,200 ", 535 , 10.3 ," 447,438 "
26-Jun-2018, -   ,0.562, 0.007 , 0.081 , 0.145 , 0.008 , 0.403 , 0.173 , 1.446 ,1.688," 2,909 ", 511 , 11.1 ," 452,460 "
27-Jun-2018, -   ,4.772, 0.009 , 0.100 , 0.158 , 0.009 , 0.829 , 0.405 , 1.826 ,1.984," 1,973 ", 404 , 12.4 ," 448,247 "
28-Jun-2018, -   ,5.146, 0.007 , 0.093 , 0.152 , 0.009 , 0.385 , 0.213 , 1.793 ,2.363," 2,061 ", 350 , 12.2 ," 444,024 "
29-Jun-2018, -   ,0.004, 0.006 , 0.067 , 0.108 , 0.006 , 0.592 , 0.220 , 1.730 ,2.107," 2,908 ", 515 , 10.1 ," 443,664 "
30-Jun-2018, 1.00 ,0.06, 0.006 , 0.066 , 0.115 , 0.006 , 0.149 , 0.087 , 2.065 ,2.461," 3,160 ", 527 , 11.2 ," 405,429 "
01-Jul-2018, 1.00 ,1.245, 0.007 , 0.077 , 0.133 , 0.007 , 0.604 , 0.341 , 1.846 ,2.113," 2,643 ", 488 , 10.5 ," 409,039 "
02-Jul-2018, -   ,1.721, 0.007 , 0.084 , 0.158 , 0.007 , 0.317 , 0.163 , 1.703 ,2.217," 2,486 ", 406 , 11.7 ," 437,984 "
03-Jul-2018, -   ,0.491, 0.007 , 0.084 , 0.180 , 0.008 , 0.295 , 0.144 , 1.572 ,1.835," 2,988 ", 505 , 12.1 ," 434,728 "
04-Jul-2018, -   ,0.269, 0.008 , 0.097 , 0.164 , 0.009 , 0.299 , 0.239 , 1.870 ,2.356," 2,842 ", 475 , 12.8 ," 421,706 "
05-Jul-2018, -   ,0.133, 0.009 , 0.105 , 0.138 , 0.009 , 0.249 , 0.124 , 2.390 ,3.637," 3,190 ", 526 , 14.9 ," 403,551 "
06-Jul-2018, -   ,0.424, 0.006 , 0.081 , 0.119 , 0.009 , 0.069 , 0.044 , 2.934 ,4.04," 3,127 ", 507 , 15.4 ," 389,715 "
07-Jul-2018, 1.00 ,0.224, 0.005 , 0.060 , 0.132 , 0.005 , 0.133 , 0.054 , 3.964 ,4.56," 3,132 ", 514 , 10.5 ," 390,910 "
08-Jul-2018, 1.00 ,0.005, 0.006 , 0.067 , 0.139 , 0.006 , 0.079 , 0.041 , 3.315 ,4.193," 3,220 ", 523 , 10.4 ," 386,207 "
09-Jul-2018, -   ,0.018, 0.006 , 0.067 , 0.133 , 0.006 , 0.095 , 0.048 , 2.146 ,2.956," 3,256 ", 538 , 10.9 ," 425,907 "
10-Jul-2018, -   ,0.022, 0.006 , 0.068 , 0.145 , 0.006 , 0.066 , 0.041 , 1.464 ,1.973," 3,230 ", 521 , 10.4 ," 441,635 "
11-Jul-2018, -   ,0.141, 0.006 , 0.072 , 0.166 , 0.007 , 0.166 , 0.083 , 1.562 ,1.82," 3,167 ", 538 , 10.4 ," 443,720 "
12-Jul-2018, -   ,0.219, 0.005 , 0.062 , 0.153 , 0.006 , 0.209 , 0.126 , 2.061 ,3.151," 3,037 ", 494 , 10.7 ," 442,088 "
13-Jul-2018, -   ,0.001, 0.005 , 0.060 , 0.139 , 0.005 , 0.049 , 0.039 , 2.496 ,3.165," 3,383 ", 535 , 8.9 ," 438,708 "
14-Jul-2018, 1.00 ,0.023, 0.004 , 0.052 , 0.129 , 0.005 , 0.004 , 0.003 , 1.720 ,2.301," 3,568 ", 571 , 8.9 ," 417,177 "
15-Jul-2018, 1.00 ,0.003, 0.004 , 0.044 , 0.115 , 0.004 , 0.009 , 0.006 , 1.753 ,2.274," 3,640 ", 585 , 8.5 ," 416,575 "
16-Jul-2018, -   ,0.001, 0.004 , 0.048 , 0.121 , 0.004 , 0.072 , 0.036 , 2.075 ,2.593," 3,498 ", 570 , 8.5 ," 457,483 "
17-Jul-2018, -   ,0.091, 0.004 , 0.054 , 0.120 , 0.005 , 0.046 , 0.008 , 2.549 ,3.077," 3,597 ", 577 , 11.4 ," 430,465 "
18-Jul-2018, -   ,0, 0.004 , 0.050 , 0.120 , 0.005 , 0.048 , 0.045 , 1.642 ,2.25," 3,636 ", 584 , 12.2 ," 410,273 "
19-Jul-2018, -   ,0.063, 0.005 , 0.055 , 0.124 , 0.005 , 0.422 , 0.226 , 2.423 ,3.537," 3,038 ", 487 , 11.1 ," 425,148 "
20-Jul-2018, -   ,0.117, 0.005 , 0.060 , 0.142 , 0.005 , 0.074 , 0.041 , 3.662 ,5.096," 3,378 ", 550 , 11.2 ," 425,169 "
21-Jul-2018, 1.00 ,0, 0.004 , 0.049 , 0.138 , 0.005 , 0.095 , 0.029 , 1.340 ,2.691," 3,715 ", 595 , 9.6 ," 405,221 "
22-Jul-2018, 1.00 ,0.003, 0.004 , 0.048 , 0.152 , 0.005 , 0.005 , 0.005 , 1.610 ,1.837," 3,715 ", 586 , 9.3 ," 409,446 "
23-Jul-2018, -   ,0.037, 0.004 , 0.048 , 0.152 , 0.005 , 0.128 , 0.009 , 2.107 ,2.301," 3,732 ", 597 , 9.8 ," 438,204 "
24-Jul-2018, -   ,0.056, 0.005 , 0.060 , 0.148 , 0.006 , 0.019 , 0.011 , 1.938 ,2.265," 3,715 ", 590 , 12.7 ," 407,387 "
25-Jul-2018, -   ,0.004, 0.006 , 0.072 , 0.154 , 0.006 , 0.050 , 0.028 , 1.801 ,2.279," 3,661 ", 582 , 13.3 ," 404,031 "
26-Jul-2018, -   ,0.001, 0.006 , 0.067 , 0.138 , 0.006 , 0.149 , 0.107 , 1.472 ,2.007," 3,711 ", 591 , 12.4 ," 414,539 "
27-Jul-2018, -   ,0.005, 0.005 , 0.061 , 0.142 , 0.006 , 0.053 , 0.035 , 1.542 ,1.752," 3,664 ", 591 , 12.3 ," 413,251 "
28-Jul-2018, 1.00 ,0.665, 0.007 , 0.082 , 0.133 , 0.008 , 0.435 , 0.174 , 1.960 ,3.323," 3,194 ", 549 , 13.1 ," 390,932 "
29-Jul-2018, 1.00 ,0.246, 0.006 , 0.076 , 0.138 , 0.008 , 0.069 , 0.033 , 2.912 ,3.427," 3,648 ", 560 , 14.2 ," 356,387 "
30-Jul-2018, -   ,0.003, 0.004 , 0.048 , 0.132 , 0.005 , 0.025 , 0.014 , 2.029 ,3.12," 4,007 ", 629 , 11.0 ," 401,975 "
31-Jul-2018, -   ,0.03, 0.005 , 0.061 , 0.132 , 0.006 , 0.281 , 0.116 , 2.102 ,2.639," 3,882 ", 617 , 11.3 ," 415,993 "
01-Aug-2018, -   ,0.053, 0.006 , 0.066 , 0.148 , 0.006 , 0.064 , 0.048 , 1.612 ,2.482," 3,843 ", 611 , 12.4 ," 404,841 "
02-Aug-2018, -   ,0.01, 0.007 , 0.075 , 0.156 , 0.007 , 0.137 , 0.090 , 1.916 ,2.721," 3,520 ", 514 , 11.7 ," 415,398 "
03-Aug-2018, -   ,1.603, 0.007 , 0.074 , 0.154 , 0.008 , 0.180 , 0.040 , 2.974 ,3.563," 3,953 ", 620 , 13.5 ," 401,293 "
04-Aug-2018, 1.00 ,0.011, 0.005 , 0.061 , 0.084 , 0.006 , 0.182 , 0.145 , 1.848 ,3.543," 3,879 ", 617 , 12.1 ," 371,805 "
05-Aug-2018, 1.00 ,0.658, 0.006 , 0.069 , 0.126 , 0.007 , 0.144 , 0.123 , 2.438 ,2.822," 3,690 ", 639 , 12.2 ," 367,261 "
06-Aug-2018, -   ,1.473, 0.005 , 0.068 , 0.149 , 0.007 , 0.127 , 0.089 , 3.337 ,4.559," 3,320 ", 499 , 12.8 ," 412,752 "
07-Aug-2018, -   ,0.073, 0.005 , 0.057 , 0.155 , 0.005 , 0.163 , 0.126 , 2.827 ,4.574," 3,932 ", 610 , 10.4 ," 414,308 "
08-Aug-2018, -   ,0.222, 0.005 , 0.059 , 0.151 , 0.006 , 0.172 , 0.139 , 2.142 ,2.751," 3,788 ", 546 , 10.6 ," 416,773 "
09-Aug-2018, -   ,0, 0.006 , 0.062 , 0.155 , 0.007 , 0.004 , 0.003 , 1.617 ,1.91," 4,331 ", 657 , 11.7 ," 413,471 "
10-Aug-2018, -   ,0.004, 0.005 , 0.061 , 0.143 , 0.006 , 0.161 , 0.066 , 2.554 ,3.201," 4,380 ", 673 , 12.2 ," 404,480 "
11-Aug-2018, 1.00 ,0.399, 0.006 , 0.065 , 0.143 , 0.006 , 0.315 , 0.163 , 2.850 ,4.014," 3,893 ", 636 , 14.1 ," 361,773 "
12-Aug-2018, 1.00 ,0.012, 0.004 , 0.053 , 0.138 , 0.005 , 0.052 , 0.035 , 3.046 ,4.027," 4,333 ", 668 , 10.3 ," 371,480 "
13-Aug-2018, -   ,0, 0.005 , 0.060 , 0.144 , 0.006 , 0.067 , 0.020 , 2.279 ,3.214," 4,394 ", 661 , 10.6 ," 406,373 "
14-Aug-2018, -   ,0.002, 0.005 , 0.056 , 0.139 , 0.005 , 0.003 , 0.003 , 1.871 ,3.488," 4,591 ", 689 , 12.2 ," 401,989 "
15-Aug-2018, -   ,0.11, 0.005 , 0.060 , 0.143 , 0.005 , 0.039 , 0.020 , 2.517 ,3.755," 4,493 ", 688 , 13.9 ," 387,825 "
16-Aug-2018, -   ,0, 0.005 , 0.060 , 0.123 , 0.005 , 0.018 , 0.011 , 1.970 ,2.7," 4,541 ", 679 , 13.5 ," 383,541 "
17-Aug-2018, -   ,0, 0.005 , 0.053 , 0.118 , 0.005 , 0.012 , 0.010 , 1.843 ,2.92," 4,616 ", 689 , 10.9 ," 402,942 "
18-Aug-2018, 1.00 ,0.367, 0.005 , 0.058 , 0.121 , 0.005 , 0.128 , 0.074 , 3.477 ,4.385," 4,374 ", 685 , 11.2 ," 377,232 "
19-Aug-2018, 1.00 ,0.106, 0.004 , 0.048 , 0.125 , 0.005 , 0.293 , 0.113 , 4.207 ,4.812," 4,256 ", 667 , 9.9 ," 381,112 "
20-Aug-2018, -   ,0.009, 0.004 , 0.051 , 0.132 , 0.005 , 0.294 , 0.104 , 2.541 ,3.793," 4,623 ", 699 , 9.2 ," 420,901 "
21-Aug-2018, -   ,0.14, 0.005 , 0.059 , 0.121 , 0.005 , 0.076 , 0.032 , 2.835 ,3.378," 4,602 ", 686 , 9.8 ," 420,625 "
22-Aug-2018, -   ,0.019, 0.006 , 0.065 , 0.118 , 0.006 , 0.147 , 0.057 , 1.923 ,2.672," 4,546 ", 688 , 10.8 ," 417,081 "
23-Aug-2018, -   ,0.481, 0.006 , 0.071 , 0.112 , 0.007 , 0.271 , 0.174 , 1.409 ,1.699," 3,925 ", 659 , 11.3 ," 418,271 "
24-Aug-2018, -   ,1.07, 0.007 , 0.089 , 0.092 , 0.008 , 0.309 , 0.202 , 1.884 ,2.386," 3,247 ", 471 , 12.1 ," 405,412 "
25-Aug-2018, 1.00 ,2.7, 0.008 , 0.096 , 0.104 , 0.008 , 0.867 , 0.401 , 1.696 ,2.382," 2,730 ", 523 , 13.4 ," 382,545 "
26-Aug-2018, 1.00 ,3.379, 0.008 , 0.091 , 0.111 , 0.008 , 0.642 , 0.354 , 1.810 ,4.118," 2,263 ", 375 , 12.3 ," 382,678 "
27-Aug-2018, -   ,0.257, 0.005 , 0.062 , 0.108 , 0.006 , 0.196 , 0.087 , 3.012 ,4.084," 4,316 ", 618 , 11.2 ," 424,759 "
28-Aug-2018, -   ,0.07, 0.004 , 0.048 , 0.114 , 0.005 , 0.036 , 0.024 , 2.051 ,2.578," 5,063 ", 727 , 9.9 ," 426,627 "
29-Aug-2018, -   ,0.004, 0.004 , 0.043 , 0.133 , 0.005 , 0.009 , 0.006 , 2.097 ,2.532," 5,339 ", 774 , 9.4 ," 426,801 "
30-Aug-2018, -   ,0.005, 0.005 , 0.059 , 0.132 , 0.007 , 0.594 , 0.247 , 1.869 ,3.704," 4,623 ", 754 , 10.7 ," 427,092 "
31-Aug-2018, -   ,3.513, 0.007 , 0.081 , 0.120 , 0.008 , 0.428 , 0.222 , 3.150 ,3.928," 3,257 ", 556 , 12.8 ," 425,209 "
01-Sep-2018, 1.00 ,0.098, 0.006 , 0.072 , 0.120 , 0.006 , 0.556 , 0.209 , 2.411 ,3.514," 4,919 ", 740 , 13.6 ," 365,512 "
02-Sep-2018, 1.00 ,0.225, 0.006 , 0.065 , 0.119 , 0.006 , 0.209 , 0.119 , 2.481 ,2.898," 4,464 ", 618 , 11.7 ," 374,157 "
03-Sep-2018, -   ,5.141, 0.007 , 0.079 , 0.114 , 0.007 , 0.421 , 0.215 , 2.287 ,2.728," 3,795 ", 617 , 11.5 ," 420,139 "
04-Sep-2018, -   ,1.637, 0.007 , 0.079 , 0.140 , 0.007 , 0.365 , 0.194 , 2.054 ,2.729," 3,880 ", 532 , 12.6 ," 409,958 "
05-Sep-2018, -   ,1.128, 0.008 , 0.089 , 0.112 , 0.008 , 0.204 , 0.122 , 1.998 ,2.821," 4,577 ", 637 , 13.4 ," 406,419 "
06-Sep-2018, -   ,4.812, 0.009 , 0.103 , 0.104 , 0.010 , 0.566 , 0.209 , 2.385 ,2.843," 4,468 ", 707 , 14.4 ," 400,659 "
07-Sep-2018, -   ,12.148, 0.009 , 0.107 , 0.102 , 0.010 , 0.611 , 0.308 , 2.342 ,3.046," 3,256 ", 696 , 15.3 ," 381,553 "
08-Sep-2018, 1.00 ,1.35, 0.007 , 0.080 , 0.106 , 0.008 , 0.223 , 0.168 , 2.067 ,3.07," 3,935 ", 614 , 13.3 ," 377,705 "
09-Sep-2018, 1.00 ,0.004, 0.006 , 0.069 , 0.101 , 0.007 , 0.012 , 0.007 , 2.046 ,2.888," 5,627 ", 805 , 13.2 ," 342,026 "
10-Sep-2018, -   ,0.01, 0.007 , 0.087 , 0.098 , 0.008 , 0.012 , 0.007 , 1.655 ,2.45," 5,361 ", 779 , 14.6 ," 372,929 "
11-Sep-2018, -   ,0, 0.008 , 0.084 , 0.104 , 0.008 , 0.039 , 0.027 , 2.496 ,2.84," 5,349 ", 764 , 15.6 ," 372,115 "
12-Sep-2018, -   ,0, 0.008 , 0.087 , 0.110 , 0.008 , 0.227 , 0.061 , 1.866 ,2.477," 5,596 ", 781 , 17.5 ," 359,801 "
13-Sep-2018, -   ,0, 0.008 , 0.092 , 0.085 , 0.009 , 0.050 , 0.017 , 1.381 ,2.529," 5,753 ", 811 , 16.1 ," 361,591 "
14-Sep-2018, -   ,0.002, 0.007 , 0.078 , 0.075 , 0.008 , 0.025 , 0.007 , 2.003 ,2.735," 5,953 ", 829 , 17.1 ," 360,521 "
15-Sep-2018, 1.00 ,0.032, 0.005 , 0.065 , 0.087 , 0.006 , 0.074 , 0.024 , 3.555 ,4.352," 5,959 ", 825 , 17.9 ," 338,225 "
16-Sep-2018, 1.00 ,0.016, 0.005 , 0.053 , 0.096 , 0.005 , 0.013 , 0.006 , 2.369 ,3.364," 6,219 ", 864 , 11.6 ," 334,562 "
17-Sep-2018, -   ,0, 0.006 , 0.063 , 0.093 , 0.006 , 0.179 , 0.006 , 2.144 ,2.886," 6,196 ", 852 , 12.4 ," 376,174 "
18-Sep-2018, -   ,0, 0.006 , 0.069 , 0.095 , 0.007 , 0.134 , 0.093 , 2.251 ,2.521," 5,984 ", 864 , 15.2 ," 364,584 "
19-Sep-2018, -   ,0.127, 0.006 , 0.070 , 0.083 , 0.006 , 0.220 , 0.116 , 2.672 ,3.377," 5,359 ", 758 , 16.6 ," 358,614 "
20-Sep-2018, -   ,0.825, 0.005 , 0.060 , 0.065 , 0.005 , 0.067 , 0.054 , 1.878 ,2.844," 5,532 ", 701 , 12.5 ," 374,511 "
21-Sep-2018, -   ,0.001, 0.006 , 0.064 , 0.073 , 0.007 , 0.114 , 0.095 , 1.668 ,2.417," 6,271 ", 877 , 13.5 ," 372,554 "
22-Sep-2018, 1.00 ,0.045, 0.007 , 0.077 , 0.084 , 0.008 , 0.495 , 0.216 , 1.760 ,2.517," 5,526 ", 828 , 15.6 ," 345,303 "
23-Sep-2018, 1.00 ,0.546, 0.007 , 0.083 , 0.096 , 0.008 , 0.472 , 0.163 , 3.107 ,3.476," 5,919 ", 848 , 15.7 ," 333,292 "
24-Sep-2018, -   ,0.47, 0.006 , 0.072 , 0.093 , 0.006 , 0.438 , 0.303 , 2.215 ,3.27," 4,349 ", 630 , 13.2 ," 382,833 "
25-Sep-2018, -   ,0.663, 0.007 , 0.077 , 0.084 , 0.007 , 0.427 , 0.182 , 1.570 ,2.147," 5,306 ", 779 , 13.2 ," 385,316 "
26-Sep-2018, -   ,5.301, 0.007 , 0.084 , 0.084 , 0.007 , 0.441 , 0.270 , 1.362 ,2.207," 3,718 ", 617 , 12.8 ," 396,886 "
27-Sep-2018, -   ,0.014, 0.007 , 0.073 , 0.072 , 0.007 , 0.035 , 0.030 , 2.130 ,2.678," 6,537 ", 875 , 14.6 ," 376,535 "
28-Sep-2018, -   ,0.211, 0.007 , 0.077 , 0.083 , 0.008 , 0.493 , 0.166 , 2.222 ,3.137," 6,135 ", 887 , 17.8 ," 360,283 "
29-Sep-2018, 1.00 ,0.062, 0.006 , 0.064 , 0.079 , 0.006 , 0.078 , 0.039 , 2.853 ,4.068," 6,594 ", 892 , 15.2 ," 330,942 "
30-Sep-2018, 1.00 ,0.05, 0.006 , 0.073 , 0.079 , 0.007 , 0.270 , 0.147 , 1.549 ,2.276," 6,407 ", 855 , 13.7 ," 327,962 "
01-Oct-2018, -   ,0, 0.007 , 0.076 , 0.072 , 0.007 , 0.204 , 0.153 , 1.904 ,2.687," 6,631 ", 908 , 15.6 ," 323,013 "
02-Oct-2018, -   ,0.009, 0.007 , 0.083 , 0.092 , 0.008 , 0.790 , 0.396 , 2.097 ,2.704," 5,688 ", 819 , 17.3 ," 357,184 "
03-Oct-2018, -   ,1.867, 0.009 , 0.103 , 0.091 , 0.010 , 0.895 , 0.468 , 1.504 ,2.324," 2,908 ", 516 , 17.6 ," 365,990 "
04-Oct-2018, -   ,21.634, 0.010 , 0.115 , 0.095 , 0.010 , 0.893 , 0.453 , 2.937 ,4.189," 2,288 ", 320 , 15.6 ," 375,871 "
05-Oct-2018, -   ,5.943, 0.008 , 0.099 , 0.086 , 0.009 , 0.688 , 0.332 , 3.419 ,4.354," 3,458 ", 545 , 14.6 ," 383,535 "
06-Oct-2018, 1.00 ,1.164, 0.008 , 0.097 , 0.089 , 0.009 , 0.357 , 0.212 , 3.027 ,3.628," 4,969 ", 684 , 14.9 ," 348,699 "
07-Oct-2018, 1.00 ,4.477, 0.009 , 0.111 , 0.091 , 0.010 , 0.439 , 0.217 , 2.997 ,4.047," 4,815 ", 673 , 15.1 ," 339,290 "
08-Oct-2018, -   ,1.438, 0.009 , 0.108 , 0.095 , 0.010 , 0.366 , 0.245 , 1.956 ,3.077," 5,453 ", 736 , 17.1 ," 359,843 "
09-Oct-2018, -   ,2.54, 0.009 , 0.107 , 0.090 , 0.010 , 0.623 , 0.349 , 1.896 ,3.982," 4,671 ", 768 , 18.2 ," 362,304 "
10-Oct-2018, -   ,17.926, 0.008 , 0.094 , 0.085 , 0.009 , 0.828 , 0.408 , 3.618 ,4.342," 3,126 ", 430 , 15.4 ," 374,280 "
11-Oct-2018, -   ,4.295, 0.008 , 0.089 , 0.064 , 0.008 , 0.718 , 0.383 , 2.716 ,3.299," 4,073 ", 569 , 13.7 ," 377,391 "
12-Oct-2018, -   ,2.709, 0.008 , 0.099 , 0.071 , 0.009 , 0.822 , 0.381 , 2.450 ,3.14," 3,605 ", 486 , 14.1 ," 376,111 "
13-Oct-2018, 1.00 ,8.722, 0.009 , 0.107 , 0.083 , 0.010 , 0.748 , 0.335 , 2.876 ,3.654," 4,661 ", 675 , 15.5 ," 345,328 "
14-Oct-2018, 1.00 ,4.151, 0.010 , 0.115 , 0.098 , 0.011 , 0.380 , 0.167 , 2.809 ,3.701," 5,840 ", 768 , 16.8 ," 328,579 "
15-Oct-2018, -   ,3.632, 0.010 , 0.124 , 0.096 , 0.011 , 0.435 , 0.249 , 3.123 ,4.088," 5,445 ", 774 , 17.7 ," 361,918 "
16-Oct-2018, -   ,2.067, 0.011 , 0.129 , 0.096 , 0.012 , 0.805 , 0.358 , 2.691 ,3.493," 5,896 ", 820 , 18.7 ," 361,513 "
17-Oct-2018, -   ,13.547, 0.012 , 0.143 , 0.096 , 0.013 , 0.642 , 0.354 , 2.185 ,2.648," 4,489 ", 723 , 18.5 ," 368,464 "
18-Oct-2018, -   ,3.02, 0.011 , 0.135 , 0.105 , 0.012 , 0.264 , 0.144 , 1.707 ,2.503," 6,282 ", 823 , 19.2 ," 366,490 "
19-Oct-2018, -   ,0.079, 0.011 , 0.122 , 0.084 , 0.012 , 0.408 , 0.146 , 1.702 ,2.223," 7,352 ", 974 , 20.3 ," 359,173 "
20-Oct-2018, 1.00 ,9.474, 0.012 , 0.133 , 0.096 , 0.013 , 0.839 , 0.411 , 2.114 ,3.348," 4,194 ", 773 , 20.3 ," 340,438 "
21-Oct-2018, 1.00 ,0.657, 0.009 , 0.101 , 0.096 , 0.009 , 0.267 , 0.170 , 1.729 ,2.769," 6,500 ", 786 , 16.9 ," 325,043 "
22-Oct-2018, -   ,0.027, 0.010 , 0.113 , 0.095 , 0.010 , 0.177 , 0.117 , 1.614 ,2.574," 7,431 ", 944 , 18.2 ," 352,343 "
23-Oct-2018, -   ,0.021, 0.010 , 0.109 , 0.084 , 0.011 , 0.680 , 0.319 , 2.368 ,3.636," 6,852 ", 924 , 20.3 ," 364,246 "
24-Oct-2018, -   ,0.316, 0.008 , 0.096 , 0.083 , 0.008 , 0.641 , 0.261 , 2.379 ,3.514," 6,779 ", 884 , 17.8 ," 357,186 "
25-Oct-2018, -   ,0.141, 0.009 , 0.100 , 0.072 , 0.009 , 0.287 , 0.094 , 1.886 ,2.895," 7,563 ", 957 , 18.1 ," 356,071 "
26-Oct-2018, -   ,0.07, 0.009 , 0.101 , 0.072 , 0.009 , 0.296 , 0.084 , 1.996 ,3.035," 7,338 ", 861 , 18.1 ," 354,359 "
27-Oct-2018, 1.00 ,0.291, 0.009 , 0.096 , 0.067 , 0.010 , 0.543 , 0.205 , 2.522 ,3.63," 7,172 "," 1,004 ", 19.1 ," 329,004 "
28-Oct-2018, 1.00 ,0.113, 0.008 , 0.087 , 0.065 , 0.008 , 0.794 , 0.348 , 1.840 ,3.152," 5,831 ", 731 , 16.8 ," 326,663 "
29-Oct-2018, -   ,0.102, 0.008 , 0.097 , 0.066 , 0.009 , 0.195 , 0.081 , 1.863 ,2.503," 7,039 ", 836 , 17.1 ," 355,894 "
30-Oct-2018, -   ,0.003, 0.009 , 0.098 , 0.076 , 0.010 , 0.201 , 0.108 , 1.885 ,2.355," 8,075 "," 1,026 ", 19.8 ," 361,373 "
31-Oct-2018, -   ,0.025, 0.010 , 0.117 , 0.088 , 0.011 , 0.384 , 0.240 , 1.581 ,2.672," 7,923 "," 1,013 ", 21.3 ," 368,474 "
01-Nov-2018, -   ,0.008, 0.011 , 0.121 , 0.085 , 0.012 , 0.781 , 0.356 , 2.063 ,3.213," 7,279 ", 995 , 23.4 ," 388,320 "
02-Nov-2018, -   ,3.696, 0.012 , 0.124 , 0.084 , 0.014 , 0.501 , 0.142 , 2.529 ,3.443," 7,243 ", 924 , 25.8 ," 419,751 "
03-Nov-2018, 1.00 ,0.109, 0.010 , 0.112 , 0.083 , 0.010 , 0.535 , 0.218 , 2.108 ,2.918," 8,084 "," 1,020 ", 23.7 ," 371,023 "
04-Nov-2018, 1.00 ,0.016, 0.010 , 0.110 , 0.072 , 0.011 , 0.813 , 0.463 , 1.837 ,2.996," 7,801 ", 991 , 21.7 ," 340,466 "
05-Nov-2018, -   ,1.183, 0.011 , 0.127 , 0.067 , 0.012 , 0.881 , 0.415 , 1.478 ,1.996," 5,358 ", 835 , 22.8 ," 383,533 "
06-Nov-2018, -   ,1.765, 0.012 , 0.145 , 0.072 , 0.013 , 0.663 , 0.364 , 1.619 ,2.66," 4,684 ", 770 , 24.7 ," 409,234 "
07-Nov-2018, -   ,13.838, 0.010 , 0.125 , 0.073 , 0.013 , 0.799 , 0.354 , 2.949 ,3.785," 3,697 ", 692 , 20.6 ," 388,049 "
08-Nov-2018, -   ,0.041, 0.006 , 0.069 , 0.084 , 0.007 , 0.256 , 0.199 , 2.108 ,3.682," 8,173 ", 997 , 15.1 ," 351,229 "
09-Nov-2018, -   ,0.17, 0.007 , 0.078 , 0.105 , 0.008 , 0.545 , 0.295 , 1.963 ,3.501," 7,842 ", 939 , 16.6 ," 346,034 "
10-Nov-2018, 1.00 ,0.129, 0.007 , 0.082 , 0.085 , 0.008 , 0.151 , 0.120 , 1.424 ,2.579," 8,196 "," 1,007 ", 18.0 ," 324,640 "
11-Nov-2018, 1.00 ,0, 0.008 , 0.092 , 0.070 , 0.009 , 0.092 , 0.075 , 1.641 ,2.731," 8,464 "," 1,040 ", 18.8 ," 317,540 "
12-Nov-2018, -   ,0.005, 0.009 , 0.102 , 0.066 , 0.010 , 0.488 , 0.190 , 2.088 ,2.823," 8,213 "," 1,053 ", 19.9 ," 358,086 "
13-Nov-2018, -   ,0.88, 0.010 , 0.115 , 0.083 , 0.012 , 0.865 , 0.411 , 2.420 ,3.465," 6,126 ", 890 , 20.6 ," 371,942 "
14-Nov-2018, -   ,0.972, 0.011 , 0.132 , 0.084 , 0.012 , 0.401 , 0.283 , 1.571 ,2.751," 4,684 ", 815 , 20.1 ," 371,102 "
15-Nov-2018, -   ,3.841, 0.010 , 0.116 , 0.090 , 0.011 , 0.484 , 0.215 , 2.887 ,3.802," 6,758 ", 917 , 19.9 ," 364,661 "
16-Nov-2018, -   ,0.304, 0.009 , 0.111 , 0.105 , 0.010 , 0.225 , 0.165 , 1.713 ,2.437," 6,831 ", 821 , 18.6 ," 355,843 "
17-Nov-2018, 1.00 ,2.818, 0.009 , 0.105 , 0.108 , 0.010 , 0.249 , 0.095 , 2.804 ,3.527," 7,583 ", 899 , 18.4 ," 329,232 "
18-Nov-2018, 1.00 ,0.139, 0.008 , 0.096 , 0.074 , 0.008 , 0.153 , 0.065 , 2.230 ,2.968," 8,240 "," 1,024 ", 18.5 ," 317,407 "
19-Nov-2018, -   ,0.031, 0.009 , 0.104 , 0.060 , 0.010 , 0.224 , 0.086 , 2.025 ,2.777," 8,042 ", 955 , 19.0 ," 349,936 "
20-Nov-2018, -   ,2.609, 0.012 , 0.135 , 0.072 , 0.013 , 0.764 , 0.317 , 2.639 ,3.408," 6,847 "," 1,009 ", 21.0 ," 362,263 "
21-Nov-2018, -   ,4.738, 0.011 , 0.126 , 0.072 , 0.012 , 0.508 , 0.283 , 2.266 ,4.281," 4,933 ", 843 , 21.2 ," 371,468 "
22-Nov-2018, -   ,1.248, 0.006 , 0.069 , 0.072 , 0.007 , 0.148 , 0.071 , 4.336 ,5.203," 8,397 "," 1,026 ", 18.4 ," 349,876 "
23-Nov-2018, -   ,0.191, 0.006 , 0.076 , 0.078 , 0.007 , 0.125 , 0.025 , 4.237 ,5.238," 8,900 "," 1,073 ", 16.0 ," 337,354 "
24-Nov-2018, 1.00 ,0.077, 0.007 , 0.081 , 0.064 , 0.007 , 0.299 , 0.129 , 1.960 ,2.783," 8,493 "," 1,068 ", 17.4 ," 315,792 "
25-Nov-2018, 1.00 ,0.143, 0.008 , 0.089 , 0.060 , 0.009 , 0.121 , 0.069 , 2.744 ,3.395," 8,552 "," 1,043 ", 18.5 ," 317,717 "
26-Nov-2018, -   ,0.024, 0.009 , 0.101 , 0.060 , 0.010 , 0.436 , 0.134 , 1.842 ,3.31," 8,322 "," 1,060 ", 18.5 ," 353,624 "
27-Nov-2018, -   ,24.992, 0.011 , 0.129 , 0.050 , 0.013 , 0.617 , 0.342 , 2.543 ,4.527," 5,390 ", 901 , 19.6 ," 367,892 "
28-Nov-2018, -   ,42.212, 0.010 , 0.128 , 0.048 , 0.012 , 0.582 , 0.295 , 4.621 ,5.868," 4,222 ", 736 , 18.2 ," 371,967 "
29-Nov-2018, -   ,1.077, 0.010 , 0.119 , 0.048 , 0.010 , 0.156 , 0.057 , 2.653 ,4.03," 8,169 ", 958 , 17.9 ," 358,647 "
30-Nov-2018, -   ,0.234, 0.010 , 0.112 , 0.053 , 0.010 , 0.070 , 0.049 , 1.423 ,2.229," 8,468 "," 1,009 ", 19.3 ," 355,086 "
01-Dec-2018, 1.00 ,0.063, 0.010 , 0.109 , 0.049 , 0.011 , 0.173 , 0.057 , 2.062 ,2.81," 9,094 "," 1,098 ", 21.2 ," 341,353 "
02-Dec-2018, 1.00 ,0.11, 0.009 , 0.104 , 0.060 , 0.010 , 0.078 , 0.033 , 2.638 ,3.744," 8,903 "," 1,042 ", 22.0 ," 343,900 "
03-Dec-2018, -   ,0.042, 0.008 , 0.095 , 0.059 , 0.009 , 0.236 , 0.102 , 1.838 ,2.24," 9,135 "," 1,104 ", 20.0 ," 365,264 "
04-Dec-2018, -   ,1.358, 0.010 , 0.118 , 0.048 , 0.010 , 0.476 , 0.192 , 2.256 ,2.815," 7,530 ", 950 , 20.1 ," 369,725 "
05-Dec-2018, -   ,0.372, 0.010 , 0.113 , 0.058 , 0.010 , 0.434 , 0.238 , 2.134 ,2.505," 7,405 ", 879 , 19.9 ," 363,166 "
06-Dec-2018, -   ,0.099, 0.010 , 0.115 , 0.056 , 0.010 , 0.113 , 0.082 , 2.680 ,3.323," 8,869 "," 1,031 ", 20.9 ," 373,068 "
07-Dec-2018, -   ,0.018, 0.010 , 0.111 , 0.061 , 0.010 , 0.130 , 0.059 , 2.800 ,3.465," 9,076 "," 1,083 ", 21.5 ," 375,996 "
08-Dec-2018, 1.00 ,0.032, 0.010 , 0.119 , 0.072 , 0.011 , 0.258 , 0.138 , 2.142 ,2.891," 8,811 "," 1,055 ", 22.7 ," 363,598 "
09-Dec-2018, 1.00 ,0.752, 0.012 , 0.138 , 0.072 , 0.013 , 0.623 , 0.335 , 1.647 ,2.245," 7,492 ", 876 , 23.3 ," 364,158 "
10-Dec-2018, -   ,1.098, 0.012 , 0.139 , 0.070 , 0.013 , 0.821 , 0.397 , 1.920 ,2.647," 5,631 ", 817 , 22.8 ," 395,245 "
11-Dec-2018, -   ,1.44, 0.011 , 0.134 , 0.094 , 0.012 , 0.734 , 0.395 , 1.642 ,1.955," 5,697 ", 734 , 20.9 ," 380,038 "
12-Dec-2018, -   ,4.987, 0.012 , 0.146 , 0.067 , 0.014 , 0.686 , 0.322 , 2.433 ,2.764," 5,713 ", 813 , 21.1 ," 380,617 "
13-Dec-2018, -   ,22.912, 0.014 , 0.164 , 0.055 , 0.015 , 0.559 , 0.348 , 2.317 ,3.28," 5,650 ", 875 , 22.4 ," 394,279 "
14-Dec-2018, -   ,21.327, 0.015 , 0.172 , 0.060 , 0.015 , 0.549 , 0.300 , 1.939 ,2.47," 6,466 ", 852 , 21.8 ," 382,838 "
15-Dec-2018, 1.00 ,10.284, 0.014 , 0.166 , 0.071 , 0.015 , 0.368 , 0.181 , 2.462 ,2.95," 6,833 ", 888 , 22.5 ," 367,497 "
16-Dec-2018, 1.00 ,4.122, 0.013 , 0.157 , 0.081 , 0.014 , 0.233 , 0.076 , 2.136 ,3.341," 8,167 ", 999 , 23.0 ," 367,579 "
17-Dec-2018, -   ,1.791, 0.013 , 0.155 , 0.085 , 0.014 , 0.115 , 0.062 , 1.615 ,2.07," 8,555 "," 1,052 ", 23.1 ," 412,253 "
18-Dec-2018, -   ,3.692, 0.014 , 0.163 , 0.066 , 0.014 , 0.396 , 0.178 , 2.076 ,2.869," 7,607 ", 980 , 22.9 ," 402,862 "
19-Dec-2018, -   ,11.026, 0.014 , 0.175 , 0.070 , 0.016 , 0.284 , 0.122 , 1.644 ,2.258," 7,699 ", 894 , 23.1 ," 398,895 "
20-Dec-2018, -   ,6.726, 0.014 , 0.170 , 0.066 , 0.016 , 0.262 , 0.117 , 2.559 ,3.149," 7,770 ", 993 , 25.3 ," 417,779 "
21-Dec-2018, -   ,4.444, 0.011 , 0.135 , 0.060 , 0.012 , 0.266 , 0.149 , 2.517 ,4.226," 7,316 ", 925 , 21.5 ," 371,284 "
22-Dec-2018, 1.00 ,1.109, 0.009 , 0.109 , 0.060 , 0.010 , 0.163 , 0.066 , 3.347 ,4.105," 8,224 ", 959 , 19.0 ," 328,405 "
23-Dec-2018, 1.00 ,0.035, 0.009 , 0.101 , 0.067 , 0.009 , 0.040 , 0.023 , 1.860 ,2.796," 9,106 "," 1,060 ", 19.0 ," 316,094 "
24-Dec-2018, -   ,0.006, 0.010 , 0.112 , 0.075 , 0.010 , 0.009 , 0.003 , 1.894 ,2.523," 9,392 "," 1,104 ", 20.8 ," 335,315 "
25-Dec-2018, -   ,0.012, 0.011 , 0.126 , 0.070 , 0.012 , 0.040 , 0.014 , 1.527 ,1.938," 9,315 "," 1,099 ", 23.2 ," 329,141 "
26-Dec-2018, -   ,0.025, 0.011 , 0.125 , 0.070 , 0.012 , 0.056 , 0.047 , 1.871 ,2.384," 9,260 "," 1,090 ", 24.5 ," 357,880 "
27-Dec-2018, -   ,0.084, 0.011 , 0.125 , 0.049 , 0.012 , 0.446 , 0.239 , 2.118 ,2.518," 9,008 "," 1,087 ", 25.8 ," 405,457 "
28-Dec-2018, -   ,0.026, 0.011 , 0.132 , 0.065 , 0.012 , 0.439 , 0.283 , 2.240 ,2.644," 8,846 "," 1,058 ", 26.6 ," 421,028 "
29-Dec-2018, 1.00 ,0.229, 0.012 , 0.132 , 0.060 , 0.013 , 0.563 , 0.226 , 1.714 ,2.403," 8,860 "," 1,087 ", 26.6 ," 407,377 "
30-Dec-2018, 1.00 ,0.777, 0.012 , 0.133 , 0.060 , 0.013 , 0.586 , 0.251 , 1.480 ,2.391," 8,314 "," 1,031 ", 26.3 ," 402,264 "
31-Dec-2018, -   ,4.015, 0.013 , 0.144 , 0.060 , 0.015 , 0.580 , 0.201 , 1.620 ,2.409," 7,954 "," 1,032 ", 26.4 ," 405,023 "
01-Jan-2019, -   ,0.101, 0.012 , 0.141 , 0.060 , 0.013 , 0.108 , 0.063 , 1.522 ,2.06," 8,730 "," 1,035 ", 26.6 ," 397,577 "
02-Jan-2019, -   ,2.428, 0.013 , 0.152 , 0.060 , 0.014 , 0.400 , 0.261 , 1.668 ,2.275," 7,726 "," 1,059 ", 26.2 ," 419,793 "
03-Jan-2019, -   ,0.448, 0.013 , 0.154 , 0.051 , 0.014 , 0.316 , 0.206 , 1.732 ,2.201," 7,077 ", 895 , 24.8 ," 413,402 "
04-Jan-2019, -   ,0.065, 0.012 , 0.135 , 0.048 , 0.013 , 0.032 , 0.011 , 2.097 ,2.651," 9,034 "," 1,078 ", 26.9 ," 441,858 "
05-Jan-2019, 1.00 ,7.717, 0.012 , 0.142 , 0.060 , 0.013 , 0.484 , 0.213 , 2.963 ,3.777," 6,697 ", 967 , 26.4 ," 412,077 "
06-Jan-2019, 1.00 ,1.268, 0.011 , 0.136 , 0.072 , 0.012 , 0.706 , 0.315 , 2.372 ,3.151," 5,749 ", 747 , 21.3 ," 333,010 "
07-Jan-2019, -   ,2.365, 0.013 , 0.155 , 0.080 , 0.014 , 0.706 , 0.375 , 1.858 ,2.237," 5,018 ", 697 , 21.8 ," 372,457 "
08-Jan-2019, -   ,4.706, 0.013 , 0.156 , 0.089 , 0.014 , 0.278 , 0.139 , 1.599 ,2.233," 7,452 ", 881 , 24.3 ," 411,339 "
09-Jan-2019, -   ,1.737, 0.013 , 0.149 , 0.096 , 0.013 , 0.335 , 0.142 , 2.258 ,3.391," 7,631 "," 1,044 ", 24.3 ," 409,963 "
10-Jan-2019, -   ,6.579, 0.014 , 0.161 , 0.096 , 0.014 , 0.562 , 0.256 , 1.876 ,2.645," 6,022 ", 760 , 22.7 ," 387,673 "
11-Jan-2019, -   ,9.164, 0.014 , 0.169 , 0.069 , 0.015 , 0.343 , 0.128 , 1.917 ,2.84," 6,946 ", 876 , 23.8 ," 398,543 "
12-Jan-2019, 1.00 ,0.48, 0.013 , 0.152 , 0.059 , 0.014 , 0.084 , 0.059 , 1.832 ,2.985," 8,638 "," 1,068 ", 26.3 ," 405,159 "
13-Jan-2019, 1.00 ,0.582, 0.014 , 0.158 , 0.057 , 0.014 , 0.603 , 0.289 , 1.945 ,2.805," 7,825 ", 948 , 24.6 ," 368,840 "
14-Jan-2019, -   ,0.004, 0.013 , 0.155 , 0.058 , 0.014 , 0.148 , 0.047 , 2.166 ,3.15," 8,701 "," 1,047 ", 25.8 ," 438,517 "
15-Jan-2019, -   ,0.07, 0.013 , 0.151 , 0.073 , 0.014 , 0.254 , 0.053 , 2.088 ,3.033," 8,643 "," 1,052 ", 28.0 ," 479,784 "
16-Jan-2019, -   ,0.237, 0.014 , 0.160 , 0.081 , 0.015 , 0.081 , 0.030 , 1.628 ,1.932," 8,769 "," 1,054 ", 28.5 ," 495,057 "
17-Jan-2019, -   ,0.399, 0.013 , 0.153 , 0.072 , 0.015 , 0.133 , 0.063 , 2.110 ,2.766," 8,818 "," 1,063 ", 28.4 ," 499,342 "
18-Jan-2019, -   ,0.397, 0.013 , 0.152 , 0.073 , 0.015 , 0.295 , 0.185 , 2.036 ,2.797," 8,179 "," 1,051 ", 28.7 ," 503,886 "
19-Jan-2019, 1.00 ,1.45, 0.012 , 0.153 , 0.084 , 0.014 , 0.603 , 0.301 , 2.384 ,3.908," 5,533 ", 710 , 25.9 ," 408,833 "
20-Jan-2019, 1.00 ,8.946, 0.014 , 0.166 , 0.084 , 0.015 , 0.747 , 0.324 , 1.654 ,2.362," 6,510 ", 906 , 24.4 ," 374,243 "
21-Jan-2019, -   ,4.372, 0.015 , 0.178 , 0.091 , 0.015 , 0.641 , 0.334 , 1.463 ,1.735," 4,938 ", 779 , 24.3 ," 426,895 "
22-Jan-2019, -   ,1.22, 0.014 , 0.165 , 0.108 , 0.015 , 0.218 , 0.131 , 1.587 ,2.279," 7,961 "," 1,015 ", 26.9 ," 468,416 "
23-Jan-2019, -   ,3.163, 0.014 , 0.162 , 0.112 , 0.014 , 0.386 , 0.196 , 2.790 ,3.574," 6,665 ", 817 , 26.0 ," 447,839 "
24-Jan-2019, -   ,0.578, 0.015 , 0.172 , 0.083 , 0.015 , 0.336 , 0.148 , 1.599 ,2.184," 7,465 ", 846 , 24.9 ," 432,182 "
25-Jan-2019, -   ,0.005, 0.014 , 0.158 , 0.072 , 0.015 , 0.021 , 0.009 , 1.880 ,2.657," 8,486 "," 1,039 ", 28.0 ," 490,637 "
26-Jan-2019, 1.00 ,0.71, 0.015 , 0.170 , 0.089 , 0.016 , 0.090 , 0.031 , 1.644 ,2.228," 8,241 "," 1,024 ", 29.3 ," 466,393 "
27-Jan-2019, 1.00 ,6.197, 0.016 , 0.180 , 0.096 , 0.016 , 0.309 , 0.143 , 2.313 ,3.587," 7,146 ", 991 , 27.3 ," 427,374 "
28-Jan-2019, -   ,1.759, 0.015 , 0.181 , 0.096 , 0.016 , 0.442 , 0.218 , 1.992 ,2.268," 6,706 ", 818 , 25.1 ," 404,989 "
29-Jan-2019, -   ,0.537, 0.015 , 0.172 , 0.104 , 0.015 , 0.696 , 0.334 , 1.992 ,2.815," 6,856 ", 998 , 27.0 ," 477,834 "
30-Jan-2019, -   ,0.207, 0.014 , 0.158 , 0.088 , 0.015 , 0.778 , 0.359 , 1.982 ,2.347," 5,036 ", 776 , 26.7 ," 476,721 "
31-Jan-2019, -   ,2.706, 0.012 , 0.134 , 0.066 , 0.015 , 0.387 , 0.135 , 3.059 ,4.552," 7,458 ", 996 , 27.6 ," 477,584 "
01-Feb-2019, -   ,5.348, 0.013 , 0.149 , 0.059 , 0.014 , 0.421 , 0.207 , 2.804 ,3.306," 6,045 ", 783 , 21.6 ," 385,602 "
02-Feb-2019, 1.00 ,1.492, 0.014 , 0.168 , 0.070 , 0.015 , 0.228 , 0.094 , 2.199 ,2.993," 7,131 ", 840 , 23.9 ," 376,000 "
03-Feb-2019, 1.00 ,1.548, 0.013 , 0.151 , 0.081 , 0.014 , 0.043 , 0.016 , 2.132 ,2.977," 8,322 "," 1,028 ", 26.0 ," 403,063 "
04-Feb-2019, -   ,1.423, 0.014 , 0.160 , 0.069 , 0.016 , 0.235 , 0.129 , 1.744 ,2.257," 7,364 "," 1,013 ", 26.6 ," 458,063 "
05-Feb-2019, -   ,2.228, 0.015 , 0.170 , 0.065 , 0.015 , 0.316 , 0.170 , 1.977 ,2.274," 6,619 ", 817 , 24.9 ," 435,978 "
06-Feb-2019, -   ,0.658, 0.014 , 0.159 , 0.068 , 0.014 , 0.232 , 0.128 , 2.280 ,2.941," 7,360 ", 890 , 24.9 ," 437,648 "
07-Feb-2019, -   ,2.897, 0.014 , 0.159 , 0.084 , 0.015 , 0.523 , 0.276 , 2.306 ,3.283," 6,762 ", 979 , 24.9 ," 445,943 "
08-Feb-2019, -   ,11.342, 0.014 , 0.160 , 0.085 , 0.015 , 0.543 , 0.198 , 1.663 ,2.357," 6,270 ", 848 , 25.1 ," 434,490 "
09-Feb-2019, 1.00 ,0.895, 0.009 , 0.121 , 0.084 , 0.013 , 0.085 , 0.066 , 2.672 ,3.389," 7,462 ", 950 , 23.7 ," 377,032 "
10-Feb-2019, 1.00 ,0, 0.008 , 0.095 , 0.072 , 0.010 , 0.005 , 0.001 , 1.906 ,2.874," 8,477 "," 1,056 ", 20.3 ," 336,665 "
11-Feb-2019, -   ,0.012, 0.010 , 0.108 , 0.082 , 0.012 , 0.003 , 0.002 , 2.256 ,2.817," 8,387 "," 1,038 ", 22.8 ," 393,001 "
12-Feb-2019, -   ,0.089, 0.009 , 0.102 , 0.084 , 0.010 , 0.143 , 0.013 , 2.518 ,3.241," 8,192 "," 1,048 ", 25.1 ," 432,218 "
13-Feb-2019, -   ,0.486, 0.008 , 0.098 , 0.083 , 0.009 , 0.054 , 0.021 , 2.929 ,4.19," 8,072 "," 1,019 ", 21.8 ," 384,665 "
14-Feb-2019, -   ,0.05, 0.009 , 0.104 , 0.096 , 0.010 , 0.063 , 0.047 , 2.071 ,2.8," 7,773 ", 946 , 20.7 ," 377,736 "
15-Feb-2019, -   ,0.005, 0.010 , 0.115 , 0.072 , 0.011 , 0.145 , 0.078 , 2.096 ,2.81," 7,997 "," 1,017 ", 22.2 ," 381,145 "
16-Feb-2019, 1.00 ,0.003, 0.011 , 0.124 , 0.082 , 0.012 , 0.402 , 0.204 , 2.217 ,2.812," 7,331 ", 891 , 22.8 ," 361,428 "
17-Feb-2019, 1.00 ,0, 0.011 , 0.128 , 0.084 , 0.013 , 0.202 , 0.049 , 2.062 ,2.998," 7,947 "," 1,010 ", 24.6 ," 375,050 "
18-Feb-2019, -   ,0.205, 0.012 , 0.130 , 0.095 , 0.013 , 0.117 , 0.047 , 2.178 ,3.196," 7,620 "," 1,000 ", 26.1 ," 436,377 "
19-Feb-2019, -   ,1.879, 0.012 , 0.144 , 0.110 , 0.013 , 0.289 , 0.115 , 2.766 ,4.337," 6,750 ", 978 , 24.7 ," 416,318 "
20-Feb-2019, -   ,5.078, 0.013 , 0.149 , 0.117 , 0.013 , 0.307 , 0.142 , 2.615 ,3.137," 5,972 ", 744 , 22.2 ," 389,681 "
21-Feb-2019, -   ,5.77, 0.012 , 0.139 , 0.104 , 0.013 , 0.200 , 0.090 , 3.362 ,4.168," 6,752 ", 846 , 22.3 ," 387,004 "
22-Feb-2019, -   ,1.207, 0.011 , 0.123 , 0.096 , 0.011 , 0.345 , 0.151 , 3.511 ,4.193," 6,196 ", 802 , 21.2 ," 371,140 "
23-Feb-2019, 1.00 ,1.751, 0.010 , 0.118 , 0.111 , 0.011 , 0.297 , 0.129 , 3.982 ,4.532," 6,459 ", 862 , 21.1 ," 337,364 "
24-Feb-2019, 1.00 ,0.737, 0.009 , 0.111 , 0.117 , 0.010 , 0.327 , 0.104 , 3.008 ,3.967," 6,710 ", 833 , 21.0 ," 327,018 "
25-Feb-2019, -   ,0.321, 0.010 , 0.112 , 0.115 , 0.010 , 0.223 , 0.148 , 2.005 ,2.642," 7,246 ", 952 , 21.6 ," 371,207 "
26-Feb-2019, -   ,0.021, 0.011 , 0.122 , 0.093 , 0.012 , 0.612 , 0.226 , 1.776 ,2.541," 6,291 ", 927 , 22.4 ," 382,472 "
27-Feb-2019, -   ,0.07, 0.012 , 0.136 , 0.089 , 0.013 , 0.618 , 0.246 , 1.757 ,2.831," 6,498 ", 908 , 23.2 ," 388,458 "
28-Feb-2019, -   ,0.125, 0.012 , 0.133 , 0.096 , 0.013 , 0.675 , 0.308 , 2.028 ,2.712," 5,812 ", 783 , 23.7 ," 402,961 "
01-Mar-2019, -   ,0.742, 0.012 , 0.139 , 0.103 , 0.013 , 0.259 , 0.102 , 2.450 ,3.307," 6,823 ", 902 , 23.7 ," 402,789 "
02-Mar-2019, 1.00 ,0.396, 0.012 , 0.140 , 0.109 , 0.013 , 0.334 , 0.148 , 2.267 ,2.882," 6,480 ", 887 , 23.5 ," 371,763 "
03-Mar-2019, 1.00 ,0.144, 0.012 , 0.142 , 0.120 , 0.013 , 0.100 , 0.046 , 2.334 ,3.086," 7,050 ", 914 , 24.2 ," 371,860 "
04-Mar-2019, -   ,0.143, 0.012 , 0.140 , 0.128 , 0.013 , 0.623 , 0.295 , 2.448 ,3.072," 6,716 ", 927 , 24.9 ," 423,437 "
05-Mar-2019, -   ,0.446, 0.012 , 0.132 , 0.136 , 0.013 , 0.504 , 0.320 , 2.301 ,2.701," 6,158 ", 860 , 24.9 ," 427,310 "
06-Mar-2019, -   ,1.985, 0.010 , 0.119 , 0.141 , 0.011 , 0.375 , 0.220 , 3.251 ,3.85," 5,233 ", 699 , 23.8 ," 411,445 "
07-Mar-2019, -   ,0.663, 0.009 , 0.111 , 0.138 , 0.011 , 0.281 , 0.151 , 2.494 ,3.265," 6,510 ", 876 , 19.6 ," 370,578 "
08-Mar-2019, -   ,0.503, 0.013 , 0.147 , 0.136 , 0.014 , 0.641 , 0.327 , 2.217 ,3.094," 5,681 ", 909 , 23.0 ," 394,533 "
09-Mar-2019, 1.00 ,1.725, 0.012 , 0.147 , 0.144 , 0.013 , 0.357 , 0.274 , 1.799 ,2.971," 5,144 ", 705 , 23.4 ," 362,876 "
10-Mar-2019, 1.00 ,0.117, 0.012 , 0.135 , 0.107 , 0.013 , 0.419 , 0.201 , 1.898 ,2.82," 6,625 ", 889 , 24.6 ," 369,921 "
11-Mar-2019, -   ,0.165, 0.011 , 0.127 , 0.120 , 0.013 , 0.264 , 0.028 , 2.081 ,3.134," 6,886 ", 920 , 24.1 ," 407,017 "
12-Mar-2019, -   ,1.941, 0.010 , 0.114 , 0.120 , 0.012 , 0.571 , 0.219 , 2.226 ,2.955," 6,481 ", 926 , 24.0 ," 422,641 "
13-Mar-2019, -   ,1.343, 0.012 , 0.140 , 0.096 , 0.013 , 0.770 , 0.347 , 2.295 ,2.94," 4,627 ", 668 , 20.8 ," 387,756 "
14-Mar-2019, -   ,13.664, 0.013 , 0.148 , 0.107 , 0.014 , 0.398 , 0.228 , 2.290 ,3.377," 4,869 ", 685 , 22.4 ," 397,806 "
15-Mar-2019, -   ,10.382, 0.012 , 0.142 , 0.108 , 0.013 , 0.390 , 0.209 , 2.864 ,3.378," 5,054 ", 666 , 20.6 ," 369,223 "
16-Mar-2019, 1.00 ,17.11, 0.013 , 0.152 , 0.112 , 0.013 , 0.832 , 0.419 , 2.574 ,3.248," 2,950 ", 541 , 20.4 ," 343,771 "
17-Mar-2019, 1.00 ,27.523, 0.013 , 0.151 , 0.093 , 0.013 , 0.730 , 0.341 , 2.262 ,3.2," 3,460 ", 544 , 20.1 ," 342,167 "
18-Mar-2019, -   ,4.212, 0.012 , 0.145 , 0.098 , 0.013 , 0.428 , 0.231 , 1.357 ,1.822," 4,758 ", 691 , 20.1 ," 367,596 "
19-Mar-2019, -   ,3.857, 0.013 , 0.149 , 0.108 , 0.013 , 0.327 , 0.159 , 1.611 ,2.196," 5,542 ", 763 , 21.3 ," 377,264 "
20-Mar-2019, -   ,1.273, 0.013 , 0.156 , 0.131 , 0.013 , 0.171 , 0.077 , 1.775 ,2.251," 5,750 ", 782 , 21.8 ," 383,777 "
21-Mar-2019, -   ,1.344, 0.013 , 0.157 , 0.134 , 0.014 , 0.488 , 0.196 , 1.746 ,2.461," 5,727 ", 834 , 22.2 ," 385,298 "
22-Mar-2019, -   ,5.831, 0.013 , 0.156 , 0.150 , 0.014 , 0.545 , 0.313 , 1.278 ,1.53," 4,621 ", 683 , 21.9 ," 378,909 "
23-Mar-2019, 1.00 ,2.2, 0.014 , 0.158 , 0.127 , 0.015 , 0.644 , 0.335 , 1.772 ,2.164," 4,652 ", 744 , 22.6 ," 351,118 "
24-Mar-2019, 1.00 ,5.062, 0.014 , 0.162 , 0.127 , 0.015 , 0.833 , 0.418 , 2.059 ,2.828," 4,100 ", 692 , 23.6 ," 361,683 "
25-Mar-2019, -   ,1.97, 0.012 , 0.136 , 0.136 , 0.014 , 0.674 , 0.310 , 2.491 ,3.287," 3,307 ", 638 , 21.8 ," 378,682 "
26-Mar-2019, -   ,0.512, 0.008 , 0.094 , 0.145 , 0.009 , 0.128 , 0.065 , 2.358 ,3.005," 5,986 ", 835 , 18.9 ," 363,671 "
27-Mar-2019, -   ,0.245, 0.009 , 0.108 , 0.137 , 0.009 , 0.211 , 0.125 , 1.859 ,2.451," 5,372 ", 765 , 18.5 ," 366,328 "
28-Mar-2019, -   ,0.153, 0.010 , 0.119 , 0.093 , 0.011 , 0.495 , 0.261 , 1.915 ,2.399," 5,619 ", 805 , 20.1 ," 375,162 "
29-Mar-2019, -   ,28.26, 0.013 , 0.144 , 0.081 , 0.014 , 0.812 , 0.343 , 2.449 ,2.781," 4,366 ", 739 , 21.1 ," 377,522 "
30-Mar-2019, 1.00 ,2.191, 0.007 , 0.101 , 0.093 , 0.013 , 0.109 , 0.077 , 3.685 ,5.293," 5,364 ", 741 , 17.7 ," 339,237 "
31-Mar-2019, 1.00 ,0.123, 0.007 , 0.087 , 0.095 , 0.009 , 0.073 , 0.043 , 1.907 ,3.179," 5,923 ", 836 , 14.2 ," 314,348 "
01-Apr-2019, -   ,1.776, 0.010 , 0.117 , 0.106 , 0.010 , 0.268 , 0.166 , 2.217 ,2.68," 4,853 ", 721 , 16.3 ," 358,124 "
02-Apr-2019, -   ,1.231, 0.010 , 0.123 , 0.112 , 0.011 , 0.087 , 0.052 , 1.684 ,2.211," 5,450 ", 767 , 18.5 ," 367,022 "
03-Apr-2019, -   ,0.819, 0.011 , 0.125 , 0.131 , 0.011 , 0.558 , 0.167 , 1.595 ,2.28," 5,395 ", 809 , 19.3 ," 366,432 "
04-Apr-2019, -   ,4.937, 0.011 , 0.133 , 0.133 , 0.012 , 0.499 , 0.285 , 2.244 ,2.863," 4,387 ", 699 , 19.3 ," 371,788 "
05-Apr-2019, -   ,2.507, 0.011 , 0.131 , 0.114 , 0.011 , 0.590 , 0.152 , 1.812 ,2.331," 5,038 ", 730 , 19.2 ," 369,179 "
06-Apr-2019, 1.00 ,0, 0.011 , 0.127 , 0.109 , 0.012 , 0.042 , 0.022 , 1.504 ,2.165," 5,435 ", 776 , 20.5 ," 340,687 "
07-Apr-2019, 1.00 ,0.003, 0.010 , 0.116 , 0.113 , 0.011 , 0.063 , 0.010 , 1.590 ,1.978," 5,602 ", 798 , 20.9 ," 336,440 "
08-Apr-2019, -   ,0.005, 0.009 , 0.114 , 0.096 , 0.010 , 0.373 , 0.268 , 1.942 ,2.552," 5,246 ", 783 , 21.3 ," 377,170 "
09-Apr-2019, -   ,0.109, 0.008 , 0.100 , 0.115 , 0.009 , 0.192 , 0.116 , 3.034 ,3.821," 4,675 ", 679 , 19.8 ," 369,462 "
10-Apr-2019, -   ,0.037, 0.008 , 0.089 , 0.150 , 0.008 , 0.099 , 0.059 , 2.272 ,2.83," 5,139 ", 743 , 16.0 ," 362,750 "
11-Apr-2019, -   ,0.204, 0.009 , 0.101 , 0.142 , 0.009 , 0.281 , 0.182 , 1.784 ,2.043," 4,719 ", 729 , 16.4 ," 368,355 "
12-Apr-2019, -   ,0.358, 0.009 , 0.106 , 0.070 , 0.010 , 0.138 , 0.122 , 1.476 ,1.772," 4,736 ", 666 , 17.5 ," 365,552 "
13-Apr-2019, 1.00 ,0.293, 0.009 , 0.107 , 0.074 , 0.010 , 0.512 , 0.154 , 1.507 ,2.051," 4,951 ", 755 , 18.5 ," 337,324 "
14-Apr-2019, 1.00 ,0.509, 0.010 , 0.113 , 0.084 , 0.010 , 0.192 , 0.096 , 1.826 ,2.128," 4,578 ", 683 , 18.3 ," 327,531 "
15-Apr-2019, -   ,0.526, 0.010 , 0.113 , 0.097 , 0.010 , 0.323 , 0.187 , 1.678 ,2.165," 4,764 ", 721 , 18.1 ," 354,535 "
16-Apr-2019, -   ,0.485, 0.011 , 0.123 , 0.110 , 0.011 , 0.220 , 0.108 , 1.554 ,1.909," 4,786 ", 705 , 18.7 ," 362,491 "
17-Apr-2019, -   ,0.293, 0.010 , 0.120 , 0.128 , 0.011 , 0.138 , 0.059 , 1.629 ,1.832," 4,947 ", 727 , 19.2 ," 366,860 "
18-Apr-2019, -   ,0.32, 0.010 , 0.120 , 0.130 , 0.011 , 0.405 , 0.191 , 1.595 ,1.906," 4,476 ", 723 , 19.5 ," 364,449 "
19-Apr-2019, -   ,0.692, 0.012 , 0.137 , 0.120 , 0.012 , 0.134 , 0.091 , 1.381 ,1.642," 4,499 ", 668 , 19.7 ," 326,458 "
20-Apr-2019, 1.00 ,0.5, 0.012 , 0.138 , 0.120 , 0.013 , 0.163 , 0.098 , 1.748 ,2.114," 4,729 ", 703 , 20.2 ," 326,611 "
21-Apr-2019, 1.00 ,0.768, 0.012 , 0.136 , 0.123 , 0.012 , 0.702 , 0.307 , 1.888 ,2.241," 4,181 ", 698 , 20.7 ," 319,455 "
22-Apr-2019, -   ,1.166, 0.012 , 0.137 , 0.123 , 0.012 , 0.620 , 0.320 , 1.742 ,2.285," 3,925 ", 581 , 20.3 ," 328,847 "
23-Apr-2019, -   ,1.198, 0.012 , 0.136 , 0.103 , 0.012 , 0.366 , 0.175 , 1.502 ,1.891," 4,392 ", 666 , 20.0 ," 359,367 "
24-Apr-2019, -   ,0.068, 0.010 , 0.116 , 0.100 , 0.011 , 0.217 , 0.060 , 1.539 ,1.986," 4,585 ", 693 , 19.9 ," 357,156 "
25-Apr-2019, -   ,0.03, 0.010 , 0.115 , 0.120 , 0.011 , 0.081 , 0.049 , 1.654 ,2.625," 4,460 ", 674 , 19.9 ," 329,019 "
26-Apr-2019, -   ,0.023, 0.008 , 0.092 , 0.118 , 0.009 , 0.173 , 0.111 , 2.678 ,3.232," 4,438 ", 672 , 19.2 ," 344,796 "
27-Apr-2019, 1.00 ,0.04, 0.006 , 0.070 , 0.119 , 0.007 , 0.093 , 0.022 , 1.891 ,2.634," 4,543 ", 670 , 15.3 ," 330,965 "
28-Apr-2019, 1.00 ,0.001, 0.007 , 0.081 , 0.118 , 0.009 , 0.086 , 0.032 , 1.788 ,2.412," 4,521 ", 700 , 15.7 ," 326,889 "
29-Apr-2019, -   ,0.017, 0.009 , 0.108 , 0.131 , 0.010 , 0.211 , 0.138 , 1.728 ,2.534," 4,047 ", 604 , 16.5 ," 367,059 "
30-Apr-2019, -   ,0.101, 0.010 , 0.117 , 0.152 , 0.011 , 0.896 , 0.436 , 2.292 ,2.777," 3,556 ", 604 , 18.0 ," 370,903 "
01-May-2019, -   ,0.282, 0.011 , 0.127 , 0.149 , 0.011 , 0.830 , 0.446 , 1.944 ,2.268," 2,301 ", 429 , 18.9 ," 375,028 "
02-May-2019, -   ,1.361, 0.012 , 0.136 , 0.132 , 0.012 , 0.878 , 0.458 , 2.189 ,2.419," 3,126 ", 584 , 20.0 ," 376,776 "
03-May-2019, -   ,5.806, 0.011 , 0.127 , 0.151 , 0.012 , 0.661 , 0.369 , 2.284 ,2.854," 1,754 ", 304 , 18.7 ," 375,205 "
04-May-2019, 1.00 ,0.76, 0.008 , 0.090 , 0.177 , 0.008 , 0.232 , 0.110 , 2.615 ,3.332," 3,595 ", 564 , 16.2 ," 344,386 "
05-May-2019, 1.00 ,1.793, 0.008 , 0.100 , 0.177 , 0.009 , 0.300 , 0.173 , 3.153 ,3.957," 2,764 ", 453 , 14.5 ," 337,390 "
06-May-2019, -   ,0.01, 0.007 , 0.078 , 0.177 , 0.008 , 0.010 , 0.008 , 1.763 ,2.91," 4,200 ", 637 , 14.5 ," 368,215 "
07-May-2019, -   ,0.062, 0.006 , 0.069 , 0.165 , 0.006 , 0.017 , 0.011 , 2.056 ,3.706," 4,244 ", 660 , 14.5 ," 376,987 "
08-May-2019, -   ,0.016, 0.006 , 0.072 , 0.166 , 0.006 , 0.034 , 0.020 , 2.433 ,3.934," 4,160 ", 638 , 13.7 ," 377,795 "
09-May-2019, -   ,0.038, 0.006 , 0.067 , 0.166 , 0.006 , 0.648 , 0.291 , 1.982 ,2.348," 3,596 ", 574 , 13.3 ," 386,452 "
10-May-2019, -   ,1.71, 0.007 , 0.081 , 0.169 , 0.007 , 0.356 , 0.233 , 3.323 ,4.509," 2,826 ", 461 , 13.5 ," 400,140 "
11-May-2019, 1.00 ,0.007, 0.006 , 0.078 , 0.178 , 0.007 , 0.051 , 0.029 , 2.862 ,4.555," 3,921 ", 616 , 12.9 ," 364,506 "
12-May-2019, 1.00 ,0.116, 0.008 , 0.089 , 0.148 , 0.008 , 0.071 , 0.046 , 1.465 ,2.124," 3,893 ", 618 , 13.6 ," 355,635 "
13-May-2019, -   ,0.089, 0.008 , 0.097 , 0.120 , 0.009 , 0.557 , 0.220 , 1.708 ,2.107," 3,377 ", 568 , 15.2 ," 384,808 "
14-May-2019, -   ,0.061, 0.007 , 0.084 , 0.107 , 0.008 , 0.017 , 0.012 , 1.549 ,2.139," 3,917 ", 616 , 15.8 ," 384,034 "
15-May-2019, -   ,0.115, 0.008 , 0.092 , 0.112 , 0.008 , 0.064 , 0.038 , 1.328 ,1.662," 3,790 ", 608 , 15.4 ," 386,144 "
16-May-2019, -   ,0.342, 0.008 , 0.092 , 0.122 , 0.009 , 0.051 , 0.026 , 1.485 ,1.741," 3,686 ", 583 , 15.7 ," 387,152 "
17-May-2019, -   ,0.114, 0.009 , 0.103 , 0.133 , 0.009 , 0.080 , 0.037 , 1.429 ,1.764," 3,666 ", 587 , 16.4 ," 379,042 "
18-May-2019, 1.00 ,0.115, 0.009 , 0.104 , 0.139 , 0.009 , 0.097 , 0.059 , 1.429 ,1.679," 3,547 ", 576 , 16.7 ," 352,836 "
19-May-2019, 1.00 ,0.172, 0.009 , 0.105 , 0.136 , 0.010 , 0.647 , 0.278 , 1.565 ,1.796," 3,033 ", 537 , 16.8 ," 347,083 "
20-May-2019, -   ,0.222, 0.008 , 0.097 , 0.141 , 0.009 , 0.302 , 0.184 , 1.672 ,1.856," 3,203 ", 504 , 16.9 ," 380,743 "
21-May-2019, -   ,0.006, 0.009 , 0.099 , 0.152 , 0.009 , 0.602 , 0.227 , 1.361 ,1.72," 3,453 ", 568 , 17.4 ," 374,614 "
22-May-2019, -   ,0.01, 0.009 , 0.105 , 0.153 , 0.010 , 0.213 , 0.043 , 1.422 ,1.724," 3,490 ", 564 , 17.5 ," 378,827 "
23-May-2019, -   ,0.066, 0.008 , 0.095 , 0.168 , 0.009 , 0.077 , 0.046 , 1.355 ,1.695," 3,428 ", 549 , 17.0 ," 376,935 "
24-May-2019, -   ,0.05, 0.007 , 0.074 , 0.153 , 0.007 , 0.472 , 0.219 , 1.451 ,1.863," 3,275 ", 550 , 16.6 ," 375,057 "
25-May-2019, 1.00 ,0.27, 0.007 , 0.078 , 0.164 , 0.007 , 0.194 , 0.138 , 1.974 ,2.361," 3,240 ", 565 , 16.4 ," 347,478 "
26-May-2019, 1.00 ,0.141, 0.007 , 0.078 , 0.166 , 0.007 , 0.103 , 0.060 , 2.394 ,3.787," 3,378 ", 558 , 15.3 ," 339,562 "
27-May-2019, -   ,0.394, 0.005 , 0.064 , 0.151 , 0.006 , 0.069 , 0.045 , 3.900 ,5.237," 3,362 ", 550 , 11.7 ," 400,773 "
28-May-2019, -   ,0.322, 0.006 , 0.065 , 0.154 , 0.006 , 0.240 , 0.133 , 3.308 ,3.887," 3,438 ", 563 , 10.7 ," 412,788 "
29-May-2019, -   ,0.223, 0.006 , 0.067 , 0.132 , 0.006 , 0.116 , 0.070 , 3.441 ,4.422," 3,240 ", 514 , 11.8 ," 408,600 "
30-May-2019, -   ,0.013, 0.005 , 0.056 , 0.167 , 0.006 , 0.067 , 0.036 , 2.796 ,3.419," 3,441 ", 559 , 9.5 ," 425,305 "
31-May-2019, -   ,0.059, 0.007 , 0.078 , 0.166 , 0.008 , 0.139 , 0.072 , 2.422 ,2.928," 3,183 ", 529 , 10.2 ," 429,848 "
01-Jun-2019, 1.00 ,1.271, 0.008 , 0.096 , 0.156 , 0.008 , 0.304 , 0.170 , 2.377 ,3," 2,660 ", 434 , 12.6 ," 395,255 "
02-Jun-2019, 1.00 ,1.247, 0.008 , 0.088 , 0.163 , 0.008 , 0.614 , 0.295 , 1.506 ,2.474," 2,528 ", 456 , 13.6 ," 380,481 "
03-Jun-2019, -   ,7.686, 0.006 , 0.077 , 0.176 , 0.007 , 0.534 , 0.245 , 3.021 ,5.823," 2,426 ", 463 , 11.7 ," 417,978 "
04-Jun-2019, -   ,4.031, 0.007 , 0.084 , 0.165 , 0.007 , 0.625 , 0.346 , 4.345 ,6.044," 1,639 ", 283 , 10.0 ," 460,948 "
05-Jun-2019, -   ,1.277, 0.007 , 0.079 , 0.166 , 0.007 , 0.209 , 0.149 , 2.515 ,3.638," 2,240 ", 372 , 10.7 ," 450,514 "
06-Jun-2019, -   ,0.061, 0.007 , 0.079 , 0.161 , 0.008 , 0.157 , 0.055 , 2.378 ,2.625," 3,199 ", 537 , 11.0 ," 436,578 "
07-Jun-2019, -   ,0.194, 0.008 , 0.096 , 0.164 , 0.008 , 0.651 , 0.284 , 1.501 ,2.317," 2,718 ", 507 , 13.1 ," 429,585 "
08-Jun-2019, 1.00 ,0.363, 0.008 , 0.096 , 0.167 , 0.008 , 0.681 , 0.316 , 1.475 ,1.797," 1,602 ", 344 , 12.8 ," 408,618 "
09-Jun-2019, 1.00 ,0.043, 0.008 , 0.089 , 0.173 , 0.008 , 0.425 , 0.214 , 1.378 ,2.247," 3,001 ", 512 , 14.1 ," 362,751 "
10-Jun-2019, -   ,0.532, 0.008 , 0.096 , 0.165 , 0.008 , 0.058 , 0.034 , 1.901 ,2.727," 3,110 ", 501 , 14.8 ," 358,349 "
11-Jun-2019, -   ,0.013, 0.008 , 0.087 , 0.170 , 0.008 , 0.271 , 0.171 , 1.680 ,2.028," 3,040 ", 543 , 15.0 ," 390,592 "
12-Jun-2019, -   ,0.574, 0.008 , 0.096 , 0.144 , 0.008 , 0.713 , 0.288 , 1.989 ,2.268," 2,315 ", 434 , 15.3 ," 393,952 "
13-Jun-2019, -   ,0.204, 0.007 , 0.088 , 0.174 , 0.008 , 0.462 , 0.266 , 2.006 ,2.306," 2,344 ", 450 , 15.7 ," 388,686 "
14-Jun-2019, -   ,0.101, 0.006 , 0.072 , 0.180 , 0.006 , 0.349 , 0.265 , 1.607 ,2.012," 2,401 ", 368 , 12.8 ," 401,687 "
15-Jun-2019, 1.00 ,0.694, 0.007 , 0.083 , 0.174 , 0.008 , 0.418 , 0.200 , 1.535 ,1.74," 2,821 ", 519 , 12.2 ," 386,272 "
16-Jun-2019, 1.00 ,8.578, 0.008 , 0.096 , 0.166 , 0.009 , 0.820 , 0.418 , 2.041 ,2.871," 1,279 ", 279 , 12.3 ," 393,931 "
17-Jun-2019, -   ,1.518, 0.008 , 0.096 , 0.179 , 0.008 , 0.502 , 0.292 , 2.152 ,3.139," 2,048 ", 366 , 12.2 ," 423,507 "
18-Jun-2019, -   ,0.817, 0.007 , 0.086 , 0.171 , 0.008 , 0.449 , 0.258 , 2.065 ,2.747," 2,019 ", 357 , 12.5 ," 418,468 "
19-Jun-2019, -   ,0.011, 0.005 , 0.065 , 0.191 , 0.006 , 0.043 , 0.028 , 2.195 ,2.759," 3,211 ", 528 , 10.4 ," 426,134 "
20-Jun-2019, -   ,0.982, 0.006 , 0.064 , 0.192 , 0.006 , 0.280 , 0.117 , 1.732 ,2.866," 2,883 ", 507 , 9.6 ," 452,945 "
21-Jun-2019, -   ,0.859, 0.006 , 0.065 , 0.186 , 0.006 , 0.115 , 0.062 , 2.984 ,3.174," 3,079 ", 522 , 8.8 ," 457,012 "
22-Jun-2019, 1.00 ,3.371, 0.006 , 0.075 , 0.180 , 0.007 , 0.401 , 0.199 , 2.803 ,3.263," 2,457 ", 473 , 9.2 ," 438,201 "
23-Jun-2019, 1.00 ,9.117, 0.007 , 0.086 , 0.173 , 0.008 , 0.565 , 0.283 , 2.501 ,2.852," 1,644 ", 254 , 9.7 ," 428,295 "
24-Jun-2019, -   ,3.472, 0.008 , 0.096 , 0.153 , 0.008 , 0.520 , 0.244 , 2.322 ,3.245," 2,274 ", 428 , 11.7 ," 453,623 "
25-Jun-2019, -   ,2.515, 0.008 , 0.096 , 0.154 , 0.008 , 0.602 , 0.272 , 2.018 ,2.249," 2,230 ", 410 , 12.9 ," 440,453 "
26-Jun-2019, -   ,1.169, 0.008 , 0.095 , 0.176 , 0.008 , 0.271 , 0.149 , 1.732 ,2.225," 2,439 ", 399 , 13.3 ," 430,614 "
27-Jun-2019, -   ,0.5, 0.008 , 0.092 , 0.170 , 0.008 , 0.175 , 0.084 , 1.704 ,1.949," 2,941 ", 499 , 13.5 ," 424,715 "
28-Jun-2019, -   ,0.11, 0.008 , 0.092 , 0.172 , 0.008 , 0.055 , 0.025 , 2.006 ,2.307," 3,172 ", 522 , 13.8 ," 414,435 "
29-Jun-2019, 1.00 ,1.49, 0.007 , 0.082 , 0.180 , 0.008 , 0.211 , 0.062 , 2.571 ,3.248," 3,096 ", 519 , 13.7 ," 385,372 "
30-Jun-2019, 1.00 ,0.089, 0.005 , 0.062 , 0.173 , 0.006 , 0.249 , 0.141 , 1.818 ,2.081," 3,141 ", 521 , 12.2 ," 374,373 "
01-Jul-2019, -   ,0.1, 0.005 , 0.058 , 0.170 , 0.006 , 0.674 , 0.284 , 1.556 ,1.815," 3,051 ", 532 , 10.5 ," 433,770 "
02-Jul-2019, -   ,0.004, 0.005 , 0.064 , 0.175 , 0.007 , 0.120 , 0.101 , 1.504 ,1.943," 3,082 ", 505 , 12.2 ," 435,289 "
03-Jul-2019, -   ,0.817, 0.008 , 0.090 , 0.158 , 0.008 , 0.275 , 0.171 , 2.353 ,2.511," 2,712 ", 512 , 12.3 ," 436,841 "
04-Jul-2019, -   ,4.919, 0.008 , 0.098 , 0.102 , 0.009 , 0.501 , 0.228 , 2.455 ,2.931," 2,117 ", 363 , 13.4 ," 426,837 "
05-Jul-2019, -   ,2.883, 0.008 , 0.098 , 0.110 , 0.009 , 0.651 , 0.291 , 2.017 ,2.507," 2,175 ", 431 , 14.1 ," 417,662 "
06-Jul-2019, 1.00 ,1.024, 0.008 , 0.093 , 0.125 , 0.008 , 0.455 , 0.245 , 1.451 ,1.959," 2,101 ", 325 , 14.3 ," 384,909 "
07-Jul-2019, 1.00 ,1.144, 0.008 , 0.092 , 0.118 , 0.008 , 0.524 , 0.230 , 1.486 ,1.924," 2,723 ", 515 , 13.7 ," 378,234 "
08-Jul-2019, -   ,1.014, 0.007 , 0.086 , 0.102 , 0.008 , 0.196 , 0.154 , 1.986 ,2.292," 2,159 ", 381 , 12.8 ," 408,759 "
09-Jul-2019, -   ,0.064, 0.006 , 0.067 , 0.116 , 0.006 , 0.045 , 0.019 , 1.904 ,2.451," 3,380 ", 552 , 11.6 ," 416,095 "
10-Jul-2019, -   ,0.096, 0.006 , 0.065 , 0.124 , 0.006 , 0.082 , 0.040 , 2.579 ,3.233," 3,342 ", 553 , 10.8 ," 425,866 "
11-Jul-2019, -   ,0.139, 0.006 , 0.067 , 0.139 , 0.006 , 0.090 , 0.030 , 2.908 ,3.665," 3,330 ", 548 , 11.6 ," 417,745 "
12-Jul-2019, -   ,0.547, 0.006 , 0.071 , 0.146 , 0.006 , 0.162 , 0.064 , 3.189 ,4.263," 3,195 ", 529 , 12.6 ," 408,525 "
13-Jul-2019, 1.00 ,0.071, 0.005 , 0.055 , 0.153 , 0.005 , 0.096 , 0.047 , 3.765 ,4.991," 3,366 ", 543 , 10.7 ," 395,591 "
14-Jul-2019, 1.00 ,0.172, 0.005 , 0.059 , 0.147 , 0.006 , 0.201 , 0.045 , 3.510 ,4.143," 3,389 ", 554 , 8.6 ," 402,725 "
15-Jul-2019, -   ,0, 0.006 , 0.065 , 0.154 , 0.006 , 0.054 , 0.027 , 2.838 ,4.036," 3,457 ", 558 , 10.9 ," 424,034 "
16-Jul-2019, -   ,0, 0.006 , 0.069 , 0.150 , 0.006 , 0.052 , 0.027 , 2.402 ,2.785," 3,490 ", 561 , 11.3 ," 427,047 "
17-Jul-2019, -   ,0.068, 0.006 , 0.066 , 0.130 , 0.006 , 0.152 , 0.025 , 2.681 ,3.084," 3,522 ", 562 , 11.0 ," 416,337 "
18-Jul-2019, -   ,0, 0.005 , 0.060 , 0.127 , 0.005 , 0.026 , 0.012 , 2.046 ,2.955," 3,637 ", 585 , 11.4 ," 415,430 "
19-Jul-2019, -   ,0, 0.006 , 0.061 , 0.114 , 0.006 , 0.036 , 0.021 , 1.464 ,2.484," 3,578 ", 572 , 10.6 ," 420,477 "
20-Jul-2019, 1.00 ,0, 0.005 , 0.061 , 0.117 , 0.006 , 0.005 , 0.005 , 1.858 ,2.125," 3,653 ", 579 , 11.1 ," 392,695 "
21-Jul-2019, 1.00 ,0.025, 0.006 , 0.067 , 0.128 , 0.006 , 0.227 , 0.111 , 1.705 ,2.257," 3,391 ", 586 , 12.3 ," 370,135 "
22-Jul-2019, -   ,0.029, 0.006 , 0.073 , 0.141 , 0.007 , 0.054 , 0.049 , 1.818 ,2.101," 3,377 ", 532 , 13.6 ," 402,210 "
23-Jul-2019, -   ,0.094, 0.005 , 0.067 , 0.142 , 0.006 , 0.150 , 0.038 , 2.227 ,2.81," 3,688 ", 594 , 13.4 ," 396,511 "
24-Jul-2019, -   ,0.013, 0.006 , 0.064 , 0.149 , 0.006 , 0.035 , 0.023 , 1.783 ,2.753," 3,661 ", 582 , 12.8 ," 401,955 "
25-Jul-2019, -   ,0.054, 0.006 , 0.066 , 0.150 , 0.006 , 0.345 , 0.184 , 1.432 ,1.782," 3,555 ", 585 , 11.3 ," 421,281 "
26-Jul-2019, -   ,0.065, 0.006 , 0.074 , 0.154 , 0.007 , 0.719 , 0.307 , 1.553 ,1.913," 2,244 ", 407 , 11.9 ," 426,044 "
27-Jul-2019, 1.00 ,0.032, 0.007 , 0.082 , 0.154 , 0.007 , 0.271 , 0.078 , 1.576 ,1.928," 3,602 ", 576 , 13.0 ," 386,592 "
28-Jul-2019, 1.00 ,0.015, 0.006 , 0.072 , 0.155 , 0.007 , 0.139 , 0.052 , 1.516 ,1.865," 3,673 ", 592 , 12.7 ," 381,012 "
29-Jul-2019, -   ,0.727, 0.007 , 0.079 , 0.151 , 0.007 , 0.621 , 0.246 , 1.753 ,2.769," 2,947 ", 540 , 12.1 ," 420,607 "
30-Jul-2019, -   ,1.516, 0.007 , 0.084 , 0.117 , 0.007 , 0.349 , 0.198 , 2.635 ,2.942," 2,775 ", 433 , 11.9 ," 428,536 "
31-Jul-2019, -   ,0.92, 0.007 , 0.083 , 0.115 , 0.007 , 0.382 , 0.178 , 1.996 ,2.752," 2,873 ", 477 , 11.6 ," 429,614 "
01-Aug-2019, -   ,0.36, 0.007 , 0.077 , 0.162 , 0.007 , 0.148 , 0.081 , 1.615 ,2.012," 3,683 ", 594 , 12.2 ," 417,930 "
02-Aug-2019, -   ,0.283, 0.006 , 0.074 , 0.152 , 0.007 , 0.085 , 0.070 , 1.545 ,1.888," 3,603 ", 570 , 11.9 ," 418,771 "
03-Aug-2019, 1.00 ,0.015, 0.006 , 0.066 , 0.144 , 0.006 , 0.058 , 0.033 , 1.695 ,2.101," 3,959 ", 616 , 11.5 ," 387,607 "
04-Aug-2019, 1.00 ,0.009, 0.007 , 0.077 , 0.148 , 0.007 , 0.542 , 0.176 , 1.129 ,1.743," 3,736 ", 615 , 11.5 ," 383,812 "
05-Aug-2019, -   ,0.004, 0.006 , 0.069 , 0.135 , 0.007 , 0.029 , 0.022 , 1.588 ,1.893," 3,968 ", 619 , 13.0 ," 406,970 "
06-Aug-2019, -   ,0, 0.005 , 0.054 , 0.138 , 0.005 , 0.019 , 0.011 , 1.641 ,2.095," 4,234 ", 652 , 11.8 ," 415,079 "
07-Aug-2019, -   ,0.038, 0.005 , 0.057 , 0.158 , 0.006 , 0.096 , 0.038 , 1.946 ,3.11," 4,120 ", 645 , 12.3 ," 410,440 "
08-Aug-2019, -   ,0.471, 0.005 , 0.063 , 0.144 , 0.006 , 0.105 , 0.069 , 3.885 ,5.296," 3,794 ", 564 , 12.7 ," 412,232 "
09-Aug-2019, -   ,0.254, 0.005 , 0.060 , 0.153 , 0.005 , 0.113 , 0.061 , 4.527 ,5.641," 3,994 ", 616 , 11.2 ," 414,198 "
10-Aug-2019, 1.00 ,0.421, 0.005 , 0.053 , 0.152 , 0.005 , 0.303 , 0.141 , 4.334 ,4.892," 3,711 ", 600 , 8.9 ," 409,200 "
11-Aug-2019, 1.00 ,0.581, 0.005 , 0.065 , 0.146 , 0.006 , 0.414 , 0.169 , 3.429 ,4.236," 3,497 ", 528 , 8.8 ," 411,007 "
12-Aug-2019, -   ,0.007, 0.005 , 0.063 , 0.155 , 0.006 , 0.062 , 0.042 , 1.946 ,3.016," 4,115 ", 607 , 10.2 ," 429,069 "
13-Aug-2019, -   ,0.011, 0.005 , 0.056 , 0.156 , 0.006 , 0.029 , 0.018 , 1.315 ,1.725," 4,406 ", 671 , 10.4 ," 435,035 "
14-Aug-2019, -   ,0.006, 0.005 , 0.052 , 0.156 , 0.006 , 0.009 , 0.007 , 1.470 ,1.912," 4,469 ", 664 , 11.0 ," 433,267 "
15-Aug-2019, -   ,0, 0.005 , 0.051 , 0.161 , 0.005 , 0.018 , 0.010 , 1.656 ,2.144," 4,594 ", 694 , 11.5 ," 418,960 "
16-Aug-2019, -   ,0.031, 0.005 , 0.056 , 0.165 , 0.006 , 0.130 , 0.053 , 1.944 ,2.971," 4,422 ", 667 , 13.0 ," 404,881 "
17-Aug-2019, 1.00 ,0.003, 0.006 , 0.073 , 0.173 , 0.007 , 0.027 , 0.012 , 1.820 ,2.731," 4,590 ", 691 , 13.2 ," 369,378 "
18-Aug-2019, 1.00 ,0.321, 0.007 , 0.074 , 0.167 , 0.008 , 0.116 , 0.025 , 3.412 ,4.272," 4,531 ", 677 , 14.1 ," 353,479 "
19-Aug-2019, -   ,0.035, 0.004 , 0.053 , 0.120 , 0.005 , 0.055 , 0.040 , 3.461 ,4.384," 4,514 ", 687 , 11.2 ," 397,165 "
20-Aug-2019, -   ,0.041, 0.005 , 0.060 , 0.107 , 0.006 , 0.144 , 0.066 , 3.119 ,3.942," 4,720 ", 708 , 10.8 ," 408,973 "
21-Aug-2019, -   ,0.029, 0.006 , 0.072 , 0.111 , 0.006 , 0.064 , 0.031 , 3.650 ,4.435," 4,629 ", 689 , 13.3 ," 390,953 "
22-Aug-2019, -   ,0.002, 0.005 , 0.061 , 0.134 , 0.006 , 0.026 , 0.022 , 3.444 ,4.701," 4,726 ", 698 , 13.2 ," 401,224 "
23-Aug-2019, -   ,0, 0.005 , 0.052 , 0.165 , 0.005 , 0.009 , 0.009 , 1.612 ,1.969," 4,921 ", 710 , 11.2 ," 409,699 "
24-Aug-2019, 1.00 ,0, 0.005 , 0.057 , 0.072 , 0.005 , 0.003 , 0.001 , 1.906 ,2.37," 5,060 ", 745 , 13.1 ," 362,326 "
25-Aug-2019, 1.00 ,0.152, 0.006 , 0.070 , 0.092 , 0.007 , 0.262 , 0.109 , 2.042 ,3.12," 4,505 ", 730 , 13.8 ," 352,112 "
26-Aug-2019, -   ,1.227, 0.008 , 0.089 , 0.120 , 0.008 , 0.517 , 0.268 , 1.925 ,2.48," 2,747 ", 405 , 12.6 ," 405,020 "
27-Aug-2019, -   ,0.229, 0.007 , 0.084 , 0.120 , 0.007 , 0.297 , 0.166 , 1.796 ,2.624," 3,535 ", 510 , 13.2 ," 403,741 "
28-Aug-2019, -   ,0.197, 0.006 , 0.074 , 0.132 , 0.007 , 0.423 , 0.190 , 2.056 ,3.806," 4,242 ", 702 , 13.7 ," 393,143 "
29-Aug-2019, -   ,18.855, 0.008 , 0.085 , 0.137 , 0.008 , 0.746 , 0.363 , 3.295 ,3.679," 2,197 ", 321 , 11.6 ," 431,137 "
30-Aug-2019, -   ,8.868, 0.007 , 0.087 , 0.132 , 0.008 , 0.518 , 0.263 , 2.995 ,3.809," 3,015 ", 427 , 12.2 ," 431,892 "
31-Aug-2019, 1.00 ,1.314, 0.008 , 0.091 , 0.130 , 0.008 , 0.205 , 0.127 , 1.909 ,2.846," 3,970 ", 571 , 13.2 ," 383,075 "
01-Sep-2019, 1.00 ,0.082, 0.007 , 0.076 , 0.114 , 0.008 , 0.162 , 0.039 , 1.585 ,2.975," 5,219 ", 755 , 14.4 ," 348,416 "
02-Sep-2019, -   ,0.007, 0.006 , 0.069 , 0.109 , 0.007 , 0.069 , 0.008 , 2.085 ,3.04," 5,377 ", 774 , 14.0 ," 377,864 "
03-Sep-2019, -   ,0, 0.006 , 0.070 , 0.101 , 0.007 , 0.002 , 0.002 , 1.564 ,1.932," 5,395 ", 770 , 15.2 ," 371,946 "
04-Sep-2019, -   ,0, 0.006 , 0.077 , 0.096 , 0.007 , 0.048 , 0.027 , 1.493 ,1.738," 5,344 ", 781 , 16.6 ," 368,964 "
05-Sep-2019, -   ,0.03, 0.008 , 0.094 , 0.107 , 0.009 , 0.105 , 0.057 , 2.019 ,3.108," 5,146 ", 740 , 16.6 ," 366,967 "
06-Sep-2019, -   ,0.674, 0.006 , 0.072 , 0.115 , 0.008 , 0.315 , 0.133 , 4.030 ,4.864," 4,885 ", 744 , 16.6 ," 364,998 "
07-Sep-2019, 1.00 ,0.058, 0.005 , 0.057 , 0.116 , 0.005 , 0.049 , 0.017 , 4.108 ,4.89," 5,639 ", 804 , 12.5 ," 345,367 "
08-Sep-2019, 1.00 ,0.176, 0.005 , 0.054 , 0.120 , 0.006 , 0.267 , 0.115 , 3.584 ,4.479," 5,271 ", 801 , 12.0 ," 343,070 "
09-Sep-2019, -   ,0.116, 0.005 , 0.057 , 0.120 , 0.006 , 0.272 , 0.162 , 4.036 ,4.771," 4,536 ", 641 , 11.5 ," 387,333 "
10-Sep-2019, -   ,0.027, 0.006 , 0.065 , 0.123 , 0.006 , 0.168 , 0.101 , 2.227 ,3.481," 5,423 ", 761 , 11.4 ," 398,892 "
11-Sep-2019, -   ,0, 0.006 , 0.061 , 0.130 , 0.007 , 0.172 , 0.144 , 1.646 ,2.165," 5,605 ", 811 , 13.4 ," 383,890 "
12-Sep-2019, -   ,0.001, 0.005 , 0.066 , 0.130 , 0.007 , 0.305 , 0.221 , 1.807 ,2.277," 5,324 ", 763 , 15.0 ," 378,771 "
13-Sep-2019, -   ,0.001, 0.006 , 0.072 , 0.133 , 0.007 , 0.200 , 0.069 , 1.963 ,2.952," 5,910 ", 822 , 15.2 ," 364,261 "
14-Sep-2019, 1.00 ,0, 0.006 , 0.063 , 0.144 , 0.006 , 0.020 , 0.017 , 1.918 ,2.767," 6,016 ", 841 , 14.7 ," 338,280 "
15-Sep-2019, 1.00 ,0.08, 0.006 , 0.059 , 0.145 , 0.007 , 0.696 , 0.326 , 1.666 ,2.311," 5,286 ", 830 , 16.5 ," 324,389 "
16-Sep-2019, -   ,8.302, 0.007 , 0.073 , 0.144 , 0.008 , 0.822 , 0.392 , 3.125 ,4.107," 3,200 ", 526 , 16.9 ," 356,105 "
17-Sep-2019, -   ,22.269, 0.008 , 0.096 , 0.144 , 0.008 , 0.659 , 0.349 , 3.794 ,4.162," 2,604 ", 350 , 11.9 ," 412,611 "
18-Sep-2019, -   ,9.681, 0.009 , 0.108 , 0.143 , 0.010 , 0.336 , 0.194 , 2.170 ,3.936," 3,576 ", 589 , 13.8 ," 392,898 "
19-Sep-2019, -   ,1.401, 0.010 , 0.115 , 0.123 , 0.010 , 0.126 , 0.059 , 2.131 ,2.871," 5,524 ", 765 , 16.1 ," 371,137 "
20-Sep-2019, -   ,0.231, 0.010 , 0.120 , 0.128 , 0.010 , 0.656 , 0.274 , 2.872 ,3.248," 4,833 ", 741 , 17.4 ," 358,155 "
21-Sep-2019, 1.00 ,2.057, 0.010 , 0.115 , 0.089 , 0.011 , 0.624 , 0.339 , 2.140 ,3.093," 4,032 ", 611 , 18.3 ," 332,852 "
22-Sep-2019, 1.00 ,0.601, 0.008 , 0.087 , 0.079 , 0.008 , 0.135 , 0.073 , 1.856 ,2.905," 5,561 ", 753 , 17.0 ," 317,119 "
23-Sep-2019, -   ,0.077, 0.005 , 0.063 , 0.091 , 0.006 , 0.081 , 0.061 , 2.121 ,2.973," 5,922 ", 823 , 14.5 ," 350,257 "
24-Sep-2019, -   ,0.001, 0.006 , 0.065 , 0.115 , 0.006 , 0.073 , 0.039 , 1.455 ,2.185," 6,429 ", 880 , 13.5 ," 357,285 "
25-Sep-2019, -   ,0, 0.007 , 0.083 , 0.122 , 0.008 , 0.209 , 0.103 , 1.671 ,2.443," 5,977 ", 845 , 14.1 ," 358,208 "
26-Sep-2019, -   ,0.093, 0.008 , 0.089 , 0.132 , 0.009 , 0.483 , 0.182 , 1.760 ,2.82," 5,474 ", 692 , 15.7 ," 360,371 "
27-Sep-2019, -   ,0.03, 0.006 , 0.075 , 0.144 , 0.007 , 0.587 , 0.322 , 1.964 ,3.26," 5,490 ", 865 , 17.0 ," 346,536 "
28-Sep-2019, 1.00 ,0.01, 0.006 , 0.068 , 0.138 , 0.007 , 0.164 , 0.107 , 2.079 ,3.112," 6,430 ", 890 , 15.4 ," 326,397 "
29-Sep-2019, 1.00 ,0.077, 0.007 , 0.076 , 0.098 , 0.007 , 0.277 , 0.154 , 1.701 ,2.859," 6,224 ", 861 , 15.1 ," 319,614 "
30-Sep-2019, -   ,0.443, 0.007 , 0.086 , 0.101 , 0.008 , 0.331 , 0.230 , 2.145 ,2.976," 4,608 ", 685 , 14.5 ," 359,917 "
01-Oct-2019, -   ,0.024, 0.007 , 0.084 , 0.086 , 0.008 , 0.048 , 0.023 , 1.888 ,2.571," 6,784 ", 904 , 15.6 ," 360,788 "
02-Oct-2019, -   ,0, 0.007 , 0.078 , 0.072 , 0.008 , 0.160 , 0.042 , 1.602 ,2.208," 6,906 ", 921 , 17.6 ," 349,645 "
03-Oct-2019, -   ,0.003, 0.007 , 0.079 , 0.072 , 0.008 , 0.041 , 0.026 , 1.705 ,2.325," 6,925 ", 923 , 20.0 ," 354,143 "
04-Oct-2019, -   ,1.089, 0.008 , 0.094 , 0.072 , 0.009 , 0.690 , 0.299 , 2.316 ,3.502," 5,692 ", 911 , 20.2 ," 350,598 "
05-Oct-2019, 1.00 ,0.573, 0.009 , 0.107 , 0.076 , 0.010 , 0.574 , 0.315 , 2.081 ,3.172," 3,947 ", 618 , 17.2 ," 333,604 "
06-Oct-2019, 1.00 ,0.026, 0.009 , 0.109 , 0.072 , 0.010 , 0.676 , 0.327 , 2.417 ,3.525," 5,377 ", 692 , 19.7 ," 314,803 "
07-Oct-2019, -   ,0.176, 0.009 , 0.104 , 0.081 , 0.010 , 0.382 , 0.301 , 1.976 ,2.801," 5,468 ", 803 , 20.1 ," 318,625 "
08-Oct-2019, -   ,2.978, 0.007 , 0.076 , 0.098 , 0.007 , 0.288 , 0.126 , 3.017 ,3.776," 5,876 ", 842 , 16.7 ," 352,570 "
09-Oct-2019, -   ,0.15, 0.007 , 0.077 , 0.102 , 0.007 , 0.081 , 0.035 , 2.939 ,3.72," 6,841 ", 903 , 13.6 ," 349,651 "
10-Oct-2019, -   ,4.622, 0.008 , 0.089 , 0.095 , 0.008 , 0.439 , 0.216 , 1.926 ,2.723," 5,539 ", 867 , 14.5 ," 351,039 "
11-Oct-2019, -   ,9.523, 0.008 , 0.091 , 0.096 , 0.008 , 0.700 , 0.358 , 1.932 ,2.688," 3,295 ", 441 , 13.4 ," 360,046 "
12-Oct-2019, 1.00 ,3.44, 0.007 , 0.084 , 0.101 , 0.007 , 0.453 , 0.272 , 2.109 ,2.662," 4,198 ", 726 , 13.1 ," 348,071 "
13-Oct-2019, 1.00 ,0.078, 0.007 , 0.077 , 0.108 , 0.007 , 0.510 , 0.162 , 1.682 ,2.106," 6,756 ", 888 , 14.7 ," 325,095 "
14-Oct-2019, -   ,0.027, 0.008 , 0.094 , 0.108 , 0.009 , 0.096 , 0.020 , 1.706 ,2.574," 7,220 ", 948 , 17.5 ," 350,509 "
15-Oct-2019, -   ,0.051, 0.010 , 0.105 , 0.116 , 0.011 , 0.196 , 0.112 , 1.839 ,3.01," 6,793 ", 957 , 19.6 ," 350,883 "
16-Oct-2019, -   ,1.075, 0.010 , 0.111 , 0.101 , 0.011 , 0.418 , 0.209 , 1.787 ,2.632," 6,266 ", 870 , 19.9 ," 357,374 "
17-Oct-2019, -   ,0.059, 0.006 , 0.073 , 0.107 , 0.009 , 0.076 , 0.061 , 3.294 ,4.892," 7,560 ", 951 , 18.5 ," 348,496 "
18-Oct-2019, -   ,0.004, 0.005 , 0.057 , 0.119 , 0.006 , 0.190 , 0.006 , 1.916 ,2.596," 7,943 "," 1,017 ", 16.8 ," 336,875 "
19-Oct-2019, 1.00 ,0.048, 0.006 , 0.070 , 0.104 , 0.007 , 0.070 , 0.053 , 2.493 ,3.365," 7,318 ", 983 , 17.5 ," 318,478 "
20-Oct-2019, 1.00 ,0.003, 0.006 , 0.062 , 0.082 , 0.006 , 0.045 , 0.014 , 1.609 ,2.684," 7,829 ", 998 , 15.7 ," 310,904 "
21-Oct-2019, -   ,0, 0.007 , 0.081 , 0.084 , 0.008 , 0.081 , 0.019 , 1.462 ,2.347," 7,800 ", 993 , 17.3 ," 346,791 "
22-Oct-2019, -   ,0, 0.008 , 0.093 , 0.078 , 0.009 , 0.087 , 0.035 , 1.779 ,2.655," 7,815 "," 1,000 ", 18.7 ," 349,576 "
23-Oct-2019, -   ,0.023, 0.008 , 0.091 , 0.061 , 0.009 , 0.125 , 0.055 , 1.717 ,2.466," 7,732 ", 993 , 20.6 ," 355,036 "
24-Oct-2019, -   ,0.087, 0.008 , 0.086 , 0.068 , 0.010 , 0.084 , 0.026 , 1.844 ,2.752," 7,622 ", 990 , 22.0 ," 364,908 "
25-Oct-2019, -   ,0.795, 0.008 , 0.089 , 0.068 , 0.009 , 0.578 , 0.206 , 2.437 ,3.482," 7,230 ", 946 , 23.8 ," 381,434 "
26-Oct-2019, 1.00 ,0.179, 0.005 , 0.068 , 0.060 , 0.007 , 0.274 , 0.162 , 2.975 ,4.349," 7,942 ", 979 , 21.4 ," 335,805 "
27-Oct-2019, 1.00 ,0.887, 0.006 , 0.065 , 0.068 , 0.007 , 0.046 , 0.033 , 1.795 ,3.242," 8,144 "," 1,037 ", 17.3 ," 307,784 "
28-Oct-2019, -   ,0.283, 0.008 , 0.092 , 0.089 , 0.009 , 0.317 , 0.170 , 1.938 ,2.634," 7,719 ", 992 , 17.6 ," 345,061 "
29-Oct-2019, -   ,0, 0.008 , 0.089 , 0.096 , 0.009 , 0.635 , 0.288 , 1.861 ,2.95," 7,162 "," 1,013 ", 19.7 ," 350,941 "
30-Oct-2019, -   ,0.065, 0.009 , 0.098 , 0.083 , 0.010 , 0.603 , 0.305 , 1.372 ,1.903," 5,701 ", 777 , 21.3 ," 364,140 "
31-Oct-2019, -   ,0.101, 0.010 , 0.108 , 0.073 , 0.011 , 0.314 , 0.133 , 2.027 ,2.609," 7,510 ", 972 , 21.7 ," 375,220 "
01-Nov-2019, -   ,0.073, 0.010 , 0.111 , 0.084 , 0.011 , 0.161 , 0.103 , 2.569 ,3.318," 7,539 ", 979 , 22.0 ," 370,611 "
02-Nov-2019, 1.00 ,0.66, 0.010 , 0.115 , 0.078 , 0.011 , 0.514 , 0.253 , 2.560 ,3.771," 6,468 ", 870 , 22.6 ," 347,095 "
03-Nov-2019, 1.00 ,12.665, 0.012 , 0.129 , 0.084 , 0.014 , 0.501 , 0.196 , 1.875 ,2.695," 5,792 ", 857 , 21.6 ," 343,403 "
04-Nov-2019, -   ,1.487, 0.008 , 0.091 , 0.096 , 0.009 , 0.222 , 0.065 , 2.394 ,3.943," 7,794 "," 1,010 ", 19.6 ," 356,381 "
05-Nov-2019, -   ,0.423, 0.007 , 0.074 , 0.096 , 0.007 , 0.113 , 0.078 , 2.496 ,4.005," 7,367 ", 864 , 15.8 ," 350,790 "
06-Nov-2019, -   ,0.01, 0.006 , 0.065 , 0.092 , 0.007 , 0.025 , 0.008 , 2.191 ,2.763," 8,563 "," 1,049 ", 18.5 ," 340,191 "
07-Nov-2019, -   ,0.096, 0.007 , 0.077 , 0.096 , 0.008 , 0.033 , 0.020 , 2.018 ,2.584," 8,288 "," 1,048 ", 20.5 ," 360,226 "
08-Nov-2019, -   ,0.637, 0.006 , 0.073 , 0.095 , 0.007 , 0.091 , 0.030 , 3.302 ,4.108," 8,104 "," 1,010 ", 19.5 ," 359,716 "
09-Nov-2019, 1.00 ,0.016, 0.005 , 0.057 , 0.096 , 0.006 , 0.343 , 0.036 , 2.622 ,3.417," 8,503 "," 1,070 ", 14.8 ," 312,268 "
10-Nov-2019, 1.00 ,0.001, 0.007 , 0.081 , 0.089 , 0.008 , 0.292 , 0.137 , 1.860 ,3.078," 8,287 "," 1,026 ", 16.9 ," 308,813 "
11-Nov-2019, -   ,0, 0.007 , 0.073 , 0.072 , 0.008 , 0.085 , 0.076 , 2.133 ,3.083," 8,549 "," 1,046 ", 19.5 ," 350,837 "
12-Nov-2019, -   ,0, 0.006 , 0.061 , 0.090 , 0.007 , 0.120 , 0.064 , 2.992 ,3.549," 8,046 "," 1,032 ", 22.1 ," 377,990 "
13-Nov-2019, -   ,0.002, 0.005 , 0.058 , 0.104 , 0.006 , 0.019 , 0.006 , 2.019 ,2.573," 8,738 "," 1,080 ", 17.2 ," 340,893 "
14-Nov-2019, -   ,0, 0.007 , 0.076 , 0.096 , 0.008 , 0.252 , 0.081 , 1.732 ,2.351," 8,315 "," 1,043 ", 19.0 ," 350,711 "
15-Nov-2019, -   ,0.022, 0.007 , 0.080 , 0.082 , 0.008 , 0.315 , 0.064 , 2.004 ,2.408," 8,150 "," 1,034 ", 21.4 ," 360,480 "
16-Nov-2019, 1.00 ,0.161, 0.008 , 0.093 , 0.061 , 0.009 , 0.547 , 0.185 , 2.101 ,3.517," 7,597 ", 973 , 19.7 ," 325,506 "
17-Nov-2019, 1.00 ,0.11, 0.008 , 0.095 , 0.070 , 0.008 , 0.438 , 0.117 , 2.351 ,3.759," 7,776 ", 965 , 18.6 ," 320,625 "
18-Nov-2019, -   ,0.003, 0.007 , 0.077 , 0.067 , 0.009 , 0.131 , 0.057 , 1.984 ,2.615," 8,346 "," 1,027 ", 20.2 ," 354,370 "
19-Nov-2019, -   ,0.012, 0.008 , 0.082 , 0.076 , 0.010 , 0.111 , 0.037 , 2.317 ,3.139," 8,406 "," 1,052 ", 23.4 ," 384,330 "
20-Nov-2019, -   ,0.01, 0.010 , 0.110 , 0.081 , 0.011 , 0.140 , 0.043 , 2.033 ,2.537," 8,495 "," 1,047 ", 21.3 ," 371,361 "
21-Nov-2019, -   ,0.006, 0.010 , 0.107 , 0.090 , 0.011 , 0.520 , 0.276 , 2.342 ,3.351," 7,269 ", 983 , 24.0 ," 403,511 "
22-Nov-2019, -   ,1.071, 0.011 , 0.126 , 0.096 , 0.012 , 0.732 , 0.365 , 2.161 ,3.459," 5,793 ", 823 , 23.5 ," 387,435 "
23-Nov-2019, 1.00 ,0.877, 0.010 , 0.120 , 0.096 , 0.011 , 0.814 , 0.381 , 2.563 ,2.994," 5,280 ", 690 , 22.0 ," 346,238 "
24-Nov-2019, 1.00 ,2.031, 0.011 , 0.129 , 0.096 , 0.012 , 0.829 , 0.399 , 1.673 ,2.193," 4,856 ", 692 , 20.2 ," 334,319 "
25-Nov-2019, -   ,2.086, 0.012 , 0.135 , 0.096 , 0.013 , 0.368 , 0.240 , 2.385 ,3.499," 5,431 ", 798 , 22.6 ," 381,505 "
26-Nov-2019, -   ,0.941, 0.007 , 0.089 , 0.096 , 0.010 , 0.241 , 0.199 , 3.119 ,4.821," 7,221 ", 908 , 22.8 ," 385,129 "
27-Nov-2019, -   ,0.008, 0.007 , 0.070 , 0.094 , 0.008 , 0.157 , 0.023 , 2.019 ,3.127," 9,002 "," 1,086 ", 18.7 ," 349,279 "
28-Nov-2019, -   ,0.039, 0.009 , 0.103 , 0.065 , 0.011 , 0.474 , 0.156 , 2.218 ,3.404," 7,748 "," 1,060 ", 21.4 ," 366,602 "
29-Nov-2019, -   ,0.202, 0.009 , 0.098 , 0.062 , 0.011 , 0.250 , 0.109 , 1.987 ,2.692," 7,834 ", 975 , 23.8 ," 389,731 "
30-Nov-2019, 1.00 ,0.838, 0.009 , 0.105 , 0.064 , 0.010 , 0.517 , 0.293 , 2.459 ,3.552," 6,174 ", 925 , 22.4 ," 340,860 "
01-Dec-2019, 1.00 ,1.282, 0.007 , 0.084 , 0.096 , 0.008 , 0.443 , 0.129 , 2.660 ,4.279," 6,833 ", 842 , 18.8 ," 320,846 "
02-Dec-2019, -   ,0.28, 0.005 , 0.065 , 0.096 , 0.006 , 0.047 , 0.039 , 3.547 ,5.007," 7,781 ", 912 , 16.8 ," 343,841 "
03-Dec-2019, -   ,0, 0.006 , 0.070 , 0.096 , 0.007 , 0.005 , 0.004 , 2.018 ,2.53," 8,536 "," 1,054 ", 18.8 ," 348,050 "
04-Dec-2019, -   ,0.003, 0.007 , 0.072 , 0.095 , 0.008 , 0.003 , 0.003 , 1.912 ,2.715," 8,115 "," 1,036 ", 20.7 ," 359,849 "
05-Dec-2019, -   ,0.042, 0.006 , 0.075 , 0.096 , 0.007 , 0.418 , 0.138 , 1.663 ,2.563," 6,655 ", 977 , 22.6 ," 380,098 "
06-Dec-2019, -   ,0.179, 0.008 , 0.080 , 0.090 , 0.010 , 0.417 , 0.291 , 1.537 ,2.214," 5,978 ", 875 , 22.8 ," 380,019 "
07-Dec-2019, 1.00 ,0.018, 0.009 , 0.099 , 0.072 , 0.010 , 0.239 , 0.169 , 2.091 ,3.404," 7,472 ", 979 , 21.3 ," 342,866 "
08-Dec-2019, 1.00 ,0.124, 0.010 , 0.118 , 0.069 , 0.011 , 0.171 , 0.078 , 2.311 ,2.997," 7,013 ", 816 , 21.7 ," 332,498 "
09-Dec-2019, -   ,0.033, 0.011 , 0.120 , 0.066 , 0.012 , 0.280 , 0.227 , 2.269 ,3.41," 6,944 ", 911 , 23.5 ," 394,173 "
10-Dec-2019, -   ,0.085, 0.010 , 0.109 , 0.072 , 0.011 , 0.621 , 0.264 , 2.960 ,3.874," 6,892 ", 896 , 25.7 ," 413,772 "
11-Dec-2019, -   ,0.385, 0.010 , 0.110 , 0.062 , 0.010 , 0.317 , 0.102 , 2.419 ,3.584," 7,936 ", 988 , 22.0 ," 371,928 "
12-Dec-2019, -   ,0.357, 0.009 , 0.108 , 0.061 , 0.009 , 0.507 , 0.288 , 2.357 ,3.542," 7,194 ", 954 , 20.9 ," 366,103 "
13-Dec-2019, -   ,0.312, 0.009 , 0.109 , 0.067 , 0.010 , 0.742 , 0.344 , 1.869 ,2.928," 6,885 ", 835 , 20.1 ," 360,996 "
14-Dec-2019, 1.00 ,0.076, 0.011 , 0.120 , 0.072 , 0.012 , 0.767 , 0.391 , 1.907 ,3.282," 7,604 "," 1,017 ", 22.1 ," 347,742 "
15-Dec-2019, 1.00 ,0.133, 0.009 , 0.110 , 0.069 , 0.010 , 0.904 , 0.442 , 2.195 ,3.713," 6,363 ", 870 , 23.9 ," 354,381 "
16-Dec-2019, -   ,0.013, 0.009 , 0.103 , 0.067 , 0.009 , 0.295 , 0.096 , 2.757 ,4.291," 8,273 "," 1,001 ", 22.3 ," 368,751 "
17-Dec-2019, -   ,0.003, 0.009 , 0.098 , 0.064 , 0.009 , 0.325 , 0.130 , 1.991 ,2.686," 8,358 "," 1,044 ", 21.7 ," 370,671 "
18-Dec-2019, -   ,0.006, 0.009 , 0.095 , 0.072 , 0.010 , 0.321 , 0.222 , 2.120 ,2.904," 7,186 ", 975 , 23.7 ," 385,412 "
19-Dec-2019, -   ,0, 0.009 , 0.101 , 0.068 , 0.010 , 0.515 , 0.311 , 2.253 ,3.797," 6,889 ", 844 , 26.9 ," 422,885 "
20-Dec-2019, -   ,0, 0.010 , 0.119 , 0.066 , 0.011 , 0.292 , 0.182 , 2.224 ,2.847," 7,525 ", 983 , 24.4 ," 392,092 "
21-Dec-2019, 1.00 ,0.017, 0.010 , 0.111 , 0.079 , 0.011 , 0.354 , 0.175 , 3.269 ,4.416," 6,365 ", 840 , 26.5 ," 399,457 "
22-Dec-2019, 1.00 ,0.166, 0.009 , 0.111 , 0.064 , 0.010 , 0.621 , 0.278 , 2.506 ,3.546," 6,367 ", 844 , 21.3 ," 327,592 "
23-Dec-2019, -   ,0.876, 0.011 , 0.132 , 0.068 , 0.013 , 0.504 , 0.140 , 2.019 ,3.03," 6,964 ", 873 , 21.8 ," 349,780 "
24-Dec-2019, -   ,2.248, 0.013 , 0.146 , 0.072 , 0.013 , 0.408 , 0.182 , 2.260 ,2.85," 6,790 ", 808 , 23.4 ," 361,063 "
25-Dec-2019, -   ,0.466, 0.012 , 0.135 , 0.072 , 0.012 , 0.097 , 0.051 , 2.362 ,3.121," 7,924 ", 948 , 23.5 ," 317,629 "
26-Dec-2019, -   ,0.007, 0.011 , 0.124 , 0.084 , 0.012 , 0.022 , 0.006 , 2.381 ,3.366," 8,009 ", 991 , 24.3 ," 333,639 "
27-Dec-2019, -   ,0.023, 0.010 , 0.116 , 0.075 , 0.011 , 0.024 , 0.011 , 2.491 ,3.389," 8,049 ", 960 , 24.4 ," 360,394 "
28-Dec-2019, 1.00 ,0.035, 0.010 , 0.107 , 0.084 , 0.011 , 0.372 , 0.173 , 2.118 ,3.097," 7,060 ", 965 , 25.9 ," 369,325 "
29-Dec-2019, 1.00 ,0.031, 0.011 , 0.119 , 0.084 , 0.012 , 0.636 , 0.321 , 1.544 ,1.905," 5,046 ", 684 , 26.3 ," 371,820 "
30-Dec-2019, -   ,0.003, 0.009 , 0.102 , 0.084 , 0.011 , 0.371 , 0.161 , 2.390 ,3.123," 6,782 ", 833 , 27.2 ," 399,427 "
31-Dec-2019, -   ,0.034, 0.010 , 0.105 , 0.080 , 0.012 , 0.234 , 0.083 , 2.684 ,3.802," 7,275 ", 925 , 28.6 ," 408,179 "
01-Jan-2020, -   ,0.161, 0.010 , 0.123 , 0.080 , 0.011 , 0.101 , 0.040 , 2.455 ,3.499," 7,668 ", 960 , 23.9 ," 339,888 "
02-Jan-2020, -   ,0.205, 0.012 , 0.137 , 0.072 , 0.013 , 0.219 , 0.086 , 1.882 ,2.889," 7,538 ", 898 , 24.4 ," 364,426 "
03-Jan-2020, -   ,0.002, 0.013 , 0.146 , 0.083 , 0.014 , 0.065 , 0.044 , 2.160 ,3.082," 8,267 "," 1,008 ", 27.4 ," 403,667 "
04-Jan-2020, 1.00 ,0.012, 0.010 , 0.112 , 0.077 , 0.011 , 0.174 , 0.040 , 3.055 ,4.759," 7,291 ", 981 , 29.3 ," 449,052 "
05-Jan-2020, 1.00 ,0.196, 0.010 , 0.124 , 0.060 , 0.011 , 0.576 , 0.228 , 3.146 ,4.342," 6,514 ", 967 , 22.7 ," 349,985 "
06-Jan-2020, -   ,4.095, 0.013 , 0.147 , 0.060 , 0.014 , 0.828 , 0.411 , 1.594 ,2.335," 4,914 ", 646 , 22.7 ," 365,738 "
07-Jan-2020, -   ,2.482, 0.014 , 0.162 , 0.060 , 0.015 , 0.347 , 0.152 , 1.635 ,2.44," 6,810 ", 788 , 26.0 ," 395,549 "
08-Jan-2020, -   ,0.422, 0.013 , 0.156 , 0.060 , 0.013 , 0.569 , 0.228 , 2.581 ,3.392," 6,968 ", 899 , 24.3 ," 395,305 "
09-Jan-2020, -   ,0.574, 0.014 , 0.160 , 0.053 , 0.014 , 0.374 , 0.166 , 1.897 ,2.607," 7,299 ", 858 , 24.5 ," 384,000 "
10-Jan-2020, -   ,0.524, 0.012 , 0.138 , 0.060 , 0.013 , 0.815 , 0.357 , 3.303 ,5.055," 7,191 "," 1,005 ", 27.2 ," 436,723 "
11-Jan-2020, 1.00 ,1.035, 0.010 , 0.112 , 0.064 , 0.010 , 0.331 , 0.218 , 2.989 ,3.74," 6,179 ", 703 , 21.1 ," 348,660 "
12-Jan-2020, 1.00 ,0.912, 0.010 , 0.111 , 0.062 , 0.010 , 0.281 , 0.143 , 2.636 ,3.363," 6,722 ", 827 , 20.6 ," 326,036 "
13-Jan-2020, -   ,0.078, 0.011 , 0.121 , 0.065 , 0.012 , 0.296 , 0.135 , 2.009 ,2.84," 7,613 ", 918 , 22.7 ," 355,543 "
14-Jan-2020, -   ,0.374, 0.012 , 0.138 , 0.062 , 0.013 , 0.481 , 0.157 , 1.724 ,2.651," 7,507 ", 946 , 24.0 ," 378,964 "
15-Jan-2020, -   ,5.932, 0.014 , 0.165 , 0.057 , 0.016 , 0.830 , 0.381 , 1.594 ,2.567," 4,990 ", 797 , 24.4 ," 390,357 "
16-Jan-2020, -   ,14.988, 0.014 , 0.163 , 0.060 , 0.015 , 0.871 , 0.427 , 1.816 ,3.64," 3,313 ", 399 , 22.2 ," 391,083 "
17-Jan-2020, -   ,10.464, 0.013 , 0.151 , 0.082 , 0.014 , 0.862 , 0.403 , 3.515 ,4.079," 4,391 ", 681 , 21.1 ," 368,020 "
18-Jan-2020, 1.00 ,6.913, 0.013 , 0.149 , 0.083 , 0.013 , 0.796 , 0.385 , 2.070 ,3.505," 4,389 ", 636 , 21.0 ," 341,375 "
19-Jan-2020, 1.00 ,5.362, 0.014 , 0.157 , 0.049 , 0.014 , 0.414 , 0.185 , 1.689 ,2.268," 6,772 ", 815 , 22.7 ," 337,297 "
20-Jan-2020, -   ,4.138, 0.012 , 0.142 , 0.064 , 0.014 , 0.158 , 0.117 , 1.986 ,2.716," 6,954 ", 875 , 23.3 ," 390,448 "
21-Jan-2020, -   ,0.033, 0.011 , 0.129 , 0.072 , 0.012 , 0.058 , 0.034 , 1.777 ,2.951," 8,572 "," 1,057 ", 24.0 ," 389,147 "
22-Jan-2020, -   ,0.082, 0.012 , 0.135 , 0.060 , 0.014 , 0.389 , 0.128 , 2.651 ,3.57," 8,517 "," 1,037 ", 26.5 ," 426,827 "
23-Jan-2020, -   ,4.626, 0.014 , 0.150 , 0.059 , 0.016 , 0.569 , 0.315 , 2.402 ,3.822," 7,252 "," 1,009 ", 27.3 ," 488,348 "
24-Jan-2020, -   ,2.884, 0.014 , 0.161 , 0.060 , 0.015 , 0.277 , 0.137 , 2.300 ,2.956," 6,914 ", 799 , 23.7 ," 429,207 "
25-Jan-2020, 1.00 ,1.639, 0.015 , 0.171 , 0.083 , 0.016 , 0.282 , 0.143 , 1.525 ,2.327," 7,661 ", 963 , 25.5 ," 396,652 "
26-Jan-2020, 1.00 ,1.443, 0.015 , 0.173 , 0.094 , 0.016 , 0.265 , 0.143 , 1.758 ,2.408," 6,986 ", 867 , 26.4 ," 420,023 "
27-Jan-2020, -   ,0.57, 0.015 , 0.177 , 0.085 , 0.016 , 0.226 , 0.149 , 1.708 ,2.324," 7,603 ", 951 , 25.9 ," 411,117 "
28-Jan-2020, -   ,0.508, 0.014 , 0.165 , 0.074 , 0.015 , 0.809 , 0.424 , 2.206 ,2.735," 6,868 ", 919 , 26.2 ," 462,230 "
29-Jan-2020, -   ,0.091, 0.013 , 0.146 , 0.090 , 0.013 , 0.313 , 0.206 , 1.662 ,2.786," 8,057 ", 991 , 24.9 ," 428,169 "
30-Jan-2020, -   ,0.035, 0.014 , 0.154 , 0.088 , 0.015 , 0.043 , 0.027 , 2.018 ,2.612," 8,129 "," 1,000 ", 26.9 ," 441,216 "
31-Jan-2020, -   ,0.019, 0.014 , 0.166 , 0.091 , 0.016 , 0.034 , 0.007 , 2.406 ,3.008," 8,283 "," 1,019 ", 29.3 ," 490,450 "
01-Feb-2020, 1.00 ,0.042, 0.015 , 0.173 , 0.090 , 0.016 , 0.261 , 0.070 , 2.086 ,2.983," 7,523 "," 1,006 ", 31.1 ," 511,352 "
02-Feb-2020, 1.00 ,8.057, 0.015 , 0.178 , 0.081 , 0.016 , 0.466 , 0.205 , 2.160 ,3.434," 6,207 ", 897 , 26.2 ," 446,363 "
03-Feb-2020, -   ,0.92, 0.009 , 0.111 , 0.079 , 0.012 , 0.175 , 0.045 , 3.448 ,4.427," 7,924 ", 974 , 22.1 ," 415,353 "
04-Feb-2020, -   ,0.404, 0.009 , 0.101 , 0.080 , 0.009 , 0.157 , 0.085 , 2.359 ,3.009," 7,835 ", 998 , 20.6 ," 356,773 "
05-Feb-2020, -   ,1.726, 0.011 , 0.128 , 0.082 , 0.013 , 0.791 , 0.359 , 2.432 ,3.251," 5,763 ", 937 , 22.5 ," 366,671 "
06-Feb-2020, -   ,33.513, 0.013 , 0.149 , 0.103 , 0.013 , 0.799 , 0.406 , 2.904 ,3.451," 3,497 ", 417 , 21.1 ," 375,827 "
07-Feb-2020, -   ,37.161, 0.013 , 0.161 , 0.074 , 0.014 , 0.707 , 0.365 , 3.366 ,4.165," 3,553 ", 430 , 21.1 ," 369,001 "
08-Feb-2020, 1.00 ,69.042, 0.014 , 0.166 , 0.060 , 0.014 , 0.913 , 0.438 , 4.719 ,5.917," 3,040 ", 560 , 21.1 ," 341,617 "
09-Feb-2020, 1.00 ,89.144, 0.015 , 0.177 , 0.064 , 0.016 , 0.888 , 0.442 , 4.308 ,6.265," 2,621 ", 464 , 21.3 ," 339,111 "
10-Feb-2020, -   ,4.961, 0.016 , 0.185 , 0.060 , 0.016 , 0.699 , 0.333 , 1.834 ,2.28," 4,509 ", 564 , 22.7 ," 375,673 "
11-Feb-2020, -   ,5.663, 0.016 , 0.189 , 0.072 , 0.016 , 0.569 , 0.254 , 1.637 ,2.136," 5,732 ", 754 , 22.9 ," 397,658 "
12-Feb-2020, -   ,16.726, 0.016 , 0.191 , 0.076 , 0.016 , 0.844 , 0.413 , 1.994 ,2.437," 4,146 ", 669 , 22.8 ," 395,804 "
13-Feb-2020, -   ,7.202, 0.015 , 0.176 , 0.064 , 0.016 , 0.511 , 0.318 , 2.145 ,2.588," 5,244 ", 735 , 22.2 ," 403,906 "
14-Feb-2020, -   ,0.707, 0.013 , 0.152 , 0.077 , 0.014 , 0.193 , 0.135 , 1.735 ,2.56," 7,503 ", 921 , 21.8 ," 386,962 "
15-Feb-2020, 1.00 ,10.345, 0.014 , 0.171 , 0.072 , 0.015 , 0.233 , 0.105 , 1.755 ,2.114," 6,837 ", 858 , 22.5 ," 358,901 "
16-Feb-2020, 1.00 ,6.117, 0.014 , 0.165 , 0.076 , 0.014 , 0.358 , 0.183 , 1.610 ,2.255," 6,026 ", 895 , 22.0 ," 351,047 "
17-Feb-2020, -   ,11.756, 0.015 , 0.178 , 0.089 , 0.015 , 0.366 , 0.193 , 1.503 ,1.726," 5,410 ", 785 , 22.7 ," 390,901 "
18-Feb-2020, -   ,11.168, 0.015 , 0.168 , 0.096 , 0.017 , 0.398 , 0.192 , 2.174 ,2.892," 6,932 ", 959 , 23.5 ," 418,356 "
19-Feb-2020, -   ,0.291, 0.011 , 0.123 , 0.108 , 0.012 , 0.072 , 0.030 , 2.324 ,2.915," 7,812 "," 1,005 ", 19.8 ," 373,186 "
20-Feb-2020, -   ,0.155, 0.010 , 0.123 , 0.119 , 0.011 , 0.481 , 0.200 , 1.740 ,2.592," 6,606 ", 901 , 19.5 ," 363,422 "
21-Feb-2020, -   ,2.411, 0.011 , 0.132 , 0.120 , 0.012 , 0.421 , 0.260 , 2.120 ,2.545," 5,072 ", 707 , 20.0 ," 367,295 "
22-Feb-2020, 1.00 ,1.503, 0.012 , 0.137 , 0.128 , 0.012 , 0.519 , 0.261 , 2.209 ,2.521," 6,453 ", 883 , 20.6 ," 340,304 "
23-Feb-2020, 1.00 ,1.229, 0.012 , 0.144 , 0.105 , 0.013 , 0.785 , 0.358 , 1.849 ,2.536," 5,594 ", 743 , 20.9 ," 340,323 "
24-Feb-2020, -   ,2.278, 0.013 , 0.156 , 0.073 , 0.014 , 0.156 , 0.084 , 1.726 ,2.256," 7,052 ", 910 , 22.0 ," 384,286 "
25-Feb-2020, -   ,0.681, 0.014 , 0.171 , 0.071 , 0.015 , 0.250 , 0.172 , 2.061 ,2.373," 6,884 ", 930 , 23.1 ," 403,095 "
26-Feb-2020, -   ,4.151, 0.013 , 0.157 , 0.079 , 0.016 , 0.345 , 0.207 , 2.221 ,3.684," 5,643 ", 746 , 21.3 ," 405,309 "
27-Feb-2020, -   ,0.372, 0.011 , 0.122 , 0.098 , 0.012 , 0.107 , 0.074 , 1.857 ,2.606," 7,011 ", 871 , 19.6 ," 375,721 "
28-Feb-2020, -   ,0.273, 0.011 , 0.130 , 0.102 , 0.011 , 0.453 , 0.239 , 2.138 ,3.049," 7,238 ", 961 , 20.2 ," 362,560 "
29-Feb-2020, 1.00 ,0.031, 0.013 , 0.147 , 0.075 , 0.014 , 0.584 , 0.231 , 1.762 ,2.243," 7,263 ", 959 , 21.7 ," 345,951 "
01-Mar-2020, 1.00 ,0.019, 0.014 , 0.159 , 0.082 , 0.016 , 0.661 , 0.359 , 1.979 ,2.499," 7,194 ", 939 , 23.5 ," 359,269 "
02-Mar-2020, -   ,0.252, 0.013 , 0.158 , 0.084 , 0.015 , 0.925 , 0.455 , 2.281 ,3.193," 6,220 ", 944 , 22.6 ," 413,838 "
03-Mar-2020, -   ,11.485, 0.013 , 0.152 , 0.090 , 0.014 , 0.959 , 0.479 , 2.113 ,3.195," 3,194 ", 463 , 20.1 ," 381,678 "
04-Mar-2020, -   ,16.031, 0.014 , 0.171 , 0.092 , 0.015 , 0.955 , 0.481 , 2.831 ,3.386," 2,705 ", 465 , 21.1 ," 382,755 "
05-Mar-2020, -   ,40.479, 0.015 , 0.181 , 0.094 , 0.016 , 0.499 , 0.304 , 2.839 ,3.924," 3,225 ", 656 , 21.1 ," 388,504 "
06-Mar-2020, -   ,3.353, 0.013 , 0.162 , 0.092 , 0.015 , 0.242 , 0.106 , 2.748 ,3.137," 6,195 ", 887 , 20.6 ," 378,492 "
07-Mar-2020, 1.00 ,5.687, 0.011 , 0.139 , 0.108 , 0.012 , 0.480 , 0.209 , 2.730 ,3.242," 5,956 ", 824 , 18.9 ," 332,434 "
08-Mar-2020, 1.00 ,3.251, 0.011 , 0.131 , 0.108 , 0.011 , 0.417 , 0.203 , 2.073 ,2.476," 5,228 ", 748 , 18.2 ," 319,559 "
09-Mar-2020, -   ,3.63, 0.010 , 0.127 , 0.112 , 0.011 , 0.499 , 0.285 , 2.185 ,2.98," 4,858 ", 672 , 17.9 ," 349,656 "
10-Mar-2020, -   ,0.717, 0.010 , 0.120 , 0.119 , 0.010 , 0.243 , 0.156 , 1.754 ,1.933," 5,925 ", 730 , 18.7 ," 354,750 "
11-Mar-2020, -   ,0.464, 0.010 , 0.123 , 0.082 , 0.011 , 0.182 , 0.080 , 1.951 ,2.335," 6,541 ", 910 , 19.2 ," 356,092 "
12-Mar-2020, -   ,0.576, 0.010 , 0.118 , 0.083 , 0.010 , 0.119 , 0.057 , 1.863 ,2.405," 6,460 ", 826 , 18.8 ," 359,716 "
13-Mar-2020, -   ,5.011, 0.011 , 0.121 , 0.092 , 0.012 , 0.201 , 0.120 , 2.424 ,4.456," 6,029 ", 901 , 18.9 ," 352,001 "
14-Mar-2020, 1.00 ,15.383, 0.009 , 0.107 , 0.096 , 0.009 , 0.417 , 0.239 , 3.559 ,4.268," 4,053 ", 638 , 15.9 ," 334,666 "
15-Mar-2020, 1.00 ,5.852, 0.010 , 0.119 , 0.085 , 0.011 , 0.386 , 0.192 , 2.958 ,3.645," 4,982 ", 724 , 17.1 ," 318,755 "
16-Mar-2020, -   ,8.877, 0.010 , 0.120 , 0.084 , 0.010 , 0.251 , 0.125 , 2.570 ,3.522," 5,535 ", 725 , 17.6 ," 352,051 "
17-Mar-2020, -   ,0.58, 0.010 , 0.118 , 0.099 , 0.010 , 0.231 , 0.072 , 1.633 ,1.869," 6,151 ", 818 , 18.0 ," 354,598 "
18-Mar-2020, -   ,0.049, 0.011 , 0.123 , 0.121 , 0.012 , 0.375 , 0.132 , 1.729 ,2.099," 6,507 ", 889 , 19.5 ," 349,965 "
19-Mar-2020, -   ,0.011, 0.012 , 0.144 , 0.120 , 0.014 , 0.520 , 0.118 , 1.535 ,2.157," 6,391 ", 864 , 21.9 ," 369,429 "
20-Mar-2020, -   ,0.05, 0.012 , 0.148 , 0.095 , 0.014 , 0.059 , 0.050 , 1.871 ,2.227," 6,439 ", 879 , 20.9 ," 383,524 "
21-Mar-2020, 1.00 ,0.169, 0.011 , 0.133 , 0.064 , 0.012 , 0.392 , 0.160 , 1.692 ,2.269," 5,864 ", 838 , 19.6 ," 336,329 "
22-Mar-2020, 1.00 ,0.507, 0.011 , 0.128 , 0.065 , 0.012 , 0.546 , 0.240 , 2.658 ,3.332," 6,011 ", 862 , 19.8 ," 325,764 "
23-Mar-2020, -   ,1.126, 0.010 , 0.123 , 0.075 , 0.011 , 0.515 , 0.227 , 2.187 ,3.057," 4,785 ", 701 , 18.2 ," 348,273 "
24-Mar-2020, -   ,1.244, 0.011 , 0.135 , 0.074 , 0.012 , 0.814 , 0.391 , 1.867 ,2.119," 3,752 ", 611 , 18.8 ," 353,587 "
25-Mar-2020, -   ,26.661, 0.011 , 0.136 , 0.095 , 0.013 , 0.773 , 0.370 , 2.506 ,3.176," 2,876 ", 419 , 18.6 ," 351,551 "
26-Mar-2020, -   ,5.822, 0.010 , 0.120 , 0.106 , 0.011 , 0.289 , 0.188 , 2.512 ,3.267," 4,375 ", 600 , 17.8 ," 349,920 "
27-Mar-2020, -   ,0.77, 0.010 , 0.120 , 0.107 , 0.010 , 0.491 , 0.220 , 2.093 ,2.684," 5,411 ", 781 , 18.1 ," 340,264 "
28-Mar-2020, 1.00 ,8.03, 0.012 , 0.134 , 0.103 , 0.013 , 0.707 , 0.311 , 2.113 ,2.701," 4,749 ", 726 , 18.9 ," 319,260 "
29-Mar-2020, 1.00 ,7.456, 0.013 , 0.153 , 0.104 , 0.013 , 0.677 , 0.314 , 2.158 ,2.842," 4,184 ", 727 , 20.1 ," 315,951 "
30-Mar-2020, -   ,2.379, 0.012 , 0.149 , 0.060 , 0.014 , 0.359 , 0.257 , 1.594 ,2.169," 3,338 ", 635 , 19.2 ," 347,277 "
31-Mar-2020, -   ,0.496, 0.012 , 0.142 , 0.079 , 0.013 , 0.075 , 0.023 , 1.580 ,1.99," 5,797 ", 826 , 19.7 ," 344,933 "
01-Apr-2020, -   ,3.576, 0.013 , 0.153 , 0.104 , 0.014 , 0.537 , 0.191 , 2.382 ,3.161," 5,218 ", 789 , 20.5 ," 350,156 "
02-Apr-2020, -   ,10.15, 0.013 , 0.156 , 0.107 , 0.014 , 0.694 , 0.433 , 2.139 ,3.088," 3,194 ", 481 , 19.1 ," 354,116 "
03-Apr-2020, -   ,22.1, 0.013 , 0.156 , 0.119 , 0.014 , 0.826 , 0.391 , 2.849 ,3.786," 2,801 ", 558 , 19.3 ," 350,817 "
04-Apr-2020, 1.00 ,0.766, 0.008 , 0.104 , 0.126 , 0.012 , 0.073 , 0.041 , 2.933 ,4.587," 5,548 ", 778 , 16.0 ," 316,928 "
05-Apr-2020, 1.00 ,0.139, 0.008 , 0.096 , 0.127 , 0.009 , 0.085 , 0.035 , 2.224 ,2.795," 5,622 ", 806 , 15.6 ," 299,266 "
06-Apr-2020, -   ,0.075, 0.009 , 0.109 , 0.130 , 0.010 , 0.265 , 0.092 , 2.208 ,2.476," 5,143 ", 788 , 16.5 ," 332,988 "
07-Apr-2020, -   ,0.441, 0.009 , 0.108 , 0.152 , 0.009 , 0.700 , 0.347 , 1.638 ,2.358," 4,112 ", 689 , 16.6 ," 343,772 "
08-Apr-2020, -   ,0.864, 0.010 , 0.117 , 0.105 , 0.011 , 0.896 , 0.459 , 1.959 ,2.168," 2,490 ", 375 , 16.6 ," 346,952 "
09-Apr-2020, -   ,2.611, 0.011 , 0.131 , 0.083 , 0.012 , 0.900 , 0.443 , 1.908 ,2.651," 2,780 ", 499 , 17.4 ," 344,058 "
10-Apr-2020, -   ,5.301, 0.011 , 0.129 , 0.078 , 0.012 , 0.304 , 0.216 , 2.522 ,3.409," 3,191 ", 575 , 16.3 ," 324,974 "
11-Apr-2020, 1.00 ,0.119, 0.007 , 0.091 , 0.080 , 0.009 , 0.066 , 0.040 , 3.627 ,4.699," 5,251 ", 749 , 14.7 ," 304,427 "
12-Apr-2020, 1.00 ,0.005, 0.007 , 0.081 , 0.080 , 0.008 , 0.309 , 0.167 , 1.405 ,2.572," 5,229 ", 785 , 14.0 ," 301,241 "
13-Apr-2020, -   ,0, 0.009 , 0.097 , 0.064 , 0.009 , 0.382 , 0.247 , 1.256 ,1.586," 3,895 ", 570 , 15.7 ," 309,490 "
14-Apr-2020, -   ,0.007, 0.010 , 0.115 , 0.074 , 0.011 , 0.135 , 0.081 , 1.341 ,1.536," 5,116 ", 753 , 17.8 ," 332,675 "
15-Apr-2020, -   ,0.004, 0.011 , 0.132 , 0.095 , 0.013 , 0.682 , 0.357 , 1.669 ,2.345," 4,652 ", 725 , 19.4 ," 338,626 "
16-Apr-2020, -   ,0.025, 0.011 , 0.133 , 0.087 , 0.013 , 0.362 , 0.311 , 2.168 ,2.863," 3,995 ", 555 , 19.2 ," 342,124 "
17-Apr-2020, -   ,0, 0.008 , 0.100 , 0.075 , 0.010 , 0.345 , 0.114 , 2.267 ,2.903," 5,012 ", 743 , 16.2 ," 332,111 "
18-Apr-2020, 1.00 ,0.034, 0.008 , 0.097 , 0.063 , 0.009 , 0.374 , 0.159 , 1.492 ,2.279," 4,513 ", 717 , 15.7 ," 313,395 "
19-Apr-2020, 1.00 ,0.119, 0.009 , 0.106 , 0.088 , 0.009 , 0.612 , 0.288 , 1.431 ,1.968," 3,382 ", 527 , 15.5 ," 311,083 "
20-Apr-2020, -   ,0, 0.009 , 0.103 , 0.084 , 0.009 , 0.846 , 0.423 , 1.703 ,2.136," 3,721 ", 570 , 16.0 ," 342,521 "
21-Apr-2020, -   ,0, 0.009 , 0.108 , 0.106 , 0.010 , 0.411 , 0.253 , 1.742 ,2.62," 4,395 ", 658 , 17.1 ," 338,707 "
22-Apr-2020, -   ,0.005, 0.009 , 0.101 , 0.096 , 0.010 , 0.083 , 0.051 , 1.642 ,2.662," 4,806 ", 719 , 16.3 ," 335,609 "
23-Apr-2020, -   ,0.049, 0.009 , 0.102 , 0.089 , 0.009 , 0.487 , 0.070 , 1.678 ,2.086," 4,624 ", 709 , 17.2 ," 338,395 "
24-Apr-2020, -   ,0, 0.009 , 0.115 , 0.110 , 0.011 , 0.049 , 0.036 , 1.379 ,2.174," 4,653 ", 691 , 17.4 ," 336,427 "
25-Apr-2020, 1.00 ,0.014, 0.010 , 0.113 , 0.126 , 0.011 , 0.538 , 0.324 , 1.963 ,2.704," 4,563 ", 699 , 17.7 ," 310,926 "
26-Apr-2020, 1.00 ,0.701, 0.010 , 0.115 , 0.124 , 0.010 , 0.768 , 0.416 , 1.948 ,2.855," 3,083 ", 593 , 16.9 ," 312,997 "
27-Apr-2020, -   ,0.929, 0.010 , 0.123 , 0.129 , 0.011 , 0.338 , 0.198 , 1.891 ,2.73," 3,473 ", 529 , 17.3 ," 343,224 "
28-Apr-2020, -   ,0.887, 0.012 , 0.138 , 0.130 , 0.012 , 0.518 , 0.190 , 2.488 ,3.124," 3,505 ", 545 , 18.7 ," 345,588 "
29-Apr-2020, -   ,6, 0.012 , 0.147 , 0.135 , 0.013 , 0.567 , 0.310 , 2.803 ,3.269," 3,149 ", 501 , 19.0 ," 348,859 "
30-Apr-2020, -   ,11.257, 0.008 , 0.098 , 0.147 , 0.011 , 0.383 , 0.244 , 3.262 ,3.84," 2,623 ", 457 , 12.0 ," 371,411 "
01-May-2020, -   ,0.821, 0.006 , 0.072 , 0.073 , 0.006 , 0.269 , 0.137 , 3.870 ,4.413," 4,071 ", 608 , 11.4 ," 371,235 "
02-May-2020, 1.00 ,0.248, 0.006 , 0.072 , 0.087 , 0.006 , 0.098 , 0.037 , 3.793 ,4.615," 4,271 ", 657 , 11.7 ," 345,934 "
03-May-2020, 1.00 ,0.016, 0.006 , 0.075 , 0.115 , 0.007 , 0.065 , 0.038 , 2.382 ,3.585," 4,264 ", 658 , 11.8 ," 334,799 "
04-May-2020, -   ,0.189, 0.008 , 0.089 , 0.125 , 0.008 , 0.229 , 0.111 , 2.255 ,2.537," 4,039 ", 643 , 13.1 ," 368,317 "
05-May-2020, -   ,0.428, 0.008 , 0.097 , 0.114 , 0.009 , 0.183 , 0.119 , 1.683 ,2.459," 3,718 ", 593 , 13.9 ," 368,280 "
06-May-2020, -   ,0.011, 0.008 , 0.097 , 0.099 , 0.009 , 0.578 , 0.260 , 1.644 ,2.007," 3,735 ", 636 , 14.9 ," 361,818 "
07-May-2020, -   ,0.002, 0.009 , 0.106 , 0.072 , 0.009 , 0.377 , 0.277 , 2.125 ,2.462," 3,062 ", 455 , 15.6 ," 362,492 "
08-May-2020, -   ,0.103, 0.009 , 0.113 , 0.068 , 0.011 , 0.079 , 0.036 , 2.087 ,2.743," 3,986 ", 631 , 16.9 ," 344,574 "
09-May-2020, 1.00 ,0.863, 0.008 , 0.098 , 0.082 , 0.010 , 0.159 , 0.100 , 2.856 ,3.353," 3,558 ", 573 , 14.5 ," 329,483 "
10-May-2020, 1.00 ,0.026, 0.005 , 0.063 , 0.084 , 0.006 , 0.110 , 0.032 , 2.350 ,3.247," 4,151 ", 650 , 10.6 ," 331,539 "
11-May-2020, -   ,0.018, 0.006 , 0.073 , 0.073 , 0.007 , 0.107 , 0.069 , 1.710 ,2.594," 4,017 ", 631 , 12.0 ," 381,089 "
12-May-2020, -   ,0.013, 0.007 , 0.082 , 0.106 , 0.007 , 0.610 , 0.285 , 1.637 ,1.863," 3,502 ", 602 , 13.0 ," 388,105 "
13-May-2020, -   ,1.285, 0.007 , 0.083 , 0.117 , 0.008 , 0.470 , 0.333 , 1.980 ,2.826," 2,348 ", 424 , 13.0 ," 394,338 "
14-May-2020, -   ,1.085, 0.007 , 0.091 , 0.127 , 0.008 , 0.280 , 0.168 , 2.565 ,2.929," 2,702 ", 404 , 12.5 ," 399,014 "
15-May-2020, -   ,1.714, 0.008 , 0.089 , 0.139 , 0.008 , 0.360 , 0.172 , 2.143 ,2.907," 3,302 ", 577 , 13.3 ," 395,836 "
16-May-2020, 1.00 ,0.282, 0.008 , 0.095 , 0.126 , 0.008 , 0.481 , 0.218 , 1.533 ,1.858," 2,661 ", 409 , 14.2 ," 364,425 "
17-May-2020, 1.00 ,1.352, 0.008 , 0.091 , 0.119 , 0.009 , 0.343 , 0.181 , 1.667 ,2.053," 3,116 ", 533 , 14.6 ," 352,528 "
18-May-2020, -   ,0.57, 0.009 , 0.100 , 0.108 , 0.009 , 0.373 , 0.178 , 1.848 ,2.223," 3,131 ", 527 , 14.8 ," 387,703 "
19-May-2020, -   ,0.208, 0.009 , 0.102 , 0.118 , 0.009 , 0.658 , 0.207 , 1.923 ,2.899," 3,414 ", 568 , 15.3 ," 375,589 "
20-May-2020, -   ,2.203, 0.009 , 0.112 , 0.136 , 0.010 , 0.619 , 0.245 , 1.973 ,3.159," 2,816 ", 532 , 15.5 ," 368,144 "
21-May-2020, -   ,16.53, 0.008 , 0.090 , 0.110 , 0.009 , 0.579 , 0.320 , 3.030 ,4.685," 1,632 ", 259 , 11.1 ," 392,310 "
22-May-2020, -   ,1.707, 0.007 , 0.084 , 0.108 , 0.007 , 0.629 , 0.326 , 3.788 ,4.682," 2,114 ", 340 , 10.7 ," 415,462 "
23-May-2020, 1.00 ,1.737, 0.007 , 0.089 , 0.106 , 0.008 , 0.573 , 0.268 , 3.544 ,4.287," 2,100 ", 362 , 11.6 ," 385,745 "
24-May-2020, 1.00 ,0.621, 0.008 , 0.096 , 0.111 , 0.008 , 0.442 , 0.231 , 4.035 ,4.719," 2,255 ", 396 , 12.7 ," 368,028 "
25-May-2020, -   ,6.537, 0.009 , 0.108 , 0.118 , 0.010 , 0.563 , 0.263 , 3.518 ,4.347," 1,807 ", 309 , 13.4 ," 411,570 "
26-May-2020, -   ,0.91, 0.009 , 0.104 , 0.127 , 0.010 , 0.511 , 0.220 , 2.286 ,3.303," 2,567 ", 463 , 14.1 ," 402,827 "
27-May-2020, -   ,0.058, 0.008 , 0.093 , 0.122 , 0.008 , 0.339 , 0.217 , 1.279 ,1.877," 2,676 ", 447 , 13.6 ," 391,485 "
28-May-2020, -   ,0.223, 0.008 , 0.097 , 0.108 , 0.009 , 0.135 , 0.064 , 1.772 ,2.003," 3,308 ", 554 , 13.9 ," 387,532 "
29-May-2020, -   ,0.545, 0.008 , 0.097 , 0.130 , 0.009 , 0.127 , 0.068 , 1.489 ,2.036," 3,078 ", 498 , 13.5 ," 400,136 "
30-May-2020, 1.00 ,0.103, 0.008 , 0.097 , 0.155 , 0.009 , 0.291 , 0.204 , 2.083 ,2.436," 2,964 ", 542 , 14.0 ," 363,861 "
31-May-2020, 1.00 ,0.044, 0.008 , 0.097 , 0.147 , 0.009 , 0.534 , 0.200 , 2.297 ,2.876," 2,893 ", 472 , 14.4 ," 350,264 "
01-Jun-2020, -   ,0.516, 0.007 , 0.083 , 0.137 , 0.008 , 0.299 , 0.182 , 3.176 ,3.574," 2,878 ", 509 , 11.5 ," 381,336 "
02-Jun-2020, -   ,0.126, 0.006 , 0.074 , 0.134 , 0.007 , 0.148 , 0.092 , 3.370 ,4.329," 2,643 ", 403 , 9.9 ," 430,252 "
03-Jun-2020, -   ,0.001, 0.006 , 0.072 , 0.128 , 0.006 , 0.144 , 0.079 , 3.268 ,3.77," 3,206 ", 548 , 10.9 ," 412,571 "
04-Jun-2020, -   ,0.013, 0.006 , 0.073 , 0.124 , 0.007 , 0.324 , 0.151 , 2.006 ,3.013," 2,690 ", 440 , 10.6 ," 423,958 "
05-Jun-2020, -   ,0.01, 0.006 , 0.072 , 0.139 , 0.006 , 0.058 , 0.033 , 1.375 ,1.817," 3,325 ", 540 , 11.0 ," 421,000 "
06-Jun-2020, 1.00 ,0.006, 0.006 , 0.073 , 0.123 , 0.007 , 0.478 , 0.198 , 1.008 ,1.358," 3,140 ", 539 , 11.7 ," 394,284 "
07-Jun-2020, 1.00 ,2.935, 0.008 , 0.088 , 0.133 , 0.008 , 0.749 , 0.395 , 1.950 ,3.154," 2,350 ", 434 , 11.8 ," 394,905 "
08-Jun-2020, -   ,1.363, 0.008 , 0.091 , 0.128 , 0.008 , 0.425 , 0.281 , 2.453 ,3.257," 2,048 ", 333 , 11.7 ," 380,658 "
09-Jun-2020, -   ,1.987, 0.009 , 0.104 , 0.150 , 0.010 , 0.713 , 0.303 , 1.796 ,2.158," 2,160 ", 393 , 14.1 ," 415,314 "
10-Jun-2020, -   ,2.833, 0.010 , 0.115 , 0.164 , 0.010 , 0.629 , 0.304 , 1.598 ,2.215," 1,871 ", 329 , 14.2 ," 416,481 "
11-Jun-2020, -   ,0.165, 0.009 , 0.104 , 0.124 , 0.009 , 0.443 , 0.219 , 1.946 ,2.236," 2,934 ", 503 , 13.8 ," 399,017 "
12-Jun-2020, -   ,0.413, 0.009 , 0.105 , 0.121 , 0.009 , 0.764 , 0.361 , 1.434 ,1.961," 2,520 ", 432 , 14.0 ," 413,070 "
13-Jun-2020, 1.00 ,2.021, 0.010 , 0.112 , 0.153 , 0.010 , 0.902 , 0.419 , 2.090 ,2.808," 2,251 ", 459 , 15.2 ," 371,536 "
14-Jun-2020, 1.00 ,0.872, 0.006 , 0.082 , 0.173 , 0.009 , 0.115 , 0.060 , 2.303 ,3.253," 3,016 ", 501 , 11.6 ," 355,661 "
15-Jun-2020, -   ,0.132, 0.007 , 0.084 , 0.156 , 0.008 , 0.176 , 0.081 , 1.873 ,2.125," 3,079 ", 509 , 12.5 ," 396,668 "
16-Jun-2020, -   ,0.062, 0.007 , 0.085 , 0.165 , 0.008 , 0.203 , 0.067 , 2.029 ,2.353," 3,097 ", 518 , 13.0 ," 396,152 "
17-Jun-2020, -   ,1.348, 0.007 , 0.091 , 0.147 , 0.008 , 0.547 , 0.281 , 2.314 ,2.91," 2,239 ", 445 , 13.0 ," 423,104 "
18-Jun-2020, -   ,0.133, 0.007 , 0.083 , 0.117 , 0.007 , 0.283 , 0.165 , 1.687 ,1.825," 2,505 ", 405 , 12.5 ," 407,013 "
19-Jun-2020, -   ,0.146, 0.008 , 0.086 , 0.119 , 0.008 , 0.137 , 0.064 , 1.726 ,1.871," 3,003 ", 498 , 12.8 ," 407,228 "
20-Jun-2020, 1.00 ,3.652, 0.008 , 0.091 , 0.129 , 0.008 , 0.327 , 0.162 , 1.979 ,2.159," 2,820 ", 507 , 13.4 ," 377,645 "
21-Jun-2020, 1.00 ,1.787, 0.007 , 0.086 , 0.147 , 0.008 , 0.398 , 0.217 , 1.815 ,2.315," 2,233 ", 405 , 11.1 ," 379,272 "
22-Jun-2020, -   ,0.586, 0.006 , 0.072 , 0.169 , 0.006 , 0.314 , 0.132 , 2.420 ,2.898," 2,646 ", 446 , 9.5 ," 429,173 "
23-Jun-2020, -   ,0.144, 0.006 , 0.072 , 0.176 , 0.006 , 0.190 , 0.067 , 2.695 ,3.213," 2,978 ", 502 , 9.8 ," 442,233 "
24-Jun-2020, -   ,0.24, 0.007 , 0.084 , 0.162 , 0.007 , 0.218 , 0.097 , 2.467 ,3.361," 2,826 ", 483 , 11.3 ," 436,668 "
25-Jun-2020, -   ,0.053, 0.007 , 0.079 , 0.162 , 0.007 , 0.096 , 0.042 , 2.154 ,2.736," 3,112 ", 512 , 10.7 ," 424,801 "
26-Jun-2020, -   ,0.064, 0.007 , 0.077 , 0.160 , 0.007 , 0.210 , 0.108 , 1.979 ,2.206," 3,028 ", 527 , 11.0 ," 427,746 "
27-Jun-2020, 1.00 ,0.393, 0.007 , 0.084 , 0.167 , 0.007 , 0.293 , 0.164 , 1.933 ,2.182," 2,471 ", 406 , 10.9 ," 409,995 "
28-Jun-2020, 1.00 ,0.789, 0.007 , 0.084 , 0.143 , 0.007 , 0.306 , 0.123 , 1.593 ,2.042," 2,798 ", 489 , 11.2 ," 399,049 "
29-Jun-2020, -   ,0.509, 0.007 , 0.084 , 0.143 , 0.007 , 0.216 , 0.124 , 1.365 ,1.532," 2,643 ", 425 , 11.7 ," 430,407 "
30-Jun-2020, -   ,0.008, 0.007 , 0.081 , 0.154 , 0.007 , 0.103 , 0.064 , 1.681 ,1.863," 3,059 ", 506 , 11.5 ," 429,541 "
01-Jul-2020, -   ,0.02, 0.007 , 0.085 , 0.180 , 0.008 , 0.100 , 0.074 , 2.102 ,2.788," 3,159 ", 527 , 13.1 ," 413,899 "
02-Jul-2020, -   ,0.035, 0.007 , 0.087 , 0.166 , 0.008 , 0.200 , 0.163 , 2.110 ,2.919," 3,003 ", 481 , 13.1 ," 396,560 "
03-Jul-2020, -   ,0.633, 0.006 , 0.072 , 0.184 , 0.006 , 0.312 , 0.132 , 2.417 ,3.678," 3,053 ", 535 , 10.6 ," 401,989 "
04-Jul-2020, 1.00 ,0.027, 0.005 , 0.065 , 0.188 , 0.006 , 0.101 , 0.050 , 3.010 ,3.772," 3,087 ", 510 , 9.3 ," 399,110 "
05-Jul-2020, 1.00 ,0.013, 0.006 , 0.072 , 0.187 , 0.006 , 0.101 , 0.044 , 2.148 ,3.083," 3,189 ", 522 , 10.1 ," 391,142 "
06-Jul-2020, -   ,0.017, 0.006 , 0.072 , 0.176 , 0.007 , 0.056 , 0.033 , 1.869 ,2.172," 3,250 ", 533 , 10.5 ," 429,753 "
07-Jul-2020, -   ,1.066, 0.007 , 0.081 , 0.155 , 0.008 , 0.315 , 0.133 , 1.912 ,2.272," 2,840 ", 491 , 11.6 ," 436,239 "
08-Jul-2020, -   ,0.327, 0.007 , 0.081 , 0.170 , 0.007 , 0.176 , 0.104 , 1.312 ,1.555," 2,824 ", 468 , 11.3 ," 435,960 "
09-Jul-2020, -   ,0.106, 0.008 , 0.089 , 0.181 , 0.008 , 0.785 , 0.301 , 1.395 ,1.703," 2,853 ", 531 , 12.8 ," 429,996 "
10-Jul-2020, -   ,4.734, 0.008 , 0.097 , 0.189 , 0.009 , 0.753 , 0.320 , 1.160 ,1.423," 2,059 ", 351 , 13.0 ," 428,738 "
11-Jul-2020, 1.00 ,1.372, 0.008 , 0.095 , 0.185 , 0.009 , 0.636 , 0.280 , 1.387 ,1.858," 2,171 ", 333 , 11.9 ," 404,782 "
12-Jul-2020, 1.00 ,4.276, 0.007 , 0.084 , 0.110 , 0.007 , 0.495 , 0.234 , 1.228 ,1.591," 2,529 ", 474 , 11.3 ," 393,279 "
13-Jul-2020, -   ,2.455, 0.007 , 0.089 , 0.104 , 0.008 , 0.646 , 0.313 , 2.876 ,5.44," 1,994 ", 355 , 10.7 ," 421,684 "
14-Jul-2020, -   ,1.28, 0.007 , 0.084 , 0.131 , 0.008 , 0.635 , 0.328 , 4.451 ,5.703," 1,850 ", 316 , 11.6 ," 444,173 "
15-Jul-2020, -   ,0.114, 0.007 , 0.080 , 0.151 , 0.007 , 0.556 , 0.304 , 3.548 ,4.341," 1,806 ", 317 , 10.5 ," 436,732 "
16-Jul-2020, -   ,0.219, 0.007 , 0.084 , 0.158 , 0.007 , 0.504 , 0.321 , 3.310 ,3.658," 1,496 ", 221 , 10.3 ," 435,455 "
17-Jul-2020, -   ,0.328, 0.007 , 0.088 , 0.168 , 0.008 , 0.550 , 0.283 , 2.274 ,3.405," 2,010 ", 307 , 11.5 ," 432,363 "
18-Jul-2020, 1.00 ,0.012, 0.007 , 0.076 , 0.171 , 0.007 , 0.706 , 0.266 , 1.459 ,1.819," 2,921 ", 456 , 11.1 ," 392,802 "
19-Jul-2020, 1.00 ,0.048, 0.006 , 0.074 , 0.188 , 0.007 , 0.167 , 0.070 , 2.359 ,3.425," 3,524 ", 569 , 12.2 ," 373,466 "
20-Jul-2020, -   ,0, 0.005 , 0.065 , 0.189 , 0.006 , 0.092 , 0.045 , 2.544 ,3.362," 3,643 ", 587 , 9.8 ," 407,404 "
21-Jul-2020, -   ,0.031, 0.006 , 0.072 , 0.188 , 0.006 , 0.469 , 0.145 , 1.843 ,2.702," 3,425 ", 561 , 10.6 ," 436,683 "
22-Jul-2020, -   ,0.054, 0.006 , 0.072 , 0.184 , 0.007 , 0.485 , 0.232 , 1.180 ,1.53," 3,207 ", 512 , 11.0 ," 436,782 "
23-Jul-2020, -   ,0.612, 0.007 , 0.078 , 0.172 , 0.007 , 0.142 , 0.079 , 1.203 ,1.635," 3,416 ", 559 , 11.3 ," 433,838 "
24-Jul-2020, -   ,0.541, 0.008 , 0.089 , 0.149 , 0.008 , 0.326 , 0.166 , 1.665 ,1.869," 3,398 ", 563 , 12.4 ," 425,691 "
25-Jul-2020, 1.00 ,8.393, 0.009 , 0.104 , 0.165 , 0.010 , 0.621 , 0.344 , 2.087 ,2.31," 2,266 ", 477 , 13.8 ," 407,676 "
26-Jul-2020, 1.00 ,56.312, 0.010 , 0.115 , 0.163 , 0.010 , 0.772 , 0.385 , 3.148 ,4.492," 1,442 ", 235 , 13.3 ," 407,460 "
27-Jul-2020, -   ,17.003, 0.009 , 0.111 , 0.180 , 0.010 , 0.806 , 0.358 , 3.649 ,4.186," 1,690 ", 283 , 12.0 ," 431,745 "
28-Jul-2020, -   ,1.366, 0.008 , 0.099 , 0.191 , 0.009 , 0.232 , 0.139 , 2.491 ,3.734," 2,617 ", 402 , 11.8 ," 417,991 "
29-Jul-2020, -   ,0.052, 0.008 , 0.091 , 0.129 , 0.008 , 0.171 , 0.081 , 2.045 ,2.596," 3,632 ", 589 , 12.0 ," 402,246 "
30-Jul-2020, -   ,0.028, 0.007 , 0.079 , 0.120 , 0.007 , 0.192 , 0.100 , 2.672 ,2.971," 3,682 ", 591 , 11.3 ," 411,551 "
31-Jul-2020, -   ,0.036, 0.006 , 0.072 , 0.140 , 0.006 , 0.147 , 0.062 , 1.415 ,2.058," 3,684 ", 570 , 10.8 ," 413,732 "
01-Aug-2020, 1.00 ,0.007, 0.006 , 0.074 , 0.144 , 0.007 , 0.151 , 0.104 , 1.556 ,1.741," 3,926 ", 611 , 10.9 ," 387,241 "
02-Aug-2020, 1.00 ,0.01, 0.006 , 0.073 , 0.148 , 0.007 , 0.607 , 0.306 , 1.294 ,1.697," 3,498 ", 581 , 11.6 ," 381,432 "
03-Aug-2020, -   ,0.001, 0.006 , 0.074 , 0.164 , 0.007 , 0.700 , 0.297 , 1.747 ,2.477," 3,700 ", 602 , 12.0 ," 411,280 "
04-Aug-2020, -   ,0.022, 0.006 , 0.073 , 0.174 , 0.007 , 0.114 , 0.078 , 2.522 ,3.243," 3,919 ", 594 , 9.8 ," 402,117 "
05-Aug-2020, -   ,0.005, 0.005 , 0.059 , 0.152 , 0.005 , 0.041 , 0.022 , 2.627 ,3.402," 4,179 ", 633 , 8.3 ," 424,608 "
06-Aug-2020, -   ,0.092, 0.005 , 0.064 , 0.136 , 0.007 , 0.675 , 0.237 , 2.005 ,2.472," 3,611 ", 658 , 10.2 ," 439,711 "
07-Aug-2020, -   ,20.61, 0.008 , 0.096 , 0.129 , 0.009 , 0.764 , 0.412 , 2.273 ,3," 1,204 ", 203 , 11.3 ," 469,385 "
08-Aug-2020, 1.00 ,7.677, 0.007 , 0.089 , 0.149 , 0.009 , 0.440 , 0.241 , 1.948 ,2.52," 2,636 ", 429 , 10.4 ," 400,631 "
09-Aug-2020, 1.00 ,22.088, 0.007 , 0.088 , 0.169 , 0.008 , 0.782 , 0.371 , 3.743 ,4.618," 1,777 ", 315 , 10.3 ," 411,279 "
10-Aug-2020, -   ,1.65, 0.007 , 0.086 , 0.153 , 0.008 , 0.546 , 0.267 , 2.955 ,4.909," 2,558 ", 369 , 10.9 ," 430,236 "
11-Aug-2020, -   ,0.006, 0.007 , 0.079 , 0.141 , 0.007 , 0.733 , 0.323 , 1.472 ,1.855," 2,988 ", 487 , 11.7 ," 420,127 "
12-Aug-2020, -   ,1.613, 0.008 , 0.095 , 0.160 , 0.009 , 0.322 , 0.161 , 1.697 ,2.096," 3,442 ", 489 , 12.8 ," 422,764 "
13-Aug-2020, -   ,0.049, 0.008 , 0.097 , 0.174 , 0.009 , 0.261 , 0.124 , 1.090 ,1.892," 4,111 ", 662 , 14.1 ," 386,655 "
14-Aug-2020, -   ,6.789, 0.009 , 0.102 , 0.173 , 0.010 , 0.751 , 0.339 , 1.763 ,2.955," 2,314 ", 398 , 13.6 ," 415,079 "
15-Aug-2020, 1.00 ,1.095, 0.007 , 0.090 , 0.150 , 0.008 , 0.490 , 0.197 , 2.957 ,3.6," 3,587 ", 591 , 12.4 ," 373,948 "
16-Aug-2020, 1.00 ,0.123, 0.007 , 0.082 , 0.135 , 0.007 , 0.259 , 0.129 , 3.307 ,3.989," 3,816 ", 534 , 11.8 ," 350,650 "
17-Aug-2020, -   ,0.012, 0.006 , 0.076 , 0.125 , 0.007 , 0.184 , 0.078 , 2.346 ,3.076," 4,363 ", 681 , 11.5 ," 377,047 "
18-Aug-2020, -   ,0.205, 0.007 , 0.085 , 0.124 , 0.008 , 0.126 , 0.074 , 2.164 ,2.982," 4,163 ", 618 , 12.4 ," 386,659 "
19-Aug-2020, -   ,1.092, 0.006 , 0.072 , 0.120 , 0.006 , 0.221 , 0.103 , 3.917 ,4.442," 4,289 ", 658 , 11.9 ," 390,714 "
20-Aug-2020, -   ,0.272, 0.006 , 0.072 , 0.124 , 0.006 , 0.091 , 0.039 , 3.127 ,4.25," 4,583 ", 686 , 10.5 ," 397,195 "
21-Aug-2020, -   ,0.998, 0.006 , 0.070 , 0.117 , 0.006 , 0.248 , 0.081 , 3.148 ,4.073," 4,287 ", 651 , 10.2 ," 402,910 "
22-Aug-2020, 1.00 ,0.668, 0.005 , 0.060 , 0.134 , 0.005 , 0.298 , 0.133 , 4.187 ,4.722," 4,214 ", 649 , 8.9 ," 398,090 "
23-Aug-2020, 1.00 ,0.281, 0.005 , 0.060 , 0.102 , 0.005 , 0.105 , 0.053 , 3.702 ,4.583," 4,709 ", 694 , 8.9 ," 383,009 "
24-Aug-2020, -   ,0.002, 0.005 , 0.060 , 0.120 , 0.005 , 0.071 , 0.033 , 1.809 ,2.734," 4,920 ", 728 , 8.9 ," 408,180 "
25-Aug-2020, -   ,0, 0.005 , 0.061 , 0.120 , 0.006 , 0.072 , 0.054 , 1.604 ,1.793," 4,667 ", 686 , 9.5 ," 423,099 "
26-Aug-2020, -   ,0, 0.006 , 0.061 , 0.118 , 0.006 , 0.194 , 0.137 , 1.431 ,1.905," 4,997 ", 731 , 10.3 ," 414,437 "
27-Aug-2020, -   ,0.028, 0.005 , 0.063 , 0.133 , 0.006 , 0.062 , 0.045 , 2.066 ,3.188," 5,164 ", 751 , 11.7 ," 402,408 "
28-Aug-2020, -   ,0, 0.005 , 0.062 , 0.142 , 0.006 , 0.013 , 0.008 , 1.856 ,3.094," 5,204 ", 759 , 10.9 ," 384,701 "
29-Aug-2020, 1.00 ,0.007, 0.006 , 0.074 , 0.134 , 0.007 , 0.015 , 0.009 , 1.646 ,2.001," 5,239 ", 761 , 12.5 ," 358,869 "
30-Aug-2020, 1.00 ,0.003, 0.007 , 0.088 , 0.131 , 0.008 , 0.079 , 0.040 , 2.063 ,2.878," 5,173 ", 755 , 14.3 ," 334,280 "
31-Aug-2020, -   ,0.096, 0.006 , 0.074 , 0.133 , 0.007 , 0.222 , 0.091 , 2.421 ,3.192," 4,978 ", 767 , 12.4 ," 362,978 "
01-Sep-2020, -   ,0.01, 0.007 , 0.077 , 0.120 , 0.007 , 0.500 , 0.245 , 1.846 ,2.489," 4,673 ", 692 , 11.9 ," 377,228 "
02-Sep-2020, -   ,0, 0.008 , 0.092 , 0.132 , 0.009 , 0.285 , 0.231 , 2.118 ,2.751," 4,569 ", 645 , 15.3 ," 372,253 "
03-Sep-2020, -   ,0.193, 0.009 , 0.105 , 0.140 , 0.010 , 0.286 , 0.150 , 1.839 ,2.745," 4,894 ", 752 , 17.5 ," 355,342 "
04-Sep-2020, -   ,3.297, 0.009 , 0.102 , 0.127 , 0.010 , 0.611 , 0.289 , 1.686 ,2.801," 3,557 ", 587 , 15.4 ," 362,521 "
05-Sep-2020, 1.00 ,0.115, 0.007 , 0.084 , 0.120 , 0.007 , 0.142 , 0.092 , 1.751 ,2.672," 5,142 ", 772 , 13.9 ," 326,546 "
06-Sep-2020, 1.00 ,0.062, 0.007 , 0.089 , 0.128 , 0.008 , 0.198 , 0.097 , 1.875 ,2.275," 4,823 ", 688 , 13.8 ," 332,994 "
07-Sep-2020, -   ,0.006, 0.008 , 0.096 , 0.147 , 0.009 , 0.071 , 0.042 , 2.235 ,2.509," 5,562 ", 791 , 15.1 ," 351,267 "
08-Sep-2020, -   ,1.592, 0.009 , 0.107 , 0.158 , 0.010 , 0.631 , 0.277 , 1.902 ,3.039," 4,727 ", 777 , 17.0 ," 351,668 "
09-Sep-2020, -   ,5.997, 0.008 , 0.094 , 0.146 , 0.009 , 0.704 , 0.331 , 2.714 ,3.446," 2,697 ", 536 , 13.5 ," 386,276 "
10-Sep-2020, -   ,1.259, 0.007 , 0.080 , 0.144 , 0.007 , 0.431 , 0.166 , 2.384 ,3.429," 4,729 ", 707 , 13.0 ," 373,591 "
11-Sep-2020, -   ,0.112, 0.007 , 0.083 , 0.156 , 0.007 , 0.110 , 0.071 , 1.921 ,2.406," 5,446 ", 757 , 13.3 ," 363,680 "
12-Sep-2020, 1.00 ,0.032, 0.007 , 0.085 , 0.157 , 0.008 , 0.473 , 0.220 , 1.808 ,2.407," 5,026 ", 806 , 15.0 ," 331,827 "
13-Sep-2020, 1.00 ,0.155, 0.008 , 0.091 , 0.162 , 0.008 , 0.369 , 0.264 , 1.524 ,2.009," 4,077 ", 642 , 14.7 ," 327,233 "
14-Sep-2020, -   ,0.019, 0.008 , 0.096 , 0.094 , 0.009 , 0.157 , 0.083 , 1.440 ,2.128," 5,620 ", 832 , 15.2 ," 342,381 "
15-Sep-2020, -   ,0.01, 0.009 , 0.106 , 0.097 , 0.009 , 0.111 , 0.087 , 1.781 ,2.067," 5,365 ", 722 , 15.8 ," 351,069 "
16-Sep-2020, -   ,0.016, 0.009 , 0.105 , 0.113 , 0.010 , 0.394 , 0.208 , 1.635 ,1.96," 5,826 ", 827 , 17.7 ," 344,098 "
17-Sep-2020, -   ,0.196, 0.009 , 0.109 , 0.108 , 0.010 , 0.869 , 0.430 , 2.288 ,3.275," 5,261 ", 803 , 17.9 ," 345,761 "
18-Sep-2020, -   ,0.855, 0.010 , 0.113 , 0.120 , 0.010 , 0.670 , 0.320 , 1.877 ,2.447," 4,048 ", 577 , 16.4 ," 360,757 "
19-Sep-2020, 1.00 ,0.665, 0.011 , 0.123 , 0.132 , 0.011 , 0.899 , 0.424 , 2.669 ,3.133," 4,104 ", 709 , 17.6 ," 326,670 "
20-Sep-2020, 1.00 ,3.8, 0.010 , 0.122 , 0.126 , 0.011 , 0.208 , 0.159 , 2.193 ,3.467," 4,010 ", 664 , 16.6 ," 326,151 "
21-Sep-2020, -   ,2.721, 0.011 , 0.129 , 0.075 , 0.012 , 0.225 , 0.055 , 1.870 ,2.461," 5,982 ", 849 , 19.6 ," 345,117 "
22-Sep-2020, -   ,0.062, 0.007 , 0.081 , 0.085 , 0.008 , 0.042 , 0.021 , 2.045 ,2.574," 6,334 ", 855 , 16.7 ," 337,858 "
23-Sep-2020, -   ,0.16, 0.006 , 0.072 , 0.106 , 0.006 , 0.081 , 0.034 , 2.457 ,2.953," 6,322 ", 872 , 14.5 ," 335,748 "
24-Sep-2020, -   ,0.037, 0.006 , 0.065 , 0.119 , 0.006 , 0.270 , 0.032 , 2.020 ,3.669," 6,493 ", 885 , 13.8 ," 339,255 "
25-Sep-2020, -   ,2.564, 0.006 , 0.067 , 0.138 , 0.007 , 0.266 , 0.115 , 4.109 ,4.668," 5,781 ", 830 , 12.0 ," 358,364 "
26-Sep-2020, 1.00 ,0.081, 0.005 , 0.059 , 0.135 , 0.005 , 0.046 , 0.024 , 3.347 ,4.706," 6,549 ", 873 , 10.9 ," 336,389 "
27-Sep-2020, 1.00 ,0.008, 0.006 , 0.063 , 0.110 , 0.006 , 0.062 , 0.028 , 1.952 ,3.102," 6,517 ", 885 , 12.0 ," 328,268 "
28-Sep-2020, -   ,0, 0.006 , 0.066 , 0.096 , 0.007 , 0.061 , 0.036 , 1.447 ,2.055," 6,639 ", 900 , 13.3 ," 345,110 "
29-Sep-2020, -   ,0.016, 0.007 , 0.082 , 0.101 , 0.008 , 0.742 , 0.289 , 1.868 ,2.467," 5,578 ", 900 , 14.5 ," 347,826 "
30-Sep-2020, -   ,1.457, 0.008 , 0.098 , 0.108 , 0.009 , 0.644 , 0.329 , 2.439 ,2.807," 3,941 ", 705 , 15.0 ," 364,059 "
01-Oct-2020, -   ,0.01, 0.007 , 0.079 , 0.108 , 0.008 , 0.051 , 0.017 , 1.712 ,2.516," 6,867 ", 909 , 15.0 ," 334,328 "
02-Oct-2020, -   ,0.001, 0.007 , 0.079 , 0.113 , 0.008 , 0.007 , 0.003 , 1.534 ,1.738," 6,950 ", 926 , 17.8 ," 330,073 "
03-Oct-2020, 1.00 ,0, 0.008 , 0.092 , 0.103 , 0.009 , 0.117 , 0.052 , 2.143 ,2.502," 6,939 ", 929 , 19.0 ," 307,719 "
04-Oct-2020, 1.00 ,0.006, 0.009 , 0.098 , 0.108 , 0.010 , 0.068 , 0.038 , 2.203 ,2.509," 6,882 ", 920 , 20.5 ," 300,445 "
05-Oct-2020, -   ,0.829, 0.009 , 0.102 , 0.112 , 0.010 , 0.381 , 0.157 , 2.257 ,3.112," 6,185 ", 897 , 20.0 ," 308,684 "
06-Oct-2020, -   ,0.843, 0.010 , 0.114 , 0.119 , 0.010 , 0.625 , 0.247 , 1.677 ,2.654," 5,303 ", 738 , 17.6 ," 343,252 "
07-Oct-2020, -   ,2.508, 0.011 , 0.129 , 0.115 , 0.011 , 0.597 , 0.266 , 1.850 ,2.699," 4,879 ", 787 , 18.5 ," 351,852 "
08-Oct-2020, -   ,0.714, 0.008 , 0.103 , 0.120 , 0.011 , 0.130 , 0.111 , 2.351 ,3.245," 5,908 ", 833 , 17.7 ," 345,786 "
09-Oct-2020, -   ,0.081, 0.007 , 0.077 , 0.144 , 0.007 , 0.039 , 0.024 , 2.397 ,3.204," 7,212 ", 933 , 15.7 ," 327,914 "
10-Oct-2020, 1.00 ,0, 0.006 , 0.070 , 0.152 , 0.007 , 0.142 , 0.119 , 1.351 ,1.635," 7,339 ", 965 , 16.8 ," 301,915 "
11-Oct-2020, 1.00 ,0.091, 0.008 , 0.090 , 0.082 , 0.009 , 0.623 , 0.250 , 1.508 ,1.888," 6,971 ", 956 , 18.1 ," 298,637 "
12-Oct-2020, -   ,0.574, 0.009 , 0.107 , 0.072 , 0.010 , 0.258 , 0.202 , 1.644 ,1.98," 6,976 ", 924 , 18.4 ," 335,360 "
13-Oct-2020, -   ,0.769, 0.009 , 0.096 , 0.072 , 0.010 , 0.212 , 0.092 , 2.019 ,2.788," 6,890 ", 949 , 18.9 ," 342,544 "
14-Oct-2020, -   ,0.323, 0.009 , 0.111 , 0.075 , 0.010 , 0.556 , 0.229 , 1.829 ,2.403," 6,157 ", 780 , 18.1 ," 337,822 "
15-Oct-2020, -   ,1.276, 0.010 , 0.113 , 0.093 , 0.010 , 0.542 , 0.253 , 1.916 ,3.179," 6,386 ", 947 , 20.6 ," 341,513 "
16-Oct-2020, -   ,1.651, 0.009 , 0.113 , 0.096 , 0.010 , 0.789 , 0.396 , 2.129 ,3.241," 4,972 ", 655 , 17.8 ," 348,097 "
17-Oct-2020, 1.00 ,11.513, 0.011 , 0.122 , 0.096 , 0.012 , 0.880 , 0.422 , 1.785 ,2.983," 5,678 ", 875 , 20.2 ," 322,285 "
18-Oct-2020, 1.00 ,5.736, 0.009 , 0.115 , 0.106 , 0.010 , 0.606 , 0.260 , 2.400 ,3.039," 4,800 ", 666 , 16.4 ," 314,285 "
19-Oct-2020, -   ,0.638, 0.008 , 0.100 , 0.114 , 0.009 , 0.405 , 0.162 , 1.954 ,2.593," 6,396 ", 864 , 16.3 ," 337,841 "
20-Oct-2020, -   ,0.202, 0.009 , 0.102 , 0.104 , 0.009 , 0.279 , 0.161 , 1.950 ,2.354," 6,384 ", 802 , 17.2 ," 342,268 "
21-Oct-2020, -   ,0.614, 0.010 , 0.113 , 0.069 , 0.010 , 0.748 , 0.314 , 1.830 ,2.684," 6,470 ", 926 , 18.8 ," 334,760 "
22-Oct-2020, -   ,0.191, 0.011 , 0.125 , 0.066 , 0.011 , 0.406 , 0.213 , 1.771 ,2.168," 6,815 ", 850 , 19.5 ," 345,536 "
23-Oct-2020, -   ,7.414, 0.012 , 0.143 , 0.077 , 0.014 , 0.905 , 0.428 , 2.384 ,2.989," 6,078 ", 924 , 21.0 ," 344,405 "
24-Oct-2020, 1.00 ,21.664, 0.012 , 0.143 , 0.084 , 0.014 , 0.802 , 0.451 , 2.663 ,3.765," 2,426 ", 358 , 17.0 ," 336,031 "
25-Oct-2020, 1.00 ,29.44, 0.009 , 0.107 , 0.088 , 0.009 , 0.738 , 0.357 , 4.218 ,5.228," 3,281 ", 408 , 14.2 ," 333,183 "
26-Oct-2020, -   ,9.24, 0.009 , 0.101 , 0.088 , 0.009 , 0.570 , 0.289 , 3.883 ,5.28," 4,227 ", 512 , 13.9 ," 369,140 "
27-Oct-2020, -   ,1.836, 0.009 , 0.108 , 0.095 , 0.009 , 0.504 , 0.272 , 2.302 ,3.234," 4,541 ", 650 , 15.2 ," 356,502 "
28-Oct-2020, -   ,7.129, 0.010 , 0.113 , 0.096 , 0.010 , 0.691 , 0.292 , 1.529 ,1.97," 5,205 ", 741 , 16.2 ," 352,400 "
29-Oct-2020, -   ,2.311, 0.009 , 0.109 , 0.096 , 0.010 , 0.402 , 0.235 , 1.283 ,1.567," 5,698 ", 769 , 16.4 ," 347,001 "
30-Oct-2020, -   ,8.166, 0.011 , 0.124 , 0.106 , 0.012 , 0.669 , 0.299 , 2.373 ,3.393," 5,304 ", 898 , 17.7 ," 334,454 "
31-Oct-2020, 1.00 ,10.572, 0.010 , 0.126 , 0.108 , 0.012 , 0.413 , 0.225 , 2.050 ,3.933," 5,077 ", 648 , 16.4 ," 324,302 "
01-Nov-2020, 1.00 ,2.366, 0.009 , 0.112 , 0.109 , 0.010 , 0.412 , 0.194 , 3.551 ,4.465," 5,871 ", 773 , 16.7 ," 316,437 "
02-Nov-2020, -   ,0.07, 0.009 , 0.108 , 0.091 , 0.009 , 0.168 , 0.075 , 2.164 ,3.024," 7,811 ", 975 , 17.0 ," 334,506 "
03-Nov-2020, -   ,0.001, 0.009 , 0.107 , 0.081 , 0.009 , 0.326 , 0.160 , 1.791 ,2.27," 8,124 "," 1,023 ", 17.6 ," 331,932 "
04-Nov-2020, -   ,8.091, 0.010 , 0.119 , 0.087 , 0.011 , 0.747 , 0.386 , 2.091 ,3.792," 5,469 ", 819 , 19.3 ," 335,237 "
05-Nov-2020, -   ,12.243, 0.008 , 0.095 , 0.086 , 0.009 , 0.553 , 0.254 , 4.247 ,4.89," 5,087 ", 751 , 14.2 ," 363,273 "
06-Nov-2020, -   ,0.05, 0.008 , 0.089 , 0.108 , 0.008 , 0.423 , 0.168 , 1.823 ,3.267," 7,651 ", 899 , 15.8 ," 331,718 "
07-Nov-2020, 1.00 ,0.333, 0.007 , 0.089 , 0.100 , 0.008 , 0.181 , 0.127 , 2.905 ,3.925," 6,767 ", 818 , 15.4 ," 311,069 "
08-Nov-2020, 1.00 ,0.028, 0.007 , 0.084 , 0.096 , 0.008 , 0.167 , 0.099 , 1.838 ,2.352," 7,599 ", 991 , 16.2 ," 299,669 "
09-Nov-2020, -   ,0.031, 0.008 , 0.094 , 0.102 , 0.008 , 0.081 , 0.047 , 1.714 ,2.246," 8,312 "," 1,029 ", 17.0 ," 330,919 "
10-Nov-2020, -   ,0.003, 0.009 , 0.109 , 0.096 , 0.010 , 0.041 , 0.018 , 1.962 ,2.347," 8,599 "," 1,052 ", 18.5 ," 332,457 "
11-Nov-2020, -   ,0.269, 0.011 , 0.129 , 0.106 , 0.012 , 0.468 , 0.215 , 2.413 ,3.011," 7,811 "," 1,036 ", 20.7 ," 339,455 "
12-Nov-2020, -   ,6.833, 0.012 , 0.143 , 0.097 , 0.013 , 0.795 , 0.352 , 2.397 ,3.008," 6,545 ", 896 , 21.4 ," 356,875 "
13-Nov-2020, -   ,3.595, 0.011 , 0.127 , 0.082 , 0.012 , 0.285 , 0.194 , 1.548 ,2.171," 6,549 ", 873 , 19.5 ," 350,598 "
14-Nov-2020, 1.00 ,0.067, 0.010 , 0.112 , 0.072 , 0.010 , 0.011 , 0.008 , 1.549 ,2.374," 8,689 "," 1,056 ", 20.0 ," 312,887 "
15-Nov-2020, 1.00 ,0.059, 0.011 , 0.125 , 0.072 , 0.012 , 0.305 , 0.176 , 2.015 ,2.417," 7,961 "," 1,059 ", 22.7 ," 323,469 "
16-Nov-2020, -   ,0.326, 0.011 , 0.126 , 0.075 , 0.012 , 0.683 , 0.272 , 2.073 ,2.548," 6,083 ", 849 , 22.7 ," 400,224 "
17-Nov-2020, -   ,1.042, 0.009 , 0.108 , 0.072 , 0.009 , 0.495 , 0.182 , 2.272 ,3.241," 7,984 "," 1,028 ", 18.8 ," 351,901 "
18-Nov-2020, -   ,0.019, 0.010 , 0.113 , 0.072 , 0.010 , 0.321 , 0.202 , 2.153 ,2.649," 8,224 ", 987 , 19.8 ," 342,658 "
19-Nov-2020, -   ,0.002, 0.011 , 0.130 , 0.074 , 0.012 , 0.559 , 0.162 , 2.233 ,2.794," 8,474 "," 1,045 ", 22.5 ," 352,234 "
20-Nov-2020, -   ,1.51, 0.012 , 0.133 , 0.094 , 0.013 , 0.410 , 0.171 , 2.289 ,3.301," 8,152 "," 1,046 ", 23.9 ," 388,637 "
21-Nov-2020, 1.00 ,0.575, 0.011 , 0.136 , 0.093 , 0.012 , 0.686 , 0.336 , 1.653 ,2.519," 7,072 "," 1,007 ", 22.2 ," 333,145 "
22-Nov-2020, 1.00 ,3.735, 0.013 , 0.150 , 0.102 , 0.014 , 0.697 , 0.403 , 1.698 ,2.009," 4,489 ", 499 , 23.4 ," 342,333 "
23-Nov-2020, -   ,3.667, 0.011 , 0.133 , 0.115 , 0.012 , 0.549 , 0.344 , 2.359 ,3.173," 5,499 ", 770 , 21.2 ," 369,631 "
24-Nov-2020, -   ,0.991, 0.010 , 0.114 , 0.107 , 0.010 , 0.591 , 0.264 , 2.118 ,3.154," 6,908 ", 831 , 19.3 ," 344,736 "
25-Nov-2020, -   ,0.084, 0.010 , 0.120 , 0.108 , 0.011 , 0.105 , 0.079 , 1.939 ,2.802," 8,382 ", 976 , 21.1 ," 350,373 "
26-Nov-2020, -   ,0.096, 0.011 , 0.123 , 0.120 , 0.012 , 0.301 , 0.064 , 1.972 ,3.21," 8,581 "," 1,063 ", 23.1 ," 389,245 "
27-Nov-2020, -   ,0.035, 0.012 , 0.137 , 0.072 , 0.013 , 0.378 , 0.143 , 1.874 ,2.678," 8,688 "," 1,042 ", 25.4 ," 381,849 "
28-Nov-2020, 1.00 ,0.756, 0.011 , 0.128 , 0.084 , 0.012 , 0.836 , 0.395 , 2.596 ,4.357," 7,700 ", 992 , 28.6 ," 439,991 "
29-Nov-2020, 1.00 ,1.427, 0.010 , 0.120 , 0.084 , 0.012 , 0.528 , 0.264 , 3.263 ,4.398," 8,301 "," 1,028 ", 23.5 ," 428,264 "
30-Nov-2020, -   ,0.062, 0.010 , 0.118 , 0.087 , 0.011 , 0.284 , 0.180 , 2.529 ,3.122," 8,476 "," 1,008 ", 21.6 ," 363,822 "
01-Dec-2020, -   ,3.636, 0.012 , 0.138 , 0.084 , 0.014 , 0.226 , 0.098 , 2.613 ,3.462," 8,411 "," 1,047 ", 25.1 ," 399,333 "
02-Dec-2020, -   ,1.955, 0.010 , 0.120 , 0.095 , 0.010 , 0.770 , 0.327 , 2.652 ,3.437," 7,110 ", 986 , 20.6 ," 368,069 "
03-Dec-2020, -   ,2.239, 0.011 , 0.129 , 0.096 , 0.012 , 0.656 , 0.294 , 1.908 ,2.917," 6,028 ", 892 , 21.6 ," 363,724 "
04-Dec-2020, -   ,0.111, 0.010 , 0.105 , 0.085 , 0.011 , 0.109 , 0.037 , 1.733 ,2.222," 9,086 "," 1,086 ", 23.6 ," 376,493 "
05-Dec-2020, 1.00 ,7.759, 0.013 , 0.134 , 0.072 , 0.016 , 0.605 , 0.305 , 2.690 ,3.356," 6,686 ", 987 , 23.2 ," 346,176 "
06-Dec-2020, 1.00 ,0.171, 0.008 , 0.091 , 0.072 , 0.008 , 0.397 , 0.099 , 2.337 ,2.999," 8,933 "," 1,073 ", 21.3 ," 323,390 "
07-Dec-2020, -   ,0.955, 0.008 , 0.085 , 0.080 , 0.008 , 0.130 , 0.055 , 2.680 ,3.624," 8,896 "," 1,044 ", 19.9 ," 355,565 "
08-Dec-2020, -   ,0.128, 0.007 , 0.080 , 0.082 , 0.008 , 0.030 , 0.012 , 2.108 ,3.542," 9,266 "," 1,089 ", 18.0 ," 333,831 "
09-Dec-2020, -   ,0.001, 0.009 , 0.097 , 0.073 , 0.010 , 0.423 , 0.140 , 1.862 ,3.21," 8,922 "," 1,093 ", 20.9 ," 339,382 "
10-Dec-2020, -   ,2.197, 0.009 , 0.107 , 0.084 , 0.010 , 0.572 , 0.195 , 3.634 ,4.589," 7,913 "," 1,055 ", 19.6 ," 350,904 "
11-Dec-2020, -   ,3.915, 0.008 , 0.093 , 0.084 , 0.008 , 0.393 , 0.167 , 3.055 ,3.69," 7,675 ", 973 , 18.4 ," 341,723 "
12-Dec-2020, 1.00 ,3.674, 0.009 , 0.102 , 0.084 , 0.010 , 0.462 , 0.207 , 2.783 ,3.606," 6,963 ", 851 , 19.2 ," 318,941 "
13-Dec-2020, 1.00 ,5.505, 0.010 , 0.121 , 0.084 , 0.012 , 0.551 , 0.252 , 2.762 ,3.308," 6,821 ", 889 , 20.5 ," 312,305 "
14-Dec-2020, -   ,10.071, 0.012 , 0.144 , 0.084 , 0.014 , 0.705 , 0.320 , 2.506 ,3.267," 5,994 ", 757 , 21.1 ," 356,144 "
15-Dec-2020, -   ,15.473, 0.015 , 0.176 , 0.084 , 0.016 , 0.685 , 0.352 , 2.600 ,3.037," 5,051 ", 666 , 22.5 ," 374,841 "
16-Dec-2020, -   ,8.754, 0.015 , 0.183 , 0.090 , 0.016 , 0.695 , 0.287 , 2.298 ,2.78," 5,036 ", 633 , 23.1 ," 392,539 "
17-Dec-2020, -   ,3.286, 0.015 , 0.175 , 0.072 , 0.016 , 0.232 , 0.158 , 1.822 ,2.397," 7,164 ", 852 , 24.9 ," 417,544 "
18-Dec-2020, -   ,7.277, 0.013 , 0.149 , 0.064 , 0.014 , 0.431 , 0.263 , 2.618 ,3.037," 6,124 ", 881 , 22.5 ," 409,050 "
19-Dec-2020, 1.00 ,2.645, 0.011 , 0.130 , 0.072 , 0.012 , 0.736 , 0.358 , 1.882 ,2.731," 5,714 ", 778 , 19.7 ," 339,148 "
20-Dec-2020, 1.00 ,1.978, 0.012 , 0.137 , 0.075 , 0.012 , 0.770 , 0.384 , 1.493 ,2.38," 5,517 ", 751 , 20.9 ," 327,560 "
21-Dec-2020, -   ,23.919, 0.012 , 0.143 , 0.088 , 0.013 , 0.887 , 0.434 , 1.856 ,2.661," 3,599 ", 522 , 19.3 ," 364,706 "
22-Dec-2020, -   ,0.356, 0.009 , 0.119 , 0.084 , 0.012 , 0.446 , 0.251 , 2.958 ,3.459," 7,271 ", 904 , 19.4 ," 352,005 "
23-Dec-2020, -   ,0.075, 0.010 , 0.115 , 0.095 , 0.010 , 0.597 , 0.247 , 2.114 ,3.229," 8,274 "," 1,068 ", 19.9 ," 331,309 "
24-Dec-2020, -   ,0.583, 0.011 , 0.122 , 0.096 , 0.012 , 0.349 , 0.217 , 2.414 ,3.148," 7,351 ", 922 , 20.8 ," 332,197 "
25-Dec-2020, -   ,1.228, 0.010 , 0.118 , 0.093 , 0.010 , 0.424 , 0.212 , 2.339 ,2.997," 6,798 ", 790 , 19.3 ," 290,102 "
26-Dec-2020, 1.00 ,2.972, 0.012 , 0.136 , 0.084 , 0.012 , 0.299 , 0.108 , 2.307 ,3.255," 7,508 ", 897 , 21.0 ," 296,719 "
27-Dec-2020, 1.00 ,3.249, 0.012 , 0.145 , 0.086 , 0.014 , 0.698 , 0.259 , 2.067 ,2.57," 8,023 "," 1,079 ", 24.6 ," 317,503 "
28-Dec-2020, -   ,8.83, 0.012 , 0.143 , 0.089 , 0.013 , 0.618 , 0.314 , 2.383 ,3.651," 5,321 ", 834 , 19.9 ," 322,862 "
29-Dec-2020, -   ,9.428, 0.011 , 0.136 , 0.081 , 0.012 , 0.493 , 0.277 , 2.517 ,3.108," 5,083 ", 677 , 19.4 ," 327,193 "
30-Dec-2020, -   ,1.679, 0.012 , 0.137 , 0.081 , 0.012 , 0.600 , 0.289 , 2.191 ,2.752," 6,642 ", 796 , 20.8 ," 329,192 "
31-Dec-2020, -   ,2.748, 0.012 , 0.139 , 0.091 , 0.012 , 0.709 , 0.328 , 2.591 ,3.051," 7,077 ", 873 , 20.5 ," 326,847 "
01-Jan-2021, -   ,3.6, 0.011 , 0.132 , 0.084 , 0.011 , 0.769 , 0.434 , 2.255 ,3.141," 4,521 ", 707 , 19.1 ," 310,182 "
02-Jan-2021, 1.00 ,6.748, 0.012 , 0.148 , 0.082 , 0.014 , 0.754 , 0.361 , 1.974 ,2.876," 4,409 ", 580 , 19.9 ," 315,759 "
03-Jan-2021, 1.00 ,5.043, 0.014 , 0.165 , 0.067 , 0.015 , 0.679 , 0.336 , 1.837 ,2.757," 5,908 ", 864 , 22.1 ," 324,110 "
04-Jan-2021, -   ,12.728, 0.014 , 0.166 , 0.066 , 0.015 , 0.587 , 0.294 , 1.488 ,2.086," 4,925 ", 826 , 21.6 ," 358,429 "
05-Jan-2021, -   ,2.676, 0.013 , 0.151 , 0.073 , 0.014 , 0.308 , 0.155 , 1.882 ,2.543," 8,002 ", 971 , 22.4 ," 360,502 "
06-Jan-2021, -   ,5.164, 0.011 , 0.134 , 0.076 , 0.012 , 0.541 , 0.276 , 3.281 ,3.783," 6,443 ", 800 , 19.9 ," 348,952 "
07-Jan-2021, -   ,3.361, 0.010 , 0.117 , 0.084 , 0.010 , 0.444 , 0.195 , 3.420 ,3.843," 6,773 ", 887 , 19.1 ," 337,831 "
08-Jan-2021, -   ,1.049, 0.010 , 0.113 , 0.095 , 0.010 , 0.531 , 0.235 , 2.631 ,3.51," 6,137 ", 747 , 19.3 ," 332,025 "
09-Jan-2021, 1.00 ,0.456, 0.010 , 0.120 , 0.107 , 0.010 , 0.114 , 0.075 , 1.732 ,2.351," 8,210 ", 947 , 20.5 ," 318,286 "
10-Jan-2021, 1.00 ,0.183, 0.011 , 0.123 , 0.116 , 0.011 , 0.118 , 0.067 , 1.882 ,2.487," 9,064 "," 1,075 ", 21.9 ," 319,659 "
11-Jan-2021, -   ,0.012, 0.011 , 0.125 , 0.100 , 0.012 , 0.282 , 0.172 , 2.185 ,2.713," 8,815 "," 1,087 ", 22.8 ," 362,113 "
12-Jan-2021, -   ,0.233, 0.012 , 0.139 , 0.091 , 0.013 , 0.418 , 0.261 , 1.718 ,2.294," 7,309 ", 882 , 23.8 ," 386,819 "
13-Jan-2021, -   ,0.09, 0.012 , 0.140 , 0.092 , 0.013 , 0.233 , 0.048 , 2.287 ,2.772," 8,790 "," 1,061 ", 24.2 ," 396,276 "
14-Jan-2021, -   ,0.683, 0.013 , 0.139 , 0.080 , 0.014 , 0.153 , 0.058 , 1.949 ,2.617," 8,707 "," 1,072 ", 24.6 ," 414,681 "
15-Jan-2021, -   ,0.435, 0.008 , 0.101 , 0.072 , 0.011 , 0.233 , 0.164 , 2.722 ,3.836," 8,677 "," 1,056 ", 21.9 ," 389,513 "
16-Jan-2021, 1.00 ,0.145, 0.007 , 0.076 , 0.080 , 0.008 , 0.041 , 0.018 , 2.092 ,2.912," 9,306 "," 1,117 ", 19.6 ," 308,640 "
17-Jan-2021, 1.00 ,0.024, 0.010 , 0.109 , 0.073 , 0.011 , 0.070 , 0.023 , 1.988 ,2.995," 9,046 "," 1,091 ", 21.1 ," 309,424 "
18-Jan-2021, -   ,1.813, 0.010 , 0.118 , 0.076 , 0.012 , 0.109 , 0.073 , 2.279 ,3.781," 8,379 "," 1,062 ", 23.0 ," 376,582 "
19-Jan-2021, -   ,1.822, 0.009 , 0.110 , 0.065 , 0.010 , 0.379 , 0.141 , 3.173 ,3.994," 7,382 ", 891 , 20.2 ," 360,490 "
20-Jan-2021, -   ,0.241, 0.009 , 0.102 , 0.060 , 0.009 , 0.163 , 0.094 , 1.832 ,2.581," 7,816 ", 874 , 20.1 ," 349,841 "
21-Jan-2021, -   ,0.093, 0.010 , 0.118 , 0.066 , 0.011 , 0.299 , 0.156 , 2.418 ,3.192," 8,669 "," 1,061 ", 22.8 ," 355,764 "
22-Jan-2021, -   ,0.056, 0.011 , 0.130 , 0.092 , 0.013 , 0.228 , 0.109 , 1.740 ,2.266," 8,368 "," 1,048 ", 25.6 ," 402,784 "
23-Jan-2021, 1.00 ,0.08, 0.012 , 0.138 , 0.089 , 0.014 , 0.378 , 0.200 , 1.714 ,2.549," 8,450 "," 1,044 ", 26.3 ," 400,889 "
24-Jan-2021, 1.00 ,0.321, 0.012 , 0.140 , 0.081 , 0.013 , 0.593 , 0.212 , 2.227 ,2.731," 7,973 "," 1,049 ", 27.0 ," 414,246 "
25-Jan-2021, -   ,0.195, 0.012 , 0.135 , 0.087 , 0.014 , 0.246 , 0.100 , 2.397 ,3.096," 8,264 "," 1,014 ", 26.7 ," 448,290 "
26-Jan-2021, -   ,2.141, 0.013 , 0.149 , 0.084 , 0.015 , 0.446 , 0.212 , 2.221 ,3.848," 6,921 ", 982 , 26.0 ," 436,770 "
27-Jan-2021, -   ,6.948, 0.012 , 0.147 , 0.093 , 0.013 , 0.577 , 0.268 , 3.710 ,4.147," 5,601 ", 766 , 21.5 ," 395,062 "
28-Jan-2021, -   ,10.386, 0.012 , 0.142 , 0.097 , 0.013 , 0.812 , 0.395 , 3.244 ,3.969," 4,189 ", 564 , 20.0 ," 365,147 "
29-Jan-2021, -   ,13.63, 0.014 , 0.167 , 0.099 , 0.015 , 0.731 , 0.325 , 2.904 ,3.291," 4,212 ", 721 , 21.5 ," 367,247 "
30-Jan-2021, 1.00 ,4.399, 0.014 , 0.164 , 0.106 , 0.015 , 0.218 , 0.132 , 1.842 ,3.084," 6,864 ", 916 , 23.5 ," 357,311 "
31-Jan-2021, 1.00 ,1.809, 0.012 , 0.153 , 0.085 , 0.013 , 0.335 , 0.158 , 2.325 ,3.228," 6,840 ", 850 , 21.9 ," 341,456 "
01-Feb-2021, -   ,28.585, 0.013 , 0.148 , 0.084 , 0.014 , 0.688 , 0.255 , 2.476 ,3.407," 7,011 ", 915 , 22.1 ," 375,804 "
02-Feb-2021, -   ,0.778, 0.010 , 0.118 , 0.073 , 0.010 , 0.217 , 0.092 , 2.745 ,3.208," 7,760 ", 987 , 19.6 ," 355,162 "
03-Feb-2021, -   ,0.055, 0.011 , 0.125 , 0.088 , 0.012 , 0.313 , 0.141 , 2.078 ,2.624," 7,555 ", 953 , 20.6 ," 347,299 "
04-Feb-2021, -   ,1.119, 0.014 , 0.157 , 0.072 , 0.014 , 0.523 , 0.196 , 2.653 ,3.378," 7,279 ", 992 , 23.2 ," 375,599 "
05-Feb-2021, -   ,5.008, 0.014 , 0.169 , 0.072 , 0.015 , 0.738 , 0.310 , 3.303 ,3.916," 6,620 ", 978 , 23.4 ," 393,494 "
06-Feb-2021, 1.00 ,4.986, 0.013 , 0.158 , 0.072 , 0.015 , 0.305 , 0.240 , 2.203 ,3.283," 5,230 ", 834 , 21.6 ," 356,566 "
07-Feb-2021, 1.00 ,0.618, 0.011 , 0.131 , 0.060 , 0.012 , 0.291 , 0.103 , 2.686 ,3.33," 7,677 "," 1,016 ", 21.3 ," 334,012 "
08-Feb-2021, -   ,0.388, 0.011 , 0.129 , 0.060 , 0.011 , 0.463 , 0.155 , 2.389 ,2.779," 6,752 ", 888 , 20.6 ," 359,522 "
09-Feb-2021, -   ,0.313, 0.010 , 0.122 , 0.060 , 0.011 , 0.251 , 0.137 , 2.304 ,2.868," 6,556 ", 848 , 20.0 ," 355,551 "
10-Feb-2021, -   ,0.279, 0.010 , 0.120 , 0.065 , 0.010 , 0.129 , 0.075 , 1.778 ,2.233," 7,299 ", 865 , 20.3 ," 353,247 "
11-Feb-2021, -   ,0.056, 0.011 , 0.125 , 0.071 , 0.011 , 0.405 , 0.181 , 2.416 ,2.941," 7,316 "," 1,018 ", 22.5 ," 363,003 "
12-Feb-2021, -   ,14.427, 0.014 , 0.155 , 0.065 , 0.015 , 0.839 , 0.392 , 1.961 ,3.833," 5,309 ", 781 , 23.6 ," 386,643 "
13-Feb-2021, 1.00 ,8.64, 0.011 , 0.138 , 0.066 , 0.013 , 0.293 , 0.161 , 3.304 ,4.009," 5,971 ", 779 , 19.7 ," 348,601 "
14-Feb-2021, 1.00 ,0.621, 0.010 , 0.120 , 0.080 , 0.011 , 0.243 , 0.128 , 3.387 ,4.309," 7,100 ", 973 , 19.7 ," 309,960 "
15-Feb-2021, -   ,6.821, 0.012 , 0.136 , 0.087 , 0.013 , 0.302 , 0.139 , 3.500 ,4.817," 6,504 ", 846 , 20.3 ," 341,571 "
16-Feb-2021, -   ,4.934, 0.012 , 0.141 , 0.077 , 0.012 , 0.506 , 0.236 , 2.775 ,3.335," 6,388 ", 845 , 20.7 ," 354,149 "
17-Feb-2021, -   ,2.631, 0.010 , 0.124 , 0.075 , 0.011 , 0.475 , 0.169 , 2.837 ,3.342," 6,737 ", 894 , 20.6 ," 352,862 "
18-Feb-2021, -   ,7.256, 0.012 , 0.149 , 0.091 , 0.014 , 0.214 , 0.110 , 2.626 ,3.437," 6,467 ", 806 , 21.2 ," 356,548 "
19-Feb-2021, -   ,3.45, 0.014 , 0.160 , 0.101 , 0.014 , 0.277 , 0.107 , 1.726 ,2.524," 6,885 ", 902 , 22.7 ," 375,632 "
20-Feb-2021, 1.00 ,2.259, 0.014 , 0.160 , 0.109 , 0.014 , 0.307 , 0.136 , 1.644 ,2.284," 6,823 ", 863 , 23.1 ," 359,981 "
21-Feb-2021, 1.00 ,3.472, 0.014 , 0.162 , 0.103 , 0.014 , 0.267 , 0.111 , 1.834 ,2.774," 6,840 ", 890 , 23.1 ," 360,497 "
22-Feb-2021, -   ,1.21, 0.012 , 0.145 , 0.086 , 0.013 , 0.296 , 0.144 , 3.079 ,3.448," 6,346 ", 943 , 21.8 ," 389,603 "
23-Feb-2021, -   ,3.91, 0.010 , 0.119 , 0.087 , 0.011 , 0.422 , 0.215 , 3.034 ,3.872," 5,372 ", 702 , 18.7 ," 361,998 "
24-Feb-2021, -   ,4.322, 0.012 , 0.144 , 0.102 , 0.014 , 0.549 , 0.275 , 2.127 ,2.334," 5,196 ", 645 , 20.2 ," 357,769 "
25-Feb-2021, -   ,2.68, 0.013 , 0.147 , 0.109 , 0.014 , 0.356 , 0.246 , 1.942 ,2.419," 4,605 ", 792 , 20.9 ," 367,888 "
26-Feb-2021, -   ,0.742, 0.011 , 0.129 , 0.090 , 0.012 , 0.550 , 0.173 , 1.979 ,3.108," 6,966 ", 982 , 21.8 ," 359,876 "
27-Feb-2021, 1.00 ,1.88, 0.013 , 0.147 , 0.084 , 0.013 , 0.197 , 0.119 , 1.581 ,2.615," 6,276 ", 800 , 22.1 ," 345,049 "
28-Feb-2021, 1.00 ,0.437, 0.013 , 0.145 , 0.084 , 0.013 , 0.164 , 0.050 , 1.523 ,2.353," 7,243 ", 952 , 23.1 ," 340,637 "
01-Mar-2021, -   ,0.348, 0.011 , 0.129 , 0.092 , 0.013 , 0.160 , 0.084 , 2.199 ,2.989," 6,947 ", 936 , 23.2 ," 409,100 "
02-Mar-2021, -   ,0.337, 0.009 , 0.106 , 0.094 , 0.009 , 0.317 , 0.161 , 2.853 ,3.744," 6,144 ", 782 , 19.0 ," 359,846 "
03-Mar-2021, -   ,0.896, 0.009 , 0.102 , 0.098 , 0.009 , 0.298 , 0.151 , 1.938 ,2.85," 6,189 ", 826 , 18.7 ," 349,889 "
04-Mar-2021, -   ,0.046, 0.009 , 0.107 , 0.108 , 0.010 , 0.063 , 0.017 , 2.060 ,3.461," 7,193 ", 944 , 20.8 ," 349,078 "
05-Mar-2021, -   ,0.183, 0.009 , 0.108 , 0.104 , 0.010 , 0.255 , 0.078 , 3.002 ,3.602," 6,535 ", 834 , 19.3 ," 344,092 "
06-Mar-2021, 1.00 ,0.142, 0.009 , 0.101 , 0.109 , 0.009 , 0.263 , 0.152 , 1.913 ,2.731," 6,603 ", 903 , 19.3 ," 317,765 "
07-Mar-2021, 1.00 ,0.591, 0.011 , 0.129 , 0.118 , 0.013 , 0.809 , 0.399 , 2.307 ,3.109," 5,997 ", 891 , 21.8 ," 313,878 "
08-Mar-2021, -   ,3.284, 0.012 , 0.145 , 0.132 , 0.013 , 0.663 , 0.369 , 2.056 ,2.401," 3,941 ", 670 , 22.3 ," 369,495 "
09-Mar-2021, -   ,1.108, 0.012 , 0.136 , 0.126 , 0.012 , 0.261 , 0.100 , 2.135 ,3.372," 6,410 ", 889 , 22.0 ," 367,196 "
10-Mar-2021, -   ,1.062, 0.012 , 0.138 , 0.142 , 0.013 , 0.645 , 0.215 , 2.192 ,2.647," 5,650 ", 837 , 21.8 ," 365,309 "
11-Mar-2021, -   ,8.811, 0.013 , 0.156 , 0.091 , 0.015 , 0.741 , 0.377 , 2.517 ,3.11," 4,505 ", 735 , 21.5 ," 376,411 "
12-Mar-2021, -   ,4.047, 0.014 , 0.168 , 0.072 , 0.015 , 0.310 , 0.204 , 2.201 ,2.955," 4,443 ", 700 , 22.2 ," 376,613 "
13-Mar-2021, 1.00 ,8.995, 0.014 , 0.159 , 0.072 , 0.015 , 0.672 , 0.292 , 2.310 ,4.106," 5,161 ", 879 , 23.5 ," 366,093 "
14-Mar-2021, 1.00 ,18.285, 0.010 , 0.119 , 0.073 , 0.012 , 0.581 , 0.291 , 3.323 ,4.702," 3,158 ", 685 , 16.3 ," 340,444 "
15-Mar-2021, -   ,0.553, 0.009 , 0.105 , 0.060 , 0.010 , 0.127 , 0.081 , 2.211 ,2.639," 6,280 ", 855 , 17.9 ," 332,670 "
16-Mar-2021, -   ,4.47, 0.011 , 0.125 , 0.065 , 0.012 , 0.658 , 0.282 , 2.814 ,3.544," 5,050 ", 756 , 19.2 ," 351,858 "
17-Mar-2021, -   ,10.069, 0.011 , 0.134 , 0.070 , 0.013 , 0.900 , 0.454 , 3.025 ,3.557," 2,556 ", 493 , 19.0 ," 356,553 "
18-Mar-2021, -   ,30.646, 0.013 , 0.155 , 0.075 , 0.013 , 0.876 , 0.436 , 3.001 ,3.53," 2,379 ", 332 , 19.8 ,
19-Mar-2021, -   ,25.596, 0.013 , 0.152 , 0.094 , 0.014 , 0.885 , 0.438 , 3.421 ,3.801," 2,938 ", 456 , 20.0 ,
20-Mar-2021, 1.00 ,59.874, 0.013 , 0.163 , 0.097 , 0.014 , 0.962 , 0.479 , 4.315 ,5.006," 1,816 ", 264 , 20.3 ,
21-Mar-2021, 1.00 ,35.21, 0.012 , 0.153 , 0.087 , 0.013 , 0.968 , 0.485 , 3.365 ,4.165," 1,683 ", 251 , 19.1 ,
22-Mar-2021, -   ,36.469, 0.013 , 0.152 , 0.094 , 0.014 , 0.968 , 0.483 , 3.486 ,4.347," 1,537 ", 246 , 18.5 ,
23-Mar-2021, -   ,22.029, 0.014 , 0.161 , 0.108 , 0.015 , 0.324 , 0.247 , 2.862 ,4.584," 2,945 ", 663 , 19.4 ,
24-Mar-2021, -   ,0.555, 0.011 , 0.140 , 0.114 , 0.013 , 0.182 , 0.130 , 2.356 ,3.032," 5,935 ", 847 , 19.2 ,
25-Mar-2021, -   ,1.168, 0.010 , 0.125 , 0.119 , 0.012 , 0.132 , 0.104 , 1.999 ,2.558," 5,619 ", 713 , 18.1 ,
26-Mar-2021, -   ,0.087, 0.010 , 0.114 , 0.120 , 0.011 , 0.482 , 0.078 , 1.399 ,1.668," 6,054 ", 853 , 18.0 ,
27-Mar-2021, 1.00 ,0.252, 0.010 , 0.119 , 0.132 , 0.011 , 0.317 , 0.098 , 1.539 ,1.793," 5,779 ", 810 , 18.4 ,
28-Mar-2021, 1.00 ,1.292, 0.010 , 0.116 , 0.089 , 0.011 , 0.367 , 0.101 , 1.320 ,2.151," 5,623 ", 843 , 18.0 ,
29-Mar-2021, -   ,0.484, 0.010 , 0.116 , 0.084 , 0.011 , 0.423 , 0.110 , 2.166 ,2.927," 5,776 ", 824 , 18.0 ,
30-Mar-2021, -   ,0.268, 0.009 , 0.109 , 0.077 , 0.010 , 0.447 , 0.277 , 2.505 ,3.037," 5,016 ", 744 , 16.8 ,
31-Mar-2021, -   ,0.391, 0.010 , 0.115 , 0.105 , 0.010 , 0.218 , 0.040 , 2.064 ,2.77," 5,720 ", 799 , 17.5 ,
01-Apr-2021, -   ,0.513, 0.011 , 0.125 , 0.117 , 0.012 , 0.200 , 0.079 , 1.456 ,1.686," 5,706 ", 807 , 18.6 ,
02-Apr-2021, -   ,0.077, 0.011 , 0.128 , 0.109 , 0.012 , 0.063 , 0.039 , 1.482 ,1.774," 5,665 ", 801 , 19.1 ,
03-Apr-2021, 1.00 ,0.087, 0.011 , 0.133 , 0.114 , 0.012 , 0.259 , 0.056 , 1.849 ,2.03," 5,539 ", 788 , 19.3 ,
04-Apr-2021, 1.00 ,0.214, 0.012 , 0.144 , 0.118 , 0.013 , 0.429 , 0.110 , 1.442 ,1.868," 5,247 ", 759 , 20.7 ,
05-Apr-2021, -   ,1.059, 0.013 , 0.155 , 0.108 , 0.014 , 0.276 , 0.135 , 1.637 ,1.888," 5,062 ", 756 , 20.7 ,
06-Apr-2021, -   ,5.686, 0.013 , 0.154 , 0.131 , 0.013 , 0.237 , 0.135 , 1.895 ,2.191," 4,729 ", 671 , 20.1 ,
07-Apr-2021, -   ,6.922, 0.013 , 0.148 , 0.122 , 0.013 , 0.463 , 0.163 , 1.698 ,2.131," 4,515 ", 711 , 19.8 ,
08-Apr-2021, -   ,0.713, 0.012 , 0.140 , 0.102 , 0.012 , 0.212 , 0.154 , 1.671 ,2.366," 4,425 ", 596 , 19.1 ,
09-Apr-2021, -   ,0.725, 0.011 , 0.129 , 0.101 , 0.012 , 0.257 , 0.176 , 1.826 ,2.986," 4,469 ", 665 , 18.2 ,
10-Apr-2021, 1.00 ,0.11, 0.008 , 0.090 , 0.111 , 0.009 , 0.048 , 0.025 , 2.913 ,4.405," 5,343 ", 769 , 15.1 ,
11-Apr-2021, 1.00 ,0.037, 0.006 , 0.072 , 0.122 , 0.006 , 0.039 , 0.029 , 3.288 ,4.461," 5,254 ", 758 , 11.7 ,
12-Apr-2021, -   ,0, 0.007 , 0.078 , 0.134 , 0.007 , 0.016 , 0.011 , 1.958 ,2.818," 5,436 ", 787 , 13.3 ,
13-Apr-2021, -   ,0.001, 0.008 , 0.087 , 0.155 , 0.009 , 0.160 , 0.079 , 1.873 ,2.391," 5,150 ", 761 , 15.0 ,
14-Apr-2021, -   ,0, 0.008 , 0.101 , 0.140 , 0.010 , 0.106 , 0.045 , 2.017 ,2.567," 4,941 ", 716 , 16.7 ,
15-Apr-2021, -   ,0.001, 0.008 , 0.095 , 0.108 , 0.009 , 0.182 , 0.048 , 1.992 ,3.04," 5,179 ", 765 , 16.4 ,
16-Apr-2021, -   ,0.216, 0.008 , 0.102 , 0.103 , 0.009 , 0.625 , 0.290 , 2.088 ,3.11," 3,804 ", 694 , 15.9 ,
17-Apr-2021, 1.00 ,1.787, 0.008 , 0.096 , 0.108 , 0.009 , 0.261 , 0.209 , 1.380 ,1.714," 2,942 ", 529 , 14.3 ,
18-Apr-2021, 1.00 ,0.043, 0.008 , 0.092 , 0.115 , 0.009 , 0.076 , 0.039 , 1.442 ,1.605," 4,855 ", 712 , 14.6 ,
19-Apr-2021, -   ,0.036, 0.008 , 0.091 , 0.111 , 0.009 , 0.067 , 0.049 , 1.571 ,2.032," 4,977 ", 736 , 14.8 ,
20-Apr-2021, -   ,0.202, 0.008 , 0.088 , 0.128 , 0.009 , 0.334 , 0.214 , 2.338 ,3.362," 4,291 ", 673 , 14.8 ,
21-Apr-2021, -   ,0.003, 0.007 , 0.075 , 0.118 , 0.007 , 0.134 , 0.028 , 2.083 ,3.11," 4,836 ", 724 , 12.7 ,
22-Apr-2021, -   ,0, 0.006 , 0.069 , 0.110 , 0.007 , 0.075 , 0.055 , 2.391 ,2.645," 4,664 ", 693 , 12.1 ,
23-Apr-2021, -   ,0, 0.007 , 0.084 , 0.108 , 0.007 , 0.222 , 0.132 , 1.409 ,2.554," 4,745 ", 718 , 13.8 ,
24-Apr-2021, 1.00 ,0.009, 0.007 , 0.086 , 0.108 , 0.008 , 0.126 , 0.105 , 1.409 ,1.593," 4,537 ", 668 , 14.1 ,
25-Apr-2021, 1.00 ,0.004, 0.008 , 0.097 , 0.128 , 0.009 , 0.041 , 0.024 , 1.338 ,1.683," 4,538 ", 690 , 14.6 ,
26-Apr-2021, -   ,0.028, 0.008 , 0.099 , 0.101 , 0.009 , 0.027 , 0.016 , 1.155 ,1.512," 4,553 ", 692 , 15.2 ,
27-Apr-2021, -   ,0.122, 0.009 , 0.106 , 0.096 , 0.009 , 0.372 , 0.193 , 1.293 ,1.771," 4,270 ", 683 , 16.2 ,
28-Apr-2021, -   ,0.135, 0.009 , 0.109 , 0.086 , 0.010 , 0.598 , 0.289 , 1.310 ,1.546," 3,897 ", 616 , 15.9 ,
29-Apr-2021, -   ,0.257, 0.009 , 0.109 , 0.091 , 0.010 , 0.103 , 0.057 , 1.199 ,1.493," 4,248 ", 652 , 16.3 ,
30-Apr-2021, -   ,1.175, 0.010 , 0.116 , 0.092 , 0.011 , 0.096 , 0.047 , 1.415 ,1.733," 4,192 ", 649 , 17.1 ,
01-May-2021, 1.00 ,0.219, 0.011 , 0.122 , 0.103 , 0.011 , 0.430 , 0.226 , 1.760 ,1.918," 3,775 ", 613 , 17.2 ,
02-May-2021, 1.00 ,0.868, 0.011 , 0.122 , 0.125 , 0.011 , 0.544 , 0.293 , 1.682 ,2.047," 2,834 ", 454 , 16.9 ,
03-May-2021, -   ,1.184, 0.010 , 0.121 , 0.143 , 0.011 , 0.562 , 0.196 , 1.350 ,1.743," 3,714 ", 633 , 17.3 ,
04-May-2021, -   ,8.612, 0.010 , 0.120 , 0.150 , 0.010 , 0.873 , 0.416 , 1.557 ,1.931," 1,835 ", 326 , 14.8 ,
05-May-2021, -   ,8.522, 0.011 , 0.127 , 0.130 , 0.012 , 0.786 , 0.400 , 2.769 ,4.225," 1,957 ", 340 , 15.8 ,
06-May-2021, -   ,15.623, 0.012 , 0.138 , 0.123 , 0.012 , 0.581 , 0.311 , 2.785 ,4.277," 2,127 ", 323 , 17.1 ,
07-May-2021, -   ,1.266, 0.011 , 0.134 , 0.136 , 0.012 , 0.410 , 0.265 , 1.758 ,2.484," 3,047 ", 469 , 17.0 ,
08-May-2021, 1.00 ,0.138, 0.010 , 0.122 , 0.136 , 0.011 , 0.838 , 0.395 , 1.260 ,1.768," 2,992 ", 494 , 17.2 ,
09-May-2021, 1.00 ,1.092, 0.009 , 0.110 , 0.108 , 0.010 , 0.216 , 0.129 , 1.279 ,1.919," 3,346 ", 485 , 15.9 ,
10-May-2021, -   ,1.361, 0.009 , 0.110 , 0.115 , 0.010 , 0.445 , 0.150 , 1.618 ,2.044," 3,710 ", 617 , 16.0 ,
11-May-2021, -   ,2.069, 0.009 , 0.110 , 0.132 , 0.010 , 0.555 , 0.329 , 1.427 ,1.675," 2,856 ", 485 , 14.9 ,
12-May-2021, -   ,1.235, 0.010 , 0.119 , 0.143 , 0.011 , 0.308 , 0.165 , 1.449 ,1.786," 2,921 ", 463 , 15.3 ,
13-May-2021, -   ,0.059, 0.008 , 0.098 , 0.132 , 0.010 , 0.058 , 0.033 , 2.091 ,3.3," 3,824 ", 594 , 14.1 ,
14-May-2021, -   ,0.035, 0.006 , 0.072 , 0.157 , 0.006 , 0.102 , 0.043 , 2.603 ,3.362," 3,946 ", 625 , 11.8 ,
15-May-2021, 1.00 ,0.083, 0.005 , 0.065 , 0.139 , 0.006 , 0.116 , 0.046 , 3.357 ,4.215," 3,683 ", 575 , 10.0 ,
16-May-2021, 1.00 ,0.014, 0.005 , 0.065 , 0.120 , 0.006 , 0.040 , 0.021 , 2.294 ,2.849," 3,928 ", 623 , 10.1 ,
17-May-2021, -   ,0.009, 0.006 , 0.073 , 0.126 , 0.007 , 0.043 , 0.021 , 1.944 ,2.877," 3,827 ", 607 , 11.1 ,
18-May-2021, -   ,0.008, 0.007 , 0.074 , 0.134 , 0.007 , 0.019 , 0.008 , 1.449 ,1.708," 3,811 ", 602 , 11.9 ,
19-May-2021, -   ,0.008, 0.006 , 0.074 , 0.153 , 0.007 , 0.198 , 0.086 , 1.463 ,1.855," 3,757 ", 603 , 12.3 ,
20-May-2021, -   ,0, 0.007 , 0.080 , 0.141 , 0.008 , 0.300 , 0.080 , 1.727 ,2.265," 3,597 ", 580 , 13.1 ,
21-May-2021, -   ,0.84, 0.008 , 0.093 , 0.123 , 0.008 , 0.210 , 0.149 , 2.104 ,2.806," 2,887 ", 465 , 13.1 ,
22-May-2021, 1.00 ,0.166, 0.008 , 0.096 , 0.121 , 0.008 , 0.391 , 0.170 , 1.410 ,1.876," 3,456 ", 554 , 13.5 ,
23-May-2021, 1.00 ,1.393, 0.009 , 0.109 , 0.154 , 0.010 , 0.344 , 0.212 , 1.757 ,2.051," 3,362 ", 552 , 14.7 ,
24-May-2021, -   ,0.43, 0.009 , 0.108 , 0.128 , 0.009 , 0.455 , 0.190 , 1.718 ,2.075," 3,282 ", 536 , 14.8 ,
25-May-2021, -   ,1.016, 0.009 , 0.101 , 0.134 , 0.009 , 0.425 , 0.206 , 2.309 ,2.63," 3,346 ", 541 , 14.8 ,
26-May-2021, -   ,0.04, 0.007 , 0.079 , 0.133 , 0.007 , 0.035 , 0.016 , 2.532 ,2.782," 3,542 ", 567 , 12.4 ,
27-May-2021, -   ,0.002, 0.006 , 0.074 , 0.156 , 0.007 , 0.051 , 0.025 , 2.668 ,3.753," 3,561 ", 580 , 11.5 ,
28-May-2021, -   ,0.009, 0.006 , 0.069 , 0.147 , 0.006 , 0.191 , 0.107 , 3.657 ,4.13," 3,256 ", 561 , 10.5 ,
29-May-2021, 1.00 ,0.087, 0.007 , 0.078 , 0.096 , 0.007 , 0.635 , 0.319 , 3.290 ,3.98," 1,958 ", 367 , 11.0 ,
30-May-2021, 1.00 ,0.074, 0.007 , 0.079 , 0.093 , 0.007 , 0.439 , 0.218 , 2.282 ,3.249," 1,980 ", 381 , 11.1 ,
31-May-2021, -   ,0.005, 0.006 , 0.073 , 0.095 , 0.007 , 0.293 , 0.139 , 1.423 ,1.95," 3,326 ", 545 , 11.5 ,
01-Jun-2021, -   ,6.135, 0.007 , 0.082 , 0.110 , 0.007 , 0.653 , 0.340 , 1.294 ,1.855," 2,739 ", 473 , 12.8 ,
02-Jun-2021, -   ,3.375, 0.008 , 0.091 , 0.107 , 0.008 , 0.730 , 0.369 , 1.444 ,1.846," 2,563 ", 501 , 13.9 ,
03-Jun-2021, -   ,1.327, 0.009 , 0.103 , 0.096 , 0.009 , 0.705 , 0.332 , 1.973 ,3.151," 1,323 ", 342 , 12.0 ,
04-Jun-2021, -   ,0.365, 0.007 , 0.082 , 0.112 , 0.008 , 0.256 , 0.120 , 2.629 ,3.302," 3,061 ", 510 , 11.4 ,
05-Jun-2021, 1.00 ,0.073, 0.005 , 0.061 , 0.127 , 0.006 , 0.326 , 0.034 , 1.729 ,2.123," 3,352 ", 544 , 9.9 ,
06-Jun-2021, 1.00 ,2.663, 0.006 , 0.072 , 0.141 , 0.007 , 0.241 , 0.134 , 1.428 ,1.9," 3,275 ", 541 , 11.3 ,
07-Jun-2021, -   ,0.759, 0.007 , 0.075 , 0.179 , 0.007 , 0.836 , 0.412 , 2.061 ,2.471," 2,905 ", 509 , 11.7 ,
08-Jun-2021, -   ,0.002, 0.007 , 0.080 , 0.187 , 0.008 , 0.456 , 0.209 , 2.443 ,3.13," 2,789 ", 504 , 11.4 ,
09-Jun-2021, -   ,0.25, 0.005 , 0.065 , 0.187 , 0.006 , 0.475 , 0.215 , 2.498 ,2.971," 2,471 ", 477 , 7.6 ,
10-Jun-2021, -   ,13.907, 0.006 , 0.071 , 0.154 , 0.006 , 0.683 , 0.344 , 2.049 ,3.064," 1,274 ", 290 , 6.9 ,
11-Jun-2021, -   ,4.387, 0.006 , 0.077 , 0.131 , 0.007 , 0.253 , 0.169 , 2.297 ,2.489," 2,663 ", 439 , 8.9 ,
12-Jun-2021, 1.00 ,7.204, 0.006 , 0.072 , 0.141 , 0.006 , 0.097 , 0.060 , 2.215 ,2.585," 3,151 ", 528 , 10.3 ,
13-Jun-2021, 1.00 ,6.422, 0.006 , 0.072 , 0.144 , 0.006 , 0.519 , 0.163 , 1.728 ,2.575," 3,056 ", 529 , 10.6 ,
14-Jun-2021, -   ,5.31, 0.007 , 0.084 , 0.102 , 0.008 , 0.261 , 0.145 , 1.559 ,1.81," 2,706 ", 437 , 11.4 ,
15-Jun-2021, -   ,2.006, 0.007 , 0.087 , 0.116 , 0.008 , 0.162 , 0.112 , 1.255 ,1.592," 2,884 ", 473 , 11.6 ,
16-Jun-2021, -   ,0.128, 0.008 , 0.085 , 0.131 , 0.009 , 0.298 , 0.060 , 2.320 ,3.131," 3,150 ", 528 , 12.3 ,
17-Jun-2021, -   ,0.041, 0.006 , 0.077 , 0.123 , 0.007 , 0.125 , 0.054 , 2.747 ,3.223," 3,071 ", 512 , 10.8 ,
18-Jun-2021, -   ,1.361, 0.007 , 0.084 , 0.132 , 0.007 , 0.493 , 0.185 , 3.955 ,4.93," 2,669 ", 491 , 11.4 ,
19-Jun-2021, 1.00 ,2.689, 0.008 , 0.090 , 0.149 , 0.008 , 0.562 , 0.264 , 4.231 ,5.384," 1,635 ", 284 , 11.5 ,
20-Jun-2021, 1.00 ,2.794, 0.008 , 0.091 , 0.146 , 0.008 , 0.381 , 0.206 , 2.594 ,3.727," 2,136 ", 363 , 11.5 ,
21-Jun-2021, -   ,1.073, 0.007 , 0.084 , 0.132 , 0.007 , 0.396 , 0.188 , 1.756 ,2.464," 2,659 ", 472 , 11.6 ,
22-Jun-2021, -   ,0.856, 0.008 , 0.090 , 0.133 , 0.008 , 0.732 , 0.276 , 1.619 ,1.938," 2,715 ", 516 , 12.6 ,
23-Jun-2021, -   ,5.411, 0.008 , 0.097 , 0.144 , 0.009 , 0.954 , 0.473 , 2.394 ,3.042," 2,123 ", 394 , 13.6 ,
24-Jun-2021, -   ,0.573, 0.009 , 0.101 , 0.136 , 0.009 , 0.371 , 0.207 , 2.553 ,3.895," 2,108 ", 360 , 13.2 ,
25-Jun-2021, -   ,0.191, 0.007 , 0.084 , 0.132 , 0.007 , 0.211 , 0.106 , 2.215 ,2.64," 2,825 ", 471 , 11.4 ,
26-Jun-2021, 1.00 ,0.061, 0.006 , 0.072 , 0.150 , 0.006 , 0.111 , 0.055 , 2.400 ,2.924," 3,024 ", 490 , 10.5 ,
27-Jun-2021, 1.00 ,0.028, 0.006 , 0.076 , 0.173 , 0.007 , 0.149 , 0.083 , 1.644 ,2.369," 3,055 ", 527 , 10.7 ,
28-Jun-2021, -   ,0.298, 0.007 , 0.087 , 0.171 , 0.008 , 0.284 , 0.150 , 2.056 ,2.491," 2,626 ", 452 , 11.7 ,
29-Jun-2021, -   ,0.425, 0.008 , 0.097 , 0.157 , 0.009 , 0.321 , 0.165 , 1.713 ,1.947," 2,262 ", 367 , 12.6 ,
30-Jun-2021, -   ,0.743, 0.009 , 0.105 , 0.129 , 0.009 , 0.414 , 0.240 , 1.741 ,1.924," 2,458 ", 461 , 13.3 ,
01-Jul-2021, -   ,0.029, 0.009 , 0.105 , 0.113 , 0.010 , 0.713 , 0.368 , 1.756 ,2.205," 1,553 ", 258 , 12.8 ,
02-Jul-2021, -   ,0.011, 0.008 , 0.093 , 0.119 , 0.009 , 0.383 , 0.114 , 1.736 ,1.945," 2,821 ", 481 , 11.8 ,
03-Jul-2021, 1.00 ,0.05, 0.006 , 0.075 , 0.120 , 0.007 , 0.174 , 0.086 , 1.852 ,2.538," 2,895 ", 470 , 10.3 ,
04-Jul-2021, 1.00 ,2.477, 0.005 , 0.065 , 0.131 , 0.006 , 0.209 , 0.056 , 2.111 ,2.494," 3,274 ", 539 , 8.7 ,
05-Jul-2021, -   ,12.25, 0.005 , 0.060 , 0.134 , 0.005 , 0.393 , 0.219 , 2.021 ,2.495," 3,106 ", 530 , 8.5 ,
06-Jul-2021, -   ,5.89, 0.005 , 0.060 , 0.155 , 0.005 , 0.666 , 0.321 , 1.582 ,1.824," 2,759 ", 431 , 8.4 ,
07-Jul-2021, -   ,2.063, 0.005 , 0.063 , 0.150 , 0.006 , 0.302 , 0.187 , 0.997 ,1.213," 3,174 ", 538 , 9.6 ,
08-Jul-2021, -   ,24.11, 0.007 , 0.080 , 0.161 , 0.008 , 0.930 , 0.466 , 1.340 ,1.725," 2,243 ", 465 , 11.3 ,
09-Jul-2021, -   ,2.951, 0.007 , 0.091 , 0.113 , 0.008 , 0.795 , 0.417 , 3.220 ,4.042," 1,114 ", 169 , 10.1 ,
10-Jul-2021, 1.00 ,7.182, 0.007 , 0.090 , 0.086 , 0.008 , 0.546 , 0.330 , 2.802 ,4.058," 1,456 ", 285 , 10.6 ,
11-Jul-2021, 1.00 ,20.922, 0.007 , 0.081 , 0.111 , 0.007 , 0.514 , 0.255 , 1.438 ,2.241," 2,785 ", 495 , 11.7 ,
12-Jul-2021, -   ,22.74, 0.007 , 0.084 , 0.130 , 0.007 , 0.419 , 0.265 , 1.672 ,1.939," 2,638 ", 429 , 10.9 ,
13-Jul-2021, -   ,3.454, 0.007 , 0.081 , 0.115 , 0.007 , 0.767 , 0.327 , 1.880 ,2.5," 2,965 ", 546 , 11.8 ,
14-Jul-2021, -   ,1.785, 0.008 , 0.094 , 0.107 , 0.009 , 0.545 , 0.299 , 2.422 ,2.754," 1,988 ", 419 , 12.9 ,
15-Jul-2021, -   ,0.95, 0.008 , 0.098 , 0.111 , 0.009 , 0.188 , 0.097 , 2.100 ,3.125," 3,031 ", 510 , 13.3 ,
16-Jul-2021, -   ,0.115, 0.006 , 0.078 , 0.134 , 0.008 , 0.195 , 0.122 , 3.983 ,4.834," 2,860 ", 498 , 11.4 ,
17-Jul-2021, 1.00 ,0.106, 0.006 , 0.065 , 0.146 , 0.006 , 0.208 , 0.132 , 4.003 ,5.162," 2,755 ", 395 , 9.8 ,
18-Jul-2021, 1.00 ,0.084, 0.006 , 0.072 , 0.159 , 0.006 , 0.369 , 0.189 , 1.956 ,3.14," 3,201 ", 541 , 9.5 ,
19-Jul-2021, -   ,1.036, 0.006 , 0.066 , 0.149 , 0.006 , 0.428 , 0.231 , 2.063 ,3.122," 2,716 ", 421 , 9.0 ,
20-Jul-2021, -   ,3.898, 0.006 , 0.068 , 0.154 , 0.006 , 0.682 , 0.303 , 3.416 ,4.515," 2,718 ", 528 , 9.6 ,
21-Jul-2021, -   ,13.152, 0.005 , 0.060 , 0.174 , 0.005 , 0.073 , 0.048 , 2.627 ,4.51," 3,340 ", 530 , 7.9 ,
22-Jul-2021, -   ,11.579, 0.006 , 0.065 , 0.150 , 0.006 , 0.715 , 0.275 , 2.040 ,2.708," 3,161 ", 582 , 9.8 ,
23-Jul-2021, -   ,2.099, 0.007 , 0.082 , 0.142 , 0.007 , 0.571 , 0.268 , 2.239 ,3.016," 2,226 ", 359 , 10.6 ,
24-Jul-2021, 1.00 ,1.563, 0.006 , 0.070 , 0.170 , 0.007 , 0.189 , 0.059 , 3.669 ,4.484," 3,381 ", 526 , 10.7 ,
25-Jul-2021, 1.00 ,12.11, 0.005 , 0.065 , 0.174 , 0.006 , 0.097 , 0.050 , 3.301 ,4.847," 3,559 ", 572 , 9.0 ,
26-Jul-2021, -   ,25.217, 0.006 , 0.073 , 0.144 , 0.007 , 0.293 , 0.075 , 2.305 ,3.246," 3,513 ", 548 , 11.5 ,
27-Jul-2021, -   ,16.679, 0.006 , 0.073 , 0.165 , 0.007 , 0.235 , 0.108 , 2.474 ,3.294," 3,758 ", 597 , 12.3 ,
28-Jul-2021, -   ,1.869, 0.007 , 0.080 , 0.120 , 0.008 , 0.310 , 0.162 , 2.877 ,3.581," 3,222 ", 553 , 12.7 ,
29-Jul-2021, -   ,0.468, 0.005 , 0.057 , 0.128 , 0.005 , 0.035 , 0.020 , 2.078 ,3.445," 3,957 ", 615 , 9.0 ,
30-Jul-2021, -   ,0.543, 0.005 , 0.056 , 0.167 , 0.005 , 0.042 , 0.029 , 1.872 ,2.146," 3,962 ", 633 , 10.1 ,
31-Jul-2021, 1.00 ,4.556, 0.008 , 0.088 , 0.171 , 0.008 , 0.072 , 0.054 , 2.378 ,2.948," 3,646 ", 581 , 14.5 ,
01-Aug-2021, 1.00 ,2.131, 0.008 , 0.092 , 0.164 , 0.009 , 0.273 , 0.148 , 1.991 ,2.712," 3,284 ", 567 , 13.0 ,
02-Aug-2021, -   ,0.368, 0.008 , 0.087 , 0.140 , 0.009 , 0.266 , 0.138 , 2.525 ,3.043," 3,534 ", 608 , 12.9 ,
03-Aug-2021, -   ,1.066, 0.006 , 0.072 , 0.132 , 0.008 , 0.129 , 0.060 , 3.371 ,4.411," 3,645 ", 559 , 10.9 ,
04-Aug-2021, -   ,2.599, 0.006 , 0.065 , 0.129 , 0.006 , 0.161 , 0.092 , 3.733 ,4.827," 3,784 ", 587 , 10.2 ,
05-Aug-2021, -   ,1.537, 0.006 , 0.072 , 0.125 , 0.006 , 0.099 , 0.047 , 2.597 ,3.474," 3,933 ", 609 , 11.3 ,
06-Aug-2021, -   ,2.139, 0.006 , 0.072 , 0.125 , 0.006 , 0.090 , 0.038 , 1.598 ,2.411," 4,084 ", 637 , 11.3 ,
07-Aug-2021, 1.00 ,8.132, 0.006 , 0.073 , 0.148 , 0.007 , 0.194 , 0.113 , 2.079 ,2.563," 3,807 ", 639 , 11.4 ,
08-Aug-2021, 1.00 ,11.042, 0.007 , 0.082 , 0.168 , 0.007 , 0.453 , 0.197 , 2.067 ,2.798," 2,864 ", 422 , 11.5 ,
09-Aug-2021, -   ,15.956, 0.007 , 0.084 , 0.131 , 0.007 , 0.221 , 0.130 , 1.878 ,2.344," 3,644 ", 584 , 12.4 ,
10-Aug-2021, -   ,5.547, 0.007 , 0.084 , 0.129 , 0.007 , 0.055 , 0.040 , 2.150 ,2.962," 4,053 ", 631 , 13.7 ,
11-Aug-2021, -   ,0.434, 0.008 , 0.088 , 0.144 , 0.008 , 0.126 , 0.058 , 2.732 ,3.188," 4,135 ", 647 , 15.5 ,
12-Aug-2021, -   ,0.156, 0.006 , 0.067 , 0.142 , 0.006 , 0.080 , 0.037 , 1.586 ,2.753," 4,311 ", 654 , 12.3 ,
13-Aug-2021, -   ,0, 0.006 , 0.066 , 0.123 , 0.006 , 0.060 , 0.031 , 1.320 ,1.618," 4,324 ", 657 , 12.0 ,
14-Aug-2021, 1.00 ,0.009, 0.007 , 0.073 , 0.145 , 0.007 , 0.050 , 0.030 , 1.423 ,1.928," 4,413 ", 666 , 12.2 ,
15-Aug-2021, 1.00 ,2.016, 0.006 , 0.062 , 0.167 , 0.006 , 0.032 , 0.017 , 1.955 ,2.777," 4,551 ", 688 , 12.5 ,
16-Aug-2021, -   ,1.062, 0.006 , 0.070 , 0.167 , 0.006 , 0.065 , 0.036 , 2.748 ,3.105," 4,483 ", 678 , 12.3 ,
17-Aug-2021, -   ,0.45, 0.006 , 0.066 , 0.168 , 0.006 , 0.093 , 0.032 , 1.965 ,2.5," 4,552 ", 691 , 11.3 ,
18-Aug-2021, -   ,4.245, 0.006 , 0.072 , 0.147 , 0.007 , 0.324 , 0.080 , 1.466 ,1.735," 4,527 ", 672 , 11.9 ,
19-Aug-2021, -   ,2.662, 0.007 , 0.082 , 0.118 , 0.008 , 0.324 , 0.136 , 1.583 ,1.786," 4,486 ", 681 , 13.7 ,
20-Aug-2021, -   ,0.156, 0.007 , 0.078 , 0.151 , 0.007 , 0.469 , 0.186 , 1.479 ,1.975," 4,132 ", 699 , 14.3 ,
21-Aug-2021, 1.00 ,0.517, 0.007 , 0.084 , 0.159 , 0.007 , 0.117 , 0.108 , 1.593 ,2.278," 3,854 ", 551 , 14.4 ,
22-Aug-2021, 1.00 ,2.395, 0.008 , 0.092 , 0.138 , 0.009 , 0.126 , 0.046 , 2.293 ,3.236," 4,625 ", 705 , 16.8 ,
23-Aug-2021, -   ,6.389, 0.009 , 0.107 , 0.155 , 0.010 , 0.784 , 0.338 , 2.523 ,4.275," 2,736 ", 570 , 14.8 ,
24-Aug-2021, -   ,0.503, 0.006 , 0.076 , 0.155 , 0.007 , 0.670 , 0.340 , 5.358 ,6.016," 2,123 ", 403 , 8.6 ,
25-Aug-2021, -   ,2.258, 0.006 , 0.071 , 0.137 , 0.006 , 0.143 , 0.102 , 3.036 ,4.839," 4,282 ", 600 , 10.4 ,
26-Aug-2021, -   ,4.088, 0.006 , 0.072 , 0.109 , 0.007 , 0.536 , 0.216 , 2.006 ,2.415," 4,511 ", 706 , 11.7 ,
27-Aug-2021, -   ,13.006, 0.006 , 0.069 , 0.108 , 0.006 , 0.245 , 0.152 , 2.625 ,3.367," 4,242 ", 679 , 11.2 ,
28-Aug-2021, 1.00 ,1.152, 0.006 , 0.068 , 0.114 , 0.007 , 0.232 , 0.194 , 1.718 ,3.271," 3,583 ", 507 , 11.4 ,
29-Aug-2021, 1.00 ,1.911, 0.006 , 0.068 , 0.109 , 0.007 , 0.300 , 0.210 , 1.716 ,2.121," 3,802 ", 598 , 11.9 ,
30-Aug-2021, -   ,0.071, 0.006 , 0.066 , 0.108 , 0.006 , 0.601 , 0.253 , 1.407 ,1.697," 4,487 ", 703 , 12.7 ,
31-Aug-2021, -   ,0.408, 0.007 , 0.078 , 0.119 , 0.007 , 0.399 , 0.191 , 1.571 ,1.894," 5,140 ", 755 , 14.5 ,
01-Sep-2021, -   ,0.008, 0.008 , 0.091 , 0.148 , 0.010 , 0.211 , 0.098 , 1.596 ,2.875," 5,178 ", 759 , 16.2 ,
02-Sep-2021, -   ,0.189, 0.009 , 0.109 , 0.151 , 0.010 , 0.058 , 0.025 , 2.791 ,3.361," 5,160 ", 756 , 16.8 ,
03-Sep-2021, -   ,8.078, 0.009 , 0.103 , 0.144 , 0.010 , 0.334 , 0.199 , 2.720 ,2.987," 4,676 ", 742 , 16.9 ,
04-Sep-2021, 1.00 ,0.242, 0.009 , 0.104 , 0.145 , 0.010 , 0.857 , 0.394 , 2.326 ,3.515," 2,645 ", 493 , 14.5 ,
05-Sep-2021, 1.00 ,0.001, 0.006 , 0.071 , 0.166 , 0.006 , 0.201 , 0.094 , 3.243 ,4.104," 4,898 ", 675 , 11.0 ,
06-Sep-2021, -   ,0.027, 0.005 , 0.059 , 0.175 , 0.006 , 0.027 , 0.014 , 2.884 ,4.251," 5,718 ", 810 , 11.2 ,
07-Sep-2021, -   ,0.003, 0.007 , 0.074 , 0.174 , 0.007 , 0.151 , 0.053 , 1.885 ,2.94," 5,581 ", 809 , 13.3 ,
08-Sep-2021, -   ,5.041, 0.007 , 0.079 , 0.111 , 0.008 , 0.025 , 0.016 , 1.605 ,2.081," 5,682 ", 792 , 13.9 ,
09-Sep-2021, -   ,2.258, 0.006 , 0.072 , 0.108 , 0.007 , 0.792 , 0.377 , 1.881 ,2.056," 5,619 ", 829 , 16.6 ,
10-Sep-2021, -   ,6.559, 0.007 , 0.076 , 0.135 , 0.008 , 0.185 , 0.157 , 1.865 ,2.369," 5,590 ", 759 , 15.7 ,
11-Sep-2021, 1.00 ,0.512, 0.006 , 0.073 , 0.134 , 0.007 , 0.004 , 0.003 , 2.358 ,2.894," 5,930 ", 838 , 17.7 ,
12-Sep-2021, 1.00 ,0.049, 0.006 , 0.075 , 0.156 , 0.007 , 0.056 , 0.035 , 2.595 ,3.104," 5,723 ", 816 , 15.9 ,
13-Sep-2021, -   ,0.037, 0.007 , 0.079 , 0.148 , 0.007 , 0.598 , 0.258 , 2.943 ,3.616," 4,136 ", 717 , 11.8 ,
14-Sep-2021, -   ,0.327, 0.006 , 0.075 , 0.158 , 0.007 , 0.283 , 0.173 , 3.217 ,4.008," 4,094 ", 545 , 11.1 ,
15-Sep-2021, -   ,0.106, 0.007 , 0.080 , 0.144 , 0.007 , 0.269 , 0.166 , 2.614 ,3.389," 4,525 ", 615 , 12.3 ,
16-Sep-2021, -   ,6.214, 0.007 , 0.083 , 0.148 , 0.007 , 0.230 , 0.121 , 1.641 ,2.278," 4,682 ", 653 , 12.9 ,
17-Sep-2021, -   ,0.164, 0.008 , 0.087 , 0.164 , 0.008 , 0.439 , 0.092 , 2.535 ,2.996," 5,795 ", 844 , 16.3 ,
18-Sep-2021, 1.00 ,2.356, 0.007 , 0.088 , 0.129 , 0.009 , 0.226 , 0.179 , 2.429 ,3.307," 4,741 ", 718 , 15.0 ,
19-Sep-2021, 1.00 ,1.798, 0.005 , 0.061 , 0.126 , 0.006 , 0.016 , 0.012 , 2.062 ,2.941," 6,287 ", 868 , 14.7 ,
20-Sep-2021, -   ,1.264, 0.006 , 0.066 , 0.127 , 0.006 , 0.157 , 0.058 , 3.203 ,4.155," 6,036 ", 855 , 14.0 ,
21-Sep-2021, -   ,0.356, 0.005 , 0.062 , 0.127 , 0.006 , 0.171 , 0.112 , 3.513 ,4.72," 5,142 ", 689 , 10.6 ,
22-Sep-2021, -   ,0.121, 0.006 , 0.072 , 0.124 , 0.007 , 0.042 , 0.027 , 1.921 ,2.612," 6,175 ", 831 , 13.2 ,
23-Sep-2021, -   ,1.059, 0.006 , 0.073 , 0.125 , 0.007 , 0.006 , 0.002 , 1.629 ,2.408," 6,544 ", 887 , 16.4 ,
24-Sep-2021, -   ,3.474, 0.006 , 0.071 , 0.122 , 0.007 , 0.017 , 0.013 , 2.196 ,2.902," 6,526 ", 888 , 17.1 ,
25-Sep-2021, 1.00 ,0.651, 0.006 , 0.068 , 0.114 , 0.007 , 0.219 , 0.065 , 2.933 ,3.89," 6,301 ", 889 , 13.4 ,
26-Sep-2021, 1.00 ,0.143, 0.006 , 0.072 , 0.124 , 0.006 , 0.343 , 0.127 , 2.411 ,3.377," 5,684 ", 773 , 12.7 ,
27-Sep-2021, -   ,0.286, 0.007 , 0.079 , 0.132 , 0.008 , 0.409 , 0.099 , 2.326 ,2.95," 6,150 ", 834 , 14.7 ,
28-Sep-2021, -   ,1.002, 0.009 , 0.100 , 0.130 , 0.009 , 0.695 , 0.324 , 2.390 ,2.911," 4,784 ", 808 , 16.4 ,
29-Sep-2021, -   ,3.498, 0.010 , 0.115 , 0.141 , 0.010 , 0.903 , 0.427 , 2.285 ,2.62," 2,568 ", 541 , 15.8 ,
30-Sep-2021, -   ,1.237, 0.010 , 0.114 , 0.150 , 0.011 , 0.466 , 0.272 , 1.901 ,2.454," 4,772 ", 756 , 17.0 ,
01-Oct-2021, -   ,4.751, 0.009 , 0.112 , 0.157 , 0.010 , 0.422 , 0.258 , 1.568 ,2.191," 3,734 ", 676 , 15.5 ,
02-Oct-2021, 1.00 ,0.621, 0.009 , 0.100 , 0.152 , 0.009 , 0.243 , 0.111 , 1.547 ,2.38," 5,886 ", 833 , 15.8 ,
03-Oct-2021, 1.00 ,0.394, 0.008 , 0.097 , 0.152 , 0.009 , 0.155 , 0.064 , 1.290 ,1.985," 6,607 ", 903 , 17.6 ,
04-Oct-2021, -   ,0.069, 0.006 , 0.084 , 0.141 , 0.008 , 0.037 , 0.019 , 2.631 ,3.499," 6,959 ", 922 , 16.5 ,
05-Oct-2021, -   ,0.01, 0.005 , 0.065 , 0.131 , 0.006 , 0.028 , 0.004 , 2.839 ,3.812," 7,231 ", 941 , 14.0 ,
06-Oct-2021, -   ,0, 0.006 , 0.065 , 0.098 , 0.007 , 0.210 , 0.054 , 1.827 ,2.885," 7,153 ", 965 , 16.4 ,
07-Oct-2021, -   ,0.015, 0.007 , 0.084 , 0.072 , 0.008 , 0.438 , 0.144 , 2.074 ,3.286," 6,295 ", 841 , 17.2 ,
08-Oct-2021, -   ,1.03, 0.008 , 0.090 , 0.084 , 0.009 , 0.383 , 0.149 , 2.084 ,3.134," 6,890 ", 899 , 16.7 ,
09-Oct-2021, 1.00 ,4.386, 0.009 , 0.102 , 0.100 , 0.011 , 0.322 , 0.216 , 1.875 ,2.285," 6,144 ", 945 , 20.4 ,
10-Oct-2021, 1.00 ,2.443, 0.010 , 0.114 , 0.097 , 0.011 , 0.897 , 0.427 , 2.810 ,3.408," 3,139 ", 510 , 16.2 ,
11-Oct-2021, -   ,0.287, 0.007 , 0.084 , 0.098 , 0.007 , 0.844 , 0.401 , 2.788 ,3.622," 3,502 ", 495 , 13.4 ,
12-Oct-2021, -   ,0.33, 0.008 , 0.093 , 0.096 , 0.009 , 0.583 , 0.333 , 2.479 ,3.399," 3,602 ", 476 , 13.6 ,
13-Oct-2021, -   ,0.018, 0.010 , 0.117 , 0.097 , 0.011 , 0.591 , 0.299 , 2.983 ,3.368," 3,763 ", 600 , 15.8 ,
14-Oct-2021, -   ,1.305, 0.010 , 0.120 , 0.099 , 0.012 , 0.308 , 0.230 , 2.507 ,3.747," 4,822 ", 701 , 16.3 ,
15-Oct-2021, -   ,1.285, 0.007 , 0.081 , 0.102 , 0.007 , 0.410 , 0.170 , 3.130 ,4.434," 5,788 ", 785 , 13.8 ,
16-Oct-2021, 1.00 ,1.475, 0.007 , 0.079 , 0.094 , 0.007 , 0.043 , 0.025 , 2.812 ,4.573," 7,461 ", 956 , 14.7 ,
17-Oct-2021, 1.00 ,0.594, 0.007 , 0.078 , 0.085 , 0.008 , 0.451 , 0.177 , 1.690 ,2.656," 7,482 ", 996 , 16.1 ,
18-Oct-2021, -   ,0.001, 0.008 , 0.088 , 0.077 , 0.009 , 0.505 , 0.164 , 1.554 ,2.175," 7,044 ", 949 , 17.8 ,
19-Oct-2021, -   ,0.112, 0.008 , 0.097 , 0.076 , 0.009 , 0.365 , 0.193 , 2.543 ,4.063," 5,785 ", 848 , 15.2 ,
20-Oct-2021, -   ,0.863, 0.009 , 0.105 , 0.087 , 0.010 , 0.270 , 0.092 , 1.957 ,3.154," 6,899 ", 879 , 16.5 ,
21-Oct-2021, -   ,0.017, 0.010 , 0.113 , 0.093 , 0.010 , 0.389 , 0.091 , 1.518 ,2.386," 6,978 ", 911 , 17.8 ,
22-Oct-2021, -   ,0.21, 0.010 , 0.120 , 0.097 , 0.011 , 0.106 , 0.070 , 1.653 ,2.018," 7,106 ", 916 , 18.9 ,
23-Oct-2021, 1.00 ,1.541, 0.011 , 0.118 , 0.098 , 0.013 , 0.324 , 0.107 , 2.189 ,3.418," 7,268 ", 953 , 20.2 ,
24-Oct-2021, 1.00 ,0.928, 0.007 , 0.083 , 0.108 , 0.008 , 0.123 , 0.052 , 1.871 ,3.412," 7,425 ", 900 , 16.1 ,
25-Oct-2021, -   ,0.412, 0.007 , 0.076 , 0.114 , 0.007 , 0.062 , 0.032 , 1.895 ,3.049," 7,868 ", 993 , 15.7 ,
26-Oct-2021, -   ,0.094, 0.008 , 0.091 , 0.113 , 0.009 , 0.140 , 0.055 , 1.734 ,2.894," 7,893 "," 1,004 ", 17.1 ,
27-Oct-2021, -   ,0.001, 0.009 , 0.102 , 0.120 , 0.011 , 0.207 , 0.097 , 1.641 ,2.399," 7,763 "," 1,011 ", 20.3 ,
28-Oct-2021, -   ,1.059, 0.009 , 0.099 , 0.130 , 0.011 , 0.631 , 0.341 , 1.828 ,3.381," 5,311 ", 780 , 22.2 ,
29-Oct-2021, -   ,0.006, 0.008 , 0.101 , 0.130 , 0.010 , 0.106 , 0.075 , 2.841 ,3.985," 7,207 ", 867 , 19.3 ,
30-Oct-2021, 1.00 ,0.016, 0.006 , 0.073 , 0.126 , 0.007 , 0.147 , 0.080 , 2.282 ,3.816," 7,225 ", 878 , 14.7 ,
31-Oct-2021, 1.00 ,0.062, 0.007 , 0.081 , 0.120 , 0.008 , 0.297 , 0.139 , 1.945 ,2.747," 7,742 "," 1,020 ", 16.4 ,
01-Nov-2021, -   ,0.523, 0.009 , 0.101 , 0.128 , 0.010 , 0.547 , 0.277 , 2.037 ,2.704," 6,242 ", 811 , 18.7 ,
02-Nov-2021, -   ,1.442, 0.009 , 0.106 , 0.138 , 0.009 , 0.282 , 0.147 , 2.393 ,3.022," 7,716 ", 996 , 19.2 ,
03-Nov-2021, -   ,0.488, 0.010 , 0.117 , 0.132 , 0.011 , 0.866 , 0.408 , 2.388 ,3.343," 6,131 ", 881 , 19.7 ,
04-Nov-2021, -   ,0.068, 0.011 , 0.132 , 0.118 , 0.011 , 0.912 , 0.452 , 1.981 ,2.333," 3,611 ", 519 , 18.1 ,
05-Nov-2021, -   ,0.017, 0.011 , 0.126 , 0.115 , 0.011 , 0.497 , 0.296 , 2.076 ,2.356," 4,668 ", 737 , 17.7 ,
06-Nov-2021, 1.00 ,0.009, 0.011 , 0.128 , 0.110 , 0.012 , 0.594 , 0.232 , 2.090 ,2.892," 7,088 ", 933 , 20.2 ,
07-Nov-2021, 1.00 ,0.168, 0.012 , 0.141 , 0.110 , 0.013 , 0.745 , 0.316 , 1.501 ,1.98," 5,235 ", 858 , 20.1 ,
08-Nov-2021, -   ,1.069, 0.011 , 0.129 , 0.116 , 0.011 , 0.380 , 0.108 , 1.796 ,2.646," 7,453 ", 919 , 18.8 ,
09-Nov-2021, -   ,0.033, 0.011 , 0.129 , 0.107 , 0.013 , 0.578 , 0.249 , 1.836 ,2.481," 6,686 ", 955 , 19.9 ,
10-Nov-2021, -   ,0.009, 0.013 , 0.151 , 0.078 , 0.014 , 0.844 , 0.427 , 2.181 ,3.017," 3,601 ", 489 , 19.3 ,
11-Nov-2021, -   ,0.69, 0.010 , 0.123 , 0.067 , 0.011 , 0.780 , 0.392 , 2.491 ,3.05," 3,685 ", 502 , 16.5 ,
12-Nov-2021, -   ,0.044, 0.009 , 0.115 , 0.060 , 0.011 , 0.226 , 0.144 , 2.496 ,4.433," 6,472 ", 775 , 15.9 ,
13-Nov-2021, 1.00 ,0.133, 0.007 , 0.079 , 0.064 , 0.008 , 0.268 , 0.103 , 3.506 ,4.543," 7,455 ", 902 , 14.2 ,
14-Nov-2021, 1.00 ,0.003, 0.006 , 0.071 , 0.074 , 0.007 , 0.119 , 0.063 , 3.412 ,3.835," 8,145 "," 1,032 ", 13.9 ,
15-Nov-2021, -   ,0.01, 0.006 , 0.072 , 0.083 , 0.007 , 0.055 , 0.021 , 2.758 ,3.548," 8,766 "," 1,056 ", 14.4 ,
16-Nov-2021, -   ,0.002, 0.007 , 0.077 , 0.080 , 0.007 , 0.167 , 0.090 , 2.022 ,3.019," 8,411 "," 1,077 ", 14.9 ,
17-Nov-2021, -   ,0.001, 0.008 , 0.098 , 0.084 , 0.009 , 0.359 , 0.110 , 1.892 ,2.421," 7,318 ", 865 , 16.8 ,
18-Nov-2021, -   ,0.002, 0.010 , 0.117 , 0.093 , 0.011 , 0.650 , 0.247 , 2.115 ,2.709," 7,113 "," 1,034 ", 19.9 ,
19-Nov-2021, -   ,0.021, 0.012 , 0.139 , 0.096 , 0.013 , 0.947 , 0.477 , 1.265 ,1.492," 4,510 ", 642 , 19.8 ,
20-Nov-2021, 1.00 ,0.275, 0.011 , 0.138 , 0.108 , 0.012 , 0.921 , 0.449 , 2.213 ,3.235," 3,913 ", 580 , 17.9 ,
21-Nov-2021, 1.00 ,0.009, 0.010 , 0.119 , 0.108 , 0.011 , 0.904 , 0.438 , 3.318 ,4.196," 3,867 ", 602 , 16.2 ,
22-Nov-2021, -   ,0.141, 0.010 , 0.113 , 0.106 , 0.010 , 0.524 , 0.267 , 2.514 ,3.639," 6,938 ", 868 , 17.5 ,
23-Nov-2021, -   ,11.405, 0.012 , 0.141 , 0.078 , 0.013 , 0.869 , 0.398 , 1.815 ,2.419," 5,548 ", 775 , 19.1 ,
24-Nov-2021, -   ,18.072, 0.014 , 0.164 , 0.072 , 0.015 , 0.869 , 0.418 , 2.017 ,2.312," 4,546 ", 690 , 20.7 ,
25-Nov-2021, -   ,0.311, 0.014 , 0.165 , 0.072 , 0.015 , 0.806 , 0.379 , 2.310 ,4.032," 4,026 ", 648 , 20.2 ,
26-Nov-2021, -   ,0.145, 0.010 , 0.122 , 0.084 , 0.012 , 0.803 , 0.415 , 4.562 ,5.134," 3,096 ", 392 , 16.1 ,
27-Nov-2021, 1.00 ,1.111, 0.009 , 0.108 , 0.084 , 0.009 , 0.610 , 0.315 , 3.692 ,4.659," 4,272 ", 658 , 15.5 ,
28-Nov-2021, 1.00 ,0.1, 0.009 , 0.108 , 0.072 , 0.009 , 0.576 , 0.336 , 2.282 ,3.355," 6,087 ", 719 , 16.2 ,
29-Nov-2021, -   ,0.419, 0.010 , 0.127 , 0.083 , 0.012 , 0.534 , 0.304 , 1.358 ,1.858," 6,440 ", 884 , 18.7 ,
30-Nov-2021, -   ,0.02, 0.013 , 0.151 , 0.094 , 0.014 , 0.909 , 0.444 , 1.738 ,2.179," 3,725 ", 519 , 19.5 ,
01-Dec-2021, -   ,0.026, 0.013 , 0.154 , 0.103 , 0.013 , 0.402 , 0.171 , 1.571 ,2.36," 6,379 ", 847 , 20.5 ,
02-Dec-2021, -   ,0.047, 0.013 , 0.154 , 0.088 , 0.013 , 0.063 , 0.032 , 1.722 ,2.118," 8,579 "," 1,025 ", 21.4 ,
03-Dec-2021, -   ,0.02, 0.012 , 0.151 , 0.073 , 0.013 , 0.440 , 0.167 , 1.974 ,3.196," 7,717 "," 1,056 ", 20.5 ,
04-Dec-2021, 1.00 ,0.655, 0.010 , 0.124 , 0.066 , 0.012 , 0.340 , 0.137 , 3.326 ,4.192," 7,348 ", 864 , 18.4 ,
05-Dec-2021, 1.00 ,9.512, 0.008 , 0.104 , 0.077 , 0.009 , 0.484 , 0.258 , 2.608 ,3.501," 7,546 ", 878 , 17.3 ,
06-Dec-2021, -   ,0.827, 0.011 , 0.130 , 0.086 , 0.013 , 0.759 , 0.385 , 2.040 ,2.692," 5,790 ", 899 , 19.0 ,
07-Dec-2021, -   ,0.004, 0.013 , 0.149 , 0.084 , 0.014 , 0.488 , 0.300 , 1.787 ,2.871," 5,673 ", 780 , 20.4 ,
08-Dec-2021, -   ,0.025, 0.011 , 0.132 , 0.062 , 0.011 , 0.731 , 0.372 , 2.270 ,2.598," 4,260 ", 573 , 17.7 ,
09-Dec-2021, -   ,0.003, 0.011 , 0.124 , 0.073 , 0.012 , 0.351 , 0.125 , 2.124 ,2.816," 7,406 ", 928 , 17.6 ,
10-Dec-2021, -   ,0.002, 0.009 , 0.108 , 0.074 , 0.010 , 0.363 , 0.200 , 3.416 ,4.579," 6,541 ", 807 , 16.1 ,
11-Dec-2021, 1.00 ,0, 0.009 , 0.108 , 0.072 , 0.009 , 0.244 , 0.142 , 3.213 ,3.972," 6,980 ", 870 , 17.0 ,
12-Dec-2021, 1.00 ,0, 0.009 , 0.108 , 0.072 , 0.010 , 0.167 , 0.071 , 2.331 ,3.016," 8,424 "," 1,023 ", 18.0 ,
13-Dec-2021, -   ,0.086, 0.010 , 0.119 , 0.084 , 0.010 , 0.095 , 0.064 , 1.775 ,2.444," 9,186 "," 1,092 ", 19.4 ,
14-Dec-2021, -   ,5.465, 0.010 , 0.124 , 0.084 , 0.011 , 0.375 , 0.257 , 1.614 ,2.288," 8,152 "," 1,030 ", 20.5 ,
15-Dec-2021, -   ,1.012, 0.012 , 0.141 , 0.100 , 0.013 , 0.514 , 0.132 , 1.560 ,2.324," 8,005 "," 1,023 ", 22.5 ,
16-Dec-2021, -   ,0.263, 0.010 , 0.128 , 0.073 , 0.012 , 0.276 , 0.130 , 2.240 ,3.182," 7,370 ", 857 , 20.0 ,
17-Dec-2021, -   ,0.06, 0.012 , 0.140 , 0.084 , 0.013 , 0.319 , 0.208 , 2.274 ,2.96," 8,379 "," 1,020 ", 22.3 ,
18-Dec-2021, 1.00 ,0.366, 0.015 , 0.175 , 0.096 , 0.016 , 0.733 , 0.420 , 2.071 ,2.927," 6,846 ", 882 , 25.5 ,
19-Dec-2021, 1.00 ,0.806, 0.013 , 0.155 , 0.089 , 0.014 , 0.681 , 0.343 , 2.086 ,3.28," 7,636 "," 1,002 ", 23.5 ,
20-Dec-2021, -   ,0.005, 0.013 , 0.143 , 0.084 , 0.014 , 0.113 , 0.089 , 1.634 ,2.259," 8,476 ", 951 , 23.5 ,
21-Dec-2021, -   ,0.382, 0.012 , 0.141 , 0.096 , 0.013 , 0.178 , 0.107 , 1.584 ,2.44," 8,962 "," 1,079 ", 24.6 ,
22-Dec-2021, -   ,0.615, 0.013 , 0.154 , 0.096 , 0.014 , 0.841 , 0.397 , 2.106 ,3.218," 7,215 "," 1,036 ", 22.7 ,
23-Dec-2021, -   ,0.013, 0.014 , 0.159 , 0.105 , 0.014 , 0.459 , 0.265 , 1.832 ,2.441," 5,627 ", 803 , 22.4 ,
24-Dec-2021, -   ,0, 0.013 , 0.157 , 0.086 , 0.014 , 0.279 , 0.134 , 1.741 ,2.387," 8,136 ", 981 , 23.1 ,
25-Dec-2021, 1.00 ,0.012, 0.013 , 0.153 , 0.075 , 0.014 , 0.366 , 0.161 , 1.789 ,2.631," 8,466 "," 1,043 ", 23.9 ,
26-Dec-2021, 1.00 ,1.144, 0.012 , 0.144 , 0.072 , 0.013 , 0.648 , 0.268 , 3.093 ,3.915," 6,170 ", 884 , 20.8 ,
27-Dec-2021, -   ,0.577, 0.010 , 0.116 , 0.080 , 0.010 , 0.536 , 0.259 , 3.568 ,4.014," 5,932 ", 693 , 18.3 ,
28-Dec-2021, -   ,0.071, 0.009 , 0.103 , 0.090 , 0.009 , 0.463 , 0.234 , 2.651 ,3.631," 7,054 ", 831 , 18.0 ,
29-Dec-2021, -   ,0.291, 0.009 , 0.110 , 0.100 , 0.010 , 0.253 , 0.148 , 1.576 ,2.194," 7,863 ", 884 , 19.7 ,
30-Dec-2021, -   ,8.882, 0.010 , 0.118 , 0.112 , 0.011 , 0.034 , 0.016 , 2.193 ,2.73," 9,216 "," 1,078 ", 21.7 ,
31-Dec-2021, -   ,3.77, 0.011 , 0.130 , 0.105 , 0.012 , 0.108 , 0.064 , 2.588 ,3.295," 9,066 "," 1,095 ", 22.9 ,
01-Jan-2022, 1.00 ,1.135, 0.012 , 0.143 , 0.087 , 0.013 , 0.320 , 0.217 , 2.421 ,3.064," 7,752 ", 910 , 23.3 ,
02-Jan-2022, 1.00 ,1.748, 0.013 , 0.149 , 0.076 , 0.013 , 0.099 , 0.038 , 2.490 ,3.344," 8,788 "," 1,056 ", 24.0 ,
03-Jan-2022, -   ,1.176, 0.012 , 0.144 , 0.060 , 0.012 , 0.159 , 0.047 , 2.640 ,3.237," 8,768 "," 1,062 ", 23.0 ,
04-Jan-2022, -   ,3.462, 0.013 , 0.154 , 0.060 , 0.014 , 0.200 , 0.076 , 2.577 ,3.145," 8,473 "," 1,033 ", 23.0 ,
05-Jan-2022, -   ,20.674, 0.015 , 0.173 , 0.060 , 0.015 , 0.263 , 0.103 , 2.949 ,3.962," 7,731 ", 941 , 23.3 ,
06-Jan-2022, -   ,10.248, 0.015 , 0.175 , 0.061 , 0.015 , 0.318 , 0.139 , 3.652 ,4.117," 7,251 ", 940 , 23.5 ,
07-Jan-2022, -   ,19.022, 0.015 , 0.183 , 0.084 , 0.016 , 0.562 , 0.273 , 3.401 ,4.012," 6,019 ", 781 , 23.3 ,
08-Jan-2022, 1.00 ,10.204, 0.015 , 0.175 , 0.084 , 0.015 , 0.486 , 0.266 , 2.216 ,3.322," 6,068 ", 844 , 23.0 ,
09-Jan-2022, 1.00 ,2.22, 0.015 , 0.176 , 0.085 , 0.016 , 0.301 , 0.165 , 1.988 ,2.603," 6,803 ", 835 , 23.2 ,
10-Jan-2022, -   ,0.739, 0.015 , 0.179 , 0.079 , 0.015 , 0.211 , 0.120 , 1.952 ,2.57," 7,975 ", 998 , 24.3 ,
11-Jan-2022, -   ,6.515, 0.014 , 0.171 , 0.084 , 0.015 , 0.489 , 0.234 , 1.982 ,2.64," 6,550 ", 778 , 23.1 ,
12-Jan-2022, -   ,6.354, 0.013 , 0.159 , 0.084 , 0.014 , 0.224 , 0.092 , 2.102 ,3.086," 7,888 ", 967 , 22.2 ,
13-Jan-2022, -   ,4.047, 0.013 , 0.161 , 0.096 , 0.014 , 0.601 , 0.242 , 2.056 ,2.6," 7,405 ", 947 , 22.4 ,
14-Jan-2022, -   ,3.011, 0.015 , 0.171 , 0.096 , 0.015 , 0.614 , 0.244 , 2.430 ,2.727," 7,379 ", 990 , 23.8 ,
15-Jan-2022, 1.00 ,10.785, 0.015 , 0.179 , 0.072 , 0.016 , 0.187 , 0.121 , 1.827 ,2.56," 7,226 ", 971 , 24.2 ,
16-Jan-2022, 1.00 ,0.598, 0.015 , 0.180 , 0.068 , 0.015 , 0.405 , 0.153 , 1.349 ,2.323," 8,160 ", 968 , 24.1 ,
17-Jan-2022, -   ,2.557, 0.015 , 0.178 , 0.072 , 0.016 , 0.906 , 0.443 , 1.585 ,2.558," 5,787 ", 960 , 24.2 ,
18-Jan-2022, -   ,13.005, 0.014 , 0.163 , 0.072 , 0.014 , 0.874 , 0.449 , 2.834 ,4.002," 3,161 ", 402 , 21.0 ,
19-Jan-2022, -   ,5.679, 0.011 , 0.134 , 0.072 , 0.012 , 0.737 , 0.367 , 4.006 ,4.358," 4,657 ", 653 , 20.0 ,
20-Jan-2022, -   ,2.122, 0.010 , 0.120 , 0.065 , 0.010 , 0.532 , 0.210 , 3.208 ,4.274," 6,544 ", 845 , 19.9 ,
21-Jan-2022, -   ,1.764, 0.011 , 0.124 , 0.064 , 0.011 , 0.373 , 0.154 , 2.456 ,3.254," 6,983 ", 844 , 20.4 ,
22-Jan-2022, 1.00 ,1.035, 0.011 , 0.125 , 0.077 , 0.011 , 0.247 , 0.126 , 2.234 ,2.919," 7,388 ", 861 , 20.5 ,
23-Jan-2022, 1.00 ,1.618, 0.012 , 0.138 , 0.080 , 0.012 , 0.387 , 0.217 , 1.993 ,2.725," 7,489 ", 881 , 20.9 ,
24-Jan-2022, -   ,0.338, 0.012 , 0.144 , 0.069 , 0.012 , 0.789 , 0.442 , 1.681 ,2.144," 5,885 ", 877 , 21.6 ,
25-Jan-2022, -   ,0.771, 0.012 , 0.144 , 0.062 , 0.013 , 0.416 , 0.246 , 1.558 ,2.305," 6,069 ", 772 , 22.2 ,
26-Jan-2022, -   ,0.631, 0.011 , 0.138 , 0.078 , 0.012 , 0.223 , 0.102 , 2.173 ,2.713," 7,761 ", 944 , 22.0 ,
27-Jan-2022, -   ,0.25, 0.013 , 0.147 , 0.080 , 0.013 , 0.190 , 0.108 , 2.501 ,3.107," 7,838 ", 978 , 23.2 ,
28-Jan-2022, -   ,1.238, 0.014 , 0.168 , 0.085 , 0.015 , 0.309 , 0.168 , 2.345 ,2.9," 7,566 ", 981 , 24.1 ,
29-Jan-2022, 1.00 ,4.799, 0.015 , 0.171 , 0.060 , 0.015 , 0.749 , 0.361 , 2.096 ,2.804," 5,839 ", 741 , 23.6 ,
30-Jan-2022, 1.00 ,1.737, 0.014 , 0.169 , 0.060 , 0.015 , 0.271 , 0.141 , 1.525 ,2.309," 7,265 ", 880 , 23.6 ,
31-Jan-2022, -   ,1.513, 0.015 , 0.173 , 0.096 , 0.015 , 0.182 , 0.094 , 1.362 ,1.815," 7,499 ", 876 , 24.5 ,
01-Feb-2022, -   ,7.272, 0.016 , 0.173 , 0.091 , 0.017 , 0.711 , 0.322 , 1.886 ,3.538," 5,930 ", 995 , 25.0 ,
02-Feb-2022, -   ,6.612, 0.011 , 0.138 , 0.096 , 0.013 , 0.505 , 0.245 , 3.529 ,4.091," 5,375 ", 649 , 19.7 ,
03-Feb-2022, -   ,3.39, 0.010 , 0.119 , 0.069 , 0.010 , 0.279 , 0.114 , 4.199 ,4.695," 7,111 ", 837 , 18.9 ,
04-Feb-2022, -   ,1.862, 0.009 , 0.108 , 0.068 , 0.009 , 0.462 , 0.222 , 3.948 ,4.645," 5,982 ", 842 , 19.3 ,
05-Feb-2022, 1.00 ,2.517, 0.010 , 0.113 , 0.072 , 0.010 , 0.433 , 0.197 , 3.695 ,4.355," 5,998 ", 796 , 19.8 ,
06-Feb-2022, 1.00 ,6.572, 0.011 , 0.123 , 0.072 , 0.011 , 0.340 , 0.184 , 3.554 ,4.398," 5,932 ", 678 , 19.6 ,
07-Feb-2022, -   ,2.633, 0.010 , 0.122 , 0.072 , 0.011 , 0.396 , 0.192 , 2.741 ,3.8," 6,194 ", 842 , 19.5 ,
08-Feb-2022, -   ,0.755, 0.010 , 0.119 , 0.074 , 0.011 , 0.131 , 0.105 , 1.475 ,1.964," 6,748 ", 843 , 20.2 ,
09-Feb-2022, -   ,0.031, 0.010 , 0.115 , 0.083 , 0.011 , 0.051 , 0.030 , 1.603 ,1.922," 8,205 "," 1,029 ", 23.5 ,
10-Feb-2022, -   ,3.956, 0.013 , 0.142 , 0.084 , 0.014 , 0.431 , 0.160 , 2.077 ,3.647," 6,821 "," 1,003 ", 23.9 ,
11-Feb-2022, -   ,8.424, 0.012 , 0.138 , 0.093 , 0.013 , 0.228 , 0.126 , 3.559 ,4.27," 6,824 ", 888 , 21.1 ,
12-Feb-2022, 1.00 ,5.113, 0.010 , 0.119 , 0.078 , 0.011 , 0.312 , 0.149 , 2.705 ,3.538," 6,704 ", 861 , 20.3 ,
13-Feb-2022, 1.00 ,0.186, 0.010 , 0.118 , 0.072 , 0.011 , 0.424 , 0.282 , 2.133 ,2.621," 7,640 ", 992 , 21.2 ,
14-Feb-2022, -   ,0.271, 0.011 , 0.131 , 0.078 , 0.012 , 0.341 , 0.264 , 2.293 ,3.036," 7,524 ", 956 , 22.7 ,
15-Feb-2022, -   ,0.124, 0.011 , 0.131 , 0.078 , 0.012 , 0.132 , 0.057 , 2.156 ,3.069," 7,859 ", 997 , 23.0 ,
16-Feb-2022, -   ,0.041, 0.012 , 0.133 , 0.070 , 0.013 , 0.327 , 0.180 , 2.347 ,2.915," 7,755 "," 1,006 ", 23.1 ,
17-Feb-2022, -   ,3.554, 0.013 , 0.149 , 0.072 , 0.014 , 0.354 , 0.158 , 1.362 ,1.839," 6,735 ", 869 , 24.4 ,
18-Feb-2022, -   ,5.79, 0.012 , 0.137 , 0.072 , 0.013 , 0.193 , 0.057 , 2.922 ,3.506," 7,540 ", 998 , 22.6 ,
19-Feb-2022, 1.00 ,0.761, 0.011 , 0.137 , 0.076 , 0.012 , 0.166 , 0.109 , 2.148 ,2.727," 6,781 ", 890 , 21.4 ,
20-Feb-2022, 1.00 ,4.32, 0.013 , 0.153 , 0.091 , 0.014 , 0.439 , 0.248 , 2.352 ,2.957," 6,256 ", 874 , 23.6 ,
21-Feb-2022, -   ,6.829, 0.014 , 0.161 , 0.080 , 0.014 , 0.837 , 0.408 , 2.426 ,3.093," 4,696 ", 767 , 22.9 ,
22-Feb-2022, -   ,14.273, 0.014 , 0.171 , 0.084 , 0.015 , 0.846 , 0.428 , 2.208 ,3.05," 3,356 ", 438 , 21.3 ,
23-Feb-2022, -   ,10.516, 0.015 , 0.176 , 0.096 , 0.016 , 0.603 , 0.362 , 2.186 ,2.869," 4,652 ", 627 , 22.6 ,
24-Feb-2022, -   ,19.301, 0.015 , 0.181 , 0.116 , 0.016 , 0.841 , 0.380 , 2.192 ,2.675," 3,829 ", 580 , 22.5 ,
25-Feb-2022, -   ,16.24, 0.014 , 0.170 , 0.069 , 0.015 , 0.909 , 0.444 , 2.190 ,2.583," 3,059 ", 400 , 21.4 ,
26-Feb-2022, 1.00 ,19.888, 0.014 , 0.168 , 0.072 , 0.014 , 0.855 , 0.423 , 2.194 ,2.955," 3,694 ", 488 , 20.7 ,
27-Feb-2022, 1.00 ,19.007, 0.014 , 0.167 , 0.083 , 0.014 , 0.804 , 0.394 , 2.129 ,2.488," 4,716 ", 591 , 21.5 ,
28-Feb-2022, -   ,11.613, 0.014 , 0.168 , 0.071 , 0.014 , 0.477 , 0.270 , 2.647 ,3.619," 5,537 ", 739 , 21.5 ,
01-Mar-2022, -   ,22.071, 0.013 , 0.160 , 0.076 , 0.014 , 0.481 , 0.238 , 3.212 ,4.088," 4,729 ", 649 , 20.8 ,
02-Mar-2022, -   ,45.896, 0.013 , 0.159 , 0.076 , 0.014 , 0.692 , 0.356 , 3.460 ,4.278," 3,917 ", 553 , 20.4 ,
03-Mar-2022, -   ,25.367, 0.015 , 0.178 , 0.072 , 0.015 , 0.530 , 0.275 , 3.281 ,4.27," 4,183 ", 653 , 21.8 ,
04-Mar-2022, -   ,5.973, 0.015 , 0.178 , 0.084 , 0.015 , 0.559 , 0.229 , 1.845 ,3.279," 6,213 ", 869 , 22.5 ,
05-Mar-2022, 1.00 ,32.635, 0.015 , 0.180 , 0.098 , 0.016 , 0.447 , 0.302 , 2.315 ,3.431," 4,592 ", 694 , 22.0 ,
06-Mar-2022, 1.00 ,32.736, 0.015 , 0.187 , 0.107 , 0.016 , 0.543 , 0.264 , 3.075 ,3.908," 4,616 ", 711 , 22.0 ,
07-Mar-2022, -   ,33.831, 0.015 , 0.186 , 0.109 , 0.016 , 0.832 , 0.421 , 2.122 ,3.145," 2,970 ", 388 , 21.7 ,
08-Mar-2022, -   ,30.132, 0.014 , 0.165 , 0.114 , 0.015 , 0.767 , 0.367 , 3.828 ,4.507," 3,296 ", 474 , 20.2 ,
09-Mar-2022, -   ,1.946, 0.011 , 0.134 , 0.088 , 0.012 , 0.280 , 0.204 , 3.647 ,4.786," 5,600 ", 766 , 18.7 ,
10-Mar-2022, -   ,0.183, 0.010 , 0.120 , 0.071 , 0.010 , 0.173 , 0.091 , 2.464 ,2.969," 6,283 ", 856 , 18.3 ,
11-Mar-2022, -   ,0.221, 0.010 , 0.120 , 0.076 , 0.011 , 0.286 , 0.186 , 1.786 ,2.025," 5,973 ", 815 , 19.1 ,
12-Mar-2022, 1.00 ,0.098, 0.011 , 0.130 , 0.085 , 0.011 , 0.542 , 0.338 , 1.910 ,2.25," 5,781 ", 856 , 19.8 ,
13-Mar-2022, 1.00 ,0.737, 0.011 , 0.135 , 0.083 , 0.012 , 0.286 , 0.192 , 1.419 ,1.821," 5,829 ", 790 , 20.0 ,
14-Mar-2022, -   ,1.251, 0.011 , 0.137 , 0.078 , 0.012 , 0.256 , 0.084 , 2.233 ,2.559," 6,407 ", 877 , 20.1 ,
15-Mar-2022, -   ,2.333, 0.011 , 0.133 , 0.093 , 0.013 , 0.634 , 0.301 , 2.222 ,2.752," 5,451 ", 800 , 19.7 ,
16-Mar-2022, -   ,1.586, 0.013 , 0.149 , 0.075 , 0.013 , 0.502 , 0.291 , 1.585 ,2.08," 5,262 ", 783 , 20.6 ,
17-Mar-2022, -   ,5.568, 0.014 , 0.161 , 0.080 , 0.015 , 0.825 , 0.400 , 1.488 ,1.759," 4,638 ", 725 , 21.6 ,
18-Mar-2022, -   ,5.025, 0.013 , 0.156 , 0.084 , 0.014 , 0.374 , 0.215 , 2.182 ,3.688," 4,324 ", 595 , 21.0 ,
19-Mar-2022, 1.00 ,2.347, 0.011 , 0.132 , 0.077 , 0.012 , 0.237 , 0.101 , 2.529 ,3.641," 5,681 ", 779 , 19.2 ,
20-Mar-2022, 1.00 ,0.137, 0.011 , 0.134 , 0.084 , 0.012 , 0.244 , 0.057 , 2.053 ,2.301," 6,206 ", 866 , 20.2 ,
21-Mar-2022, -   ,0.017, 0.011 , 0.132 , 0.084 , 0.012 , 0.151 , 0.067 , 1.602 ,2.104," 6,149 ", 861 , 20.1 ,
22-Mar-2022, -   ,1.088, 0.013 , 0.153 , 0.095 , 0.014 , 0.699 , 0.292 , 1.972 ,3.004," 5,768 ", 865 , 22.0 ,
23-Mar-2022, -   ,2.947, 0.012 , 0.144 , 0.082 , 0.013 , 0.801 , 0.422 , 2.505 ,3.33," 3,761 ", 570 , 19.8 ,
24-Mar-2022, -   ,7.96, 0.012 , 0.142 , 0.064 , 0.012 , 0.686 , 0.377 , 1.721 ,2.248," 2,632 ", 468 , 18.4 ,
25-Mar-2022, -   ,9.235, 0.012 , 0.143 , 0.069 , 0.012 , 0.617 , 0.347 , 2.215 ,2.426," 3,737 ", 555 , 19.1 ,
26-Mar-2022, 1.00 ,7.823, 0.011 , 0.138 , 0.065 , 0.012 , 0.606 , 0.315 , 2.164 ,2.483," 3,668 ", 512 , 18.9 ,
27-Mar-2022, 1.00 ,9.754, 0.013 , 0.149 , 0.082 , 0.014 , 0.750 , 0.404 , 1.654 ,2.198," 2,697 ", 395 , 19.4 ,
28-Mar-2022, -   ,18.365, 0.014 , 0.164 , 0.079 , 0.014 , 0.899 , 0.437 , 1.564 ,2.131," 2,721 ", 470 , 20.1 ,
29-Mar-2022, -   ,21.689, 0.013 , 0.156 , 0.077 , 0.014 , 0.843 , 0.436 , 1.850 ,2.981," 2,455 ", 448 , 19.3 ,
30-Mar-2022, -   ,6.318, 0.012 , 0.148 , 0.073 , 0.013 , 0.518 , 0.278 , 3.646 ,4.681," 4,227 ", 595 , 19.1 ,
31-Mar-2022, -   ,4.148, 0.010 , 0.129 , 0.075 , 0.012 , 0.429 , 0.198 , 4.956 ,5.743," 4,395 ", 700 , 17.2 ,
01-Apr-2022, -   ,0.895, 0.009 , 0.115 , 0.079 , 0.010 , 0.520 , 0.280 , 4.301 ,5.255," 3,210 ", 452 , 15.7 ,
02-Apr-2022, 1.00 ,0.784, 0.009 , 0.108 , 0.097 , 0.010 , 0.291 , 0.201 , 2.493 ,3.384," 4,067 ", 529 , 16.0 ,
03-Apr-2022, 1.00 ,0.833, 0.010 , 0.115 , 0.114 , 0.010 , 0.456 , 0.254 , 2.138 ,2.665," 4,643 ", 713 , 17.3 ,
04-Apr-2022, -   ,0.153, 0.010 , 0.121 , 0.120 , 0.011 , 0.082 , 0.075 , 1.480 ,2.175," 5,421 ", 753 , 18.4 ,
05-Apr-2022, -   ,0.827, 0.012 , 0.137 , 0.121 , 0.012 , 0.234 , 0.090 , 1.849 ,2.679," 5,177 ", 796 , 19.2 ,
06-Apr-2022, -   ,21.714, 0.012 , 0.144 , 0.112 , 0.012 , 0.605 , 0.296 , 2.491 ,3.357," 3,301 ", 540 , 18.4 ,
07-Apr-2022, -   ,25.004, 0.011 , 0.139 , 0.107 , 0.012 , 0.789 , 0.393 , 3.120 ,3.607," 2,179 ", 360 , 18.0 ,
08-Apr-2022, -   ,6.483, 0.012 , 0.140 , 0.099 , 0.012 , 0.516 , 0.265 , 2.754 ,3.432," 3,597 ", 492 , 18.6 ,
09-Apr-2022, 1.00 ,3.565, 0.012 , 0.142 , 0.071 , 0.012 , 0.262 , 0.145 , 2.117 ,3.212," 4,595 ", 654 , 18.8 ,
10-Apr-2022, 1.00 ,0.393, 0.012 , 0.141 , 0.062 , 0.013 , 0.084 , 0.043 , 1.435 ,2.031," 4,971 ", 702 , 19.3 ,
11-Apr-2022, -   ,0.815, 0.012 , 0.143 , 0.079 , 0.013 , 0.306 , 0.119 , 2.309 ,2.711," 4,697 ", 754 , 19.5 ,
12-Apr-2022, -   ,1.197, 0.010 , 0.124 , 0.094 , 0.011 , 0.594 , 0.245 , 2.300 ,2.952," 3,386 ", 468 , 17.5 ,
13-Apr-2022, -   ,3.013, 0.010 , 0.118 , 0.103 , 0.010 , 0.326 , 0.156 , 2.086 ,2.914," 4,201 ", 620 , 16.6 ,
14-Apr-2022, -   ,0.164, 0.010 , 0.117 , 0.123 , 0.011 , 0.289 , 0.136 , 1.738 ,1.921," 4,650 ", 671 , 17.4 ,
15-Apr-2022, -   ,0.12, 0.010 , 0.121 , 0.119 , 0.011 , 0.733 , 0.314 , 1.466 ,1.776," 4,417 ", 695 , 17.8 ,
16-Apr-2022, 1.00 ,0.131, 0.010 , 0.120 , 0.084 , 0.011 , 0.200 , 0.139 , 1.358 ,1.66," 4,600 ", 655 , 17.7 ,
17-Apr-2022, 1.00 ,0.131, 0.010 , 0.119 , 0.096 , 0.011 , 0.209 , 0.091 , 1.811 ,2.045," 4,960 ", 729 , 17.6 ,
18-Apr-2022, -   ,0.174, 0.011 , 0.130 , 0.120 , 0.012 , 0.850 , 0.417 , 1.660 ,2.054," 4,261 ", 711 , 19.1 ,
19-Apr-2022, -   ,6.815, 0.011 , 0.132 , 0.126 , 0.013 , 0.485 , 0.284 , 2.537 ,2.919," 4,054 ", 580 , 18.0 ,
20-Apr-2022, -   ,0.096, 0.009 , 0.109 , 0.084 , 0.010 , 0.077 , 0.042 , 1.927 ,2.826," 4,816 ", 722 , 16.0 ,
21-Apr-2022, -   ,1.394, 0.010 , 0.115 , 0.082 , 0.010 , 0.669 , 0.293 , 2.627 ,2.977," 3,656 ", 641 , 16.7 ,
22-Apr-2022, -   ,2.574, 0.009 , 0.112 , 0.090 , 0.010 , 0.589 , 0.246 , 2.266 ,2.992," 3,790 ", 622 , 16.6 ,
23-Apr-2022, 1.00 ,0.738, 0.009 , 0.111 , 0.104 , 0.010 , 0.268 , 0.129 , 1.932 ,2.033," 4,087 ", 632 , 17.0 ,
24-Apr-2022, 1.00 ,0.487, 0.009 , 0.113 , 0.096 , 0.010 , 0.538 , 0.250 , 1.655 ,2.357," 3,679 ", 608 , 17.0 ,
25-Apr-2022, -   ,0.71, 0.010 , 0.119 , 0.102 , 0.010 , 0.926 , 0.466 , 1.568 ,1.859," 3,170 ", 597 , 17.0 ,
26-Apr-2022, -   ,0.871, 0.011 , 0.129 , 0.114 , 0.012 , 0.805 , 0.455 , 1.688 ,2.422," 2,081 ", 320 , 17.0 ,
27-Apr-2022, -   ,6.26, 0.012 , 0.145 , 0.120 , 0.013 , 0.684 , 0.397 , 2.049 ,2.644," 2,125 ", 370 , 17.6 ,
28-Apr-2022, -   ,2.909, 0.013 , 0.153 , 0.130 , 0.013 , 0.673 , 0.305 , 1.796 ,2.102," 2,244 ", 452 , 18.6 ,
29-Apr-2022, -   ,1.476, 0.013 , 0.158 , 0.125 , 0.014 , 0.614 , 0.225 , 2.014 ,2.75," 3,695 ", 645 , 20.4 ,
30-Apr-2022, 1.00 ,1.706, 0.009 , 0.116 , 0.084 , 0.013 , 0.320 , 0.212 , 1.976 ,3.275," 2,602 ", 462 , 15.2 ,
01-May-2022, 1.00 ,0.174, 0.009 , 0.102 , 0.086 , 0.009 , 0.154 , 0.067 , 1.117 ,1.359," 4,203 ", 635 , 15.8 ,
02-May-2022, -   ,0.044, 0.010 , 0.113 , 0.097 , 0.010 , 0.084 , 0.042 , 1.549 ,1.904," 4,236 ", 650 , 16.3 ,
03-May-2022, -   ,0.136, 0.010 , 0.117 , 0.125 , 0.011 , 0.033 , 0.014 , 1.623 ,1.789," 4,271 ", 653 , 16.4 ,
04-May-2022, -   ,1.178, 0.011 , 0.125 , 0.122 , 0.011 , 0.354 , 0.158 , 1.731 ,2.017," 3,580 ", 623 , 17.3 ,
05-May-2022, -   ,1.166, 0.009 , 0.106 , 0.089 , 0.011 , 0.249 , 0.136 , 1.956 ,2.449," 3,059 ", 474 , 14.2 ,
06-May-2022, -   ,0.295, 0.006 , 0.073 , 0.074 , 0.007 , 0.090 , 0.058 , 1.836 ,2.455," 4,129 ", 646 , 11.7 ,
07-May-2022, 1.00 ,0.458, 0.006 , 0.077 , 0.090 , 0.007 , 0.198 , 0.126 , 2.313 ,2.88," 3,694 ", 558 , 11.7 ,
08-May-2022, 1.00 ,0.545, 0.008 , 0.093 , 0.111 , 0.009 , 0.173 , 0.090 , 1.947 ,2.399," 3,815 ", 630 , 13.9 ,
09-May-2022, -   ,4.131, 0.009 , 0.111 , 0.108 , 0.010 , 0.430 , 0.229 , 1.985 ,2.657," 2,812 ", 449 , 15.0 ,
10-May-2022, -   ,3.034, 0.010 , 0.118 , 0.119 , 0.010 , 0.904 , 0.441 , 2.687 ,2.965," 2,708 ", 483 , 16.8 ,
11-May-2022, -   ,10.397, 0.011 , 0.128 , 0.132 , 0.012 , 0.974 , 0.486 , 2.607 ,3.148," 1,225 ", 246 , 16.8 ,
12-May-2022, -   ,9.752, 0.012 , 0.154 , 0.126 , 0.013 , 0.952 , 0.475 , 2.765 ,3.386," 1,016 ", 179 , 17.9 ,
13-May-2022, -   ,1.156, 0.013 , 0.160 , 0.139 , 0.014 , 0.525 , 0.292 , 1.921 ,2.326," 1,859 ", 363 , 18.5 ,
14-May-2022, 1.00 ,0.706, 0.013 , 0.153 , 0.152 , 0.014 , 0.558 , 0.314 , 1.486 ,2.034," 2,725 ", 480 , 19.1 ,
15-May-2022, 1.00 ,0.577, 0.012 , 0.139 , 0.131 , 0.013 , 0.236 , 0.182 , 1.457 ,1.862," 2,407 ", 427 , 17.6 ,
16-May-2022, -   ,0.274, 0.009 , 0.106 , 0.132 , 0.010 , 0.063 , 0.025 , 2.041 ,2.639," 3,794 ", 598 , 15.5 ,
17-May-2022, -   ,0.03, 0.007 , 0.085 , 0.161 , 0.008 , 0.027 , 0.014 , 1.971 ,2.613," 3,871 ", 612 , 13.0 ,
18-May-2022, -   ,0.046, 0.007 , 0.080 , 0.126 , 0.008 , 0.178 , 0.131 , 2.415 ,3.025," 3,587 ", 570 , 12.0 ,
19-May-2022, -   ,0.183, 0.007 , 0.084 , 0.116 , 0.008 , 0.761 , 0.380 , 2.069 ,2.591," 3,138 ", 570 , 12.6 ,
20-May-2022, -   ,4.051, 0.009 , 0.101 , 0.095 , 0.009 , 0.667 , 0.361 , 2.293 ,2.607," 1,936 ", 291 , 13.8 ,
21-May-2022, 1.00 ,3.842, 0.009 , 0.108 , 0.083 , 0.009 , 0.647 , 0.344 , 2.260 ,2.507," 2,583 ", 444 , 14.7 ,
22-May-2022, 1.00 ,4.863, 0.009 , 0.108 , 0.076 , 0.009 , 0.793 , 0.384 , 2.167 ,2.773," 2,238 ", 415 , 14.5 ,
23-May-2022, -   ,5.52, 0.009 , 0.108 , 0.080 , 0.009 , 0.578 , 0.303 , 1.891 ,2.086," 1,859 ", 291 , 14.2 ,
24-May-2022, -   ,1.724, 0.008 , 0.103 , 0.087 , 0.009 , 0.412 , 0.206 , 1.372 ,2.082," 2,453 ", 389 , 14.2 ,
25-May-2022, -   ,1.058, 0.009 , 0.102 , 0.109 , 0.009 , 0.881 , 0.411 , 1.092 ,1.317," 2,509 ", 428 , 14.4 ,
26-May-2022, -   ,0.584, 0.009 , 0.109 , 0.128 , 0.010 , 0.355 , 0.218 , 1.502 ,1.771," 2,878 ", 443 , 14.8 ,
27-May-2022, -   ,1.862, 0.010 , 0.116 , 0.149 , 0.011 , 0.454 , 0.233 , 1.407 ,1.625," 3,024 ", 526 , 15.1 ,
28-May-2022, 1.00 ,1.015, 0.008 , 0.099 , 0.134 , 0.010 , 0.297 , 0.211 , 2.131 ,3.085," 2,641 ", 407 , 13.2 ,
29-May-2022, 1.00 ,0.031, 0.006 , 0.079 , 0.113 , 0.007 , 0.190 , 0.108 , 2.395 ,3.171," 3,276 ", 552 , 10.9 ,
30-May-2022, -   ,5.504, 0.007 , 0.085 , 0.118 , 0.009 , 0.448 , 0.211 , 3.604 ,4.379," 2,417 ", 453 , 10.9 ,
31-May-2022, -   ,0.947, 0.006 , 0.070 , 0.144 , 0.007 , 0.175 , 0.082 , 4.327 ,5.2," 3,140 ", 510 , 9.5 ,
01-Jun-2022, -   ,0.049, 0.006 , 0.065 , 0.168 , 0.006 , 0.263 , 0.160 , 3.520 ,5.247," 3,253 ", 541 , 8.6 ,
02-Jun-2022, -   ,0, 0.006 , 0.073 , 0.171 , 0.007 , 0.706 , 0.363 , 1.460 ,1.975," 2,360 ", 368 , 9.9 ,
03-Jun-2022, -   ,2.447, 0.007 , 0.075 , 0.118 , 0.007 , 0.615 , 0.266 , 2.209 ,3.075," 2,488 ", 390 , 10.3 ,
04-Jun-2022, 1.00 ,0.096, 0.007 , 0.080 , 0.108 , 0.007 , 0.261 , 0.185 , 2.585 ,3.204," 3,092 ", 527 , 10.5 ,
05-Jun-2022, 1.00 ,0.756, 0.007 , 0.080 , 0.108 , 0.007 , 0.370 , 0.270 , 3.401 ,4.497," 2,186 ", 349 , 11.3 ,
06-Jun-2022, -   ,0.172, 0.006 , 0.072 , 0.124 , 0.006 , 0.093 , 0.047 , 3.133 ,4.559," 3,193 ", 521 , 9.5 ,
07-Jun-2022, -   ,0.416, 0.006 , 0.067 , 0.149 , 0.006 , 0.130 , 0.060 , 3.200 ,3.55," 3,136 ", 505 , 8.8 ,
08-Jun-2022, -   ,0.009, 0.005 , 0.063 , 0.153 , 0.006 , 0.136 , 0.044 , 2.828 ,3.485," 3,250 ", 532 , 8.1 ,
09-Jun-2022, -   ,0.071, 0.006 , 0.072 , 0.152 , 0.006 , 0.108 , 0.049 , 3.140 ,3.705," 3,177 ", 521 , 9.4 ,
10-Jun-2022, -   ,0.04, 0.006 , 0.072 , 0.142 , 0.006 , 0.111 , 0.044 , 2.884 ,3.412," 3,185 ", 524 , 9.9 ,
11-Jun-2022, 1.00 ,0.02, 0.006 , 0.072 , 0.124 , 0.006 , 0.070 , 0.034 , 3.541 ,4.063," 3,237 ", 532 , 9.4 ,
12-Jun-2022, 1.00 ,0.008, 0.006 , 0.072 , 0.101 , 0.006 , 0.155 , 0.067 , 2.798 ,4.105," 3,092 ", 510 , 9.9 ,
13-Jun-2022, -   ,0, 0.006 , 0.072 , 0.116 , 0.006 , 0.073 , 0.043 , 1.126 ,2.074," 3,225 ", 530 , 9.8 ,
14-Jun-2022, -   ,0.013, 0.006 , 0.074 , 0.154 , 0.007 , 0.066 , 0.039 , 1.616 ,1.837," 3,228 ", 530 , 9.7 ,
15-Jun-2022, -   ,0.168, 0.006 , 0.075 , 0.143 , 0.007 , 0.090 , 0.037 , 1.752 ,1.918," 3,219 ", 540 , 11.1 ,
16-Jun-2022, -   ,0.205, 0.007 , 0.086 , 0.135 , 0.008 , 0.143 , 0.073 , 1.987 ,2.433," 2,917 ", 489 , 11.9 ,
17-Jun-2022, -   ,0.363, 0.008 , 0.087 , 0.125 , 0.008 , 0.460 , 0.186 , 2.457 ,2.893," 2,787 ", 489 , 11.8 ,
18-Jun-2022, 1.00 ,0.798, 0.008 , 0.097 , 0.100 , 0.009 , 0.284 , 0.160 , 2.353 ,2.995," 2,400 ", 409 , 12.2 ,
19-Jun-2022, 1.00 ,1.238, 0.008 , 0.098 , 0.109 , 0.009 , 0.678 , 0.263 , 1.918 ,2.562," 2,433 ", 464 , 13.0 ,
20-Jun-2022, -   ,0.184, 0.008 , 0.092 , 0.117 , 0.008 , 0.428 , 0.262 , 1.512 ,2.001," 2,245 ", 346 , 12.2 ,
21-Jun-2022, -   ,0.517, 0.008 , 0.089 , 0.120 , 0.009 , 0.216 , 0.122 , 1.998 ,2.227," 2,855 ", 473 , 11.8 ,
22-Jun-2022, -   ,0.031, 0.006 , 0.074 , 0.125 , 0.007 , 0.140 , 0.089 , 1.742 ,2.07," 3,067 ", 513 , 11.0 ,
23-Jun-2022, -   ,0.033, 0.007 , 0.086 , 0.155 , 0.008 , 0.386 , 0.144 , 1.992 ,2.376," 3,044 ", 503 , 11.8 ,
24-Jun-2022, -   ,0.07, 0.007 , 0.084 , 0.122 , 0.007 , 0.370 , 0.190 , 2.075 ,2.565," 2,781 ", 483 , 12.0 ,
25-Jun-2022, 1.00 ,0.007, 0.007 , 0.086 , 0.143 , 0.008 , 0.190 , 0.099 , 1.737 ,2.045," 3,070 ", 517 , 12.0 ,
26-Jun-2022, 1.00 ,0.179, 0.007 , 0.084 , 0.187 , 0.007 , 0.594 , 0.276 , 2.017 ,3.659," 2,629 ", 494 , 11.9 ,
27-Jun-2022, -   ,0.237, 0.006 , 0.073 , 0.161 , 0.007 , 0.141 , 0.078 , 3.239 ,4.024," 2,965 ", 493 , 9.6 ,
28-Jun-2022, -   ,0.132, 0.007 , 0.082 , 0.160 , 0.007 , 0.471 , 0.279 , 1.742 ,2.829," 2,437 ", 438 , 10.2 ,
29-Jun-2022, -   ,0.017, 0.007 , 0.084 , 0.150 , 0.007 , 0.804 , 0.368 , 1.652 ,1.934," 2,268 ", 378 , 11.4 ,
30-Jun-2022, -   ,4.557, 0.007 , 0.089 , 0.156 , 0.008 , 0.549 , 0.303 , 1.816 ,2.101," 2,338 ", 439 , 12.1 ,
01-Jul-2022, -   ,17.201, 0.008 , 0.101 , 0.167 , 0.009 , 0.873 , 0.432 , 2.029 ,2.398, 967 , 160 , 11.7 ,
02-Jul-2022, 1.00 ,47.975, 0.009 , 0.112 , 0.166 , 0.010 , 0.779 , 0.394 , 3.321 ,4.466," 1,229 ", 221 , 12.9 ,
03-Jul-2022, 1.00 ,33.215, 0.009 , 0.109 , 0.167 , 0.010 , 0.709 , 0.363 , 4.213 ,4.668," 1,330 ", 220 , 13.0 ,
04-Jul-2022, -   ,34.21, 0.009 , 0.103 , 0.147 , 0.009 , 0.862 , 0.400 , 4.034 ,4.281," 1,261 ", 224 , 12.7 ,
05-Jul-2022, -   ,9.206, 0.008 , 0.101 , 0.123 , 0.009 , 0.757 , 0.376 , 3.548 ,4.268," 1,310 ", 218 , 13.0 ,
06-Jul-2022, -   ,8.359, 0.009 , 0.111 , 0.112 , 0.010 , 0.580 , 0.292 , 3.156 ,3.626," 1,802 ", 282 , 13.1 ,
07-Jul-2022, -   ,0.704, 0.007 , 0.089 , 0.114 , 0.009 , 0.125 , 0.078 , 2.747 ,3.512," 2,816 ", 472 , 10.5 ,
08-Jul-2022, -   ,0.044, 0.006 , 0.072 , 0.123 , 0.006 , 0.114 , 0.052 , 3.046 ,3.567," 3,203 ", 523 , 9.2 ,
09-Jul-2022, 1.00 ,2.318, 0.007 , 0.078 , 0.136 , 0.007 , 0.345 , 0.160 , 2.572 ,3.399," 2,862 ", 510 , 10.1 ,
10-Jul-2022, 1.00 ,4.937, 0.007 , 0.091 , 0.147 , 0.008 , 0.381 , 0.158 , 2.568 ,3.757," 2,636 ", 445 , 11.2 ,
11-Jul-2022, -   ,0.095, 0.007 , 0.081 , 0.156 , 0.007 , 0.854 , 0.407 , 1.399 ,1.916," 2,309 ", 434 , 10.6 ,
12-Jul-2022, -   ,0.79, 0.006 , 0.075 , 0.154 , 0.007 , 0.838 , 0.414 , 1.407 ,2.927," 2,439 ", 452 , 10.3 ,
13-Jul-2022, -   ,6.046, 0.007 , 0.077 , 0.144 , 0.007 , 0.627 , 0.289 , 3.550 ,4.143," 2,008 ", 354 , 9.2 ,
14-Jul-2022, -   ,0.485, 0.007 , 0.079 , 0.158 , 0.007 , 0.150 , 0.088 , 2.903 ,4.365," 2,830 ", 444 , 9.1 ,
15-Jul-2022, -   ,0.023, 0.006 , 0.067 , 0.180 , 0.006 , 0.335 , 0.194 , 1.430 ,1.805," 3,161 ", 554 , 9.0 ,
16-Jul-2022, 1.00 ,0.026, 0.006 , 0.068 , 0.179 , 0.006 , 0.369 , 0.260 , 2.502 ,3.388," 2,172 ", 392 , 9.5 ,
17-Jul-2022, 1.00 ,0.666, 0.007 , 0.079 , 0.185 , 0.007 , 0.101 , 0.042 , 2.966 ,3.829," 3,375 ", 551 , 12.0 ,
18-Jul-2022, -   ,0.795, 0.006 , 0.068 , 0.173 , 0.006 , 0.265 , 0.117 , 2.457 ,3.11," 3,188 ", 556 , 8.8 ,
19-Jul-2022, -   ,3.018, 0.007 , 0.081 , 0.180 , 0.007 , 0.444 , 0.262 , 2.396 ,3.069," 1,920 ", 284 , 9.9 ,
20-Jul-2022, -   ,2.002, 0.007 , 0.086 , 0.180 , 0.008 , 0.651 , 0.297 , 2.253 ,3.108," 2,411 ", 430 , 11.6 ,
21-Jul-2022, -   ,4.949, 0.008 , 0.096 , 0.173 , 0.008 , 0.820 , 0.390 , 2.877 ,3.277," 1,756 ", 251 , 12.7 ,
22-Jul-2022, -   ,3.457, 0.008 , 0.095 , 0.156 , 0.008 , 0.445 , 0.184 , 2.484 ,3.35," 2,672 ", 413 , 12.8 ,
23-Jul-2022, 1.00 ,0.964, 0.008 , 0.093 , 0.156 , 0.008 , 0.354 , 0.195 , 1.515 ,1.979," 2,999 ", 516 , 12.4 ,
24-Jul-2022, 1.00 ,0.148, 0.008 , 0.092 , 0.179 , 0.008 , 0.154 , 0.099 , 1.181 ,1.435," 3,160 ", 490 , 12.3 ,
25-Jul-2022, -   ,2.332, 0.008 , 0.096 , 0.184 , 0.008 , 0.208 , 0.105 , 1.748 ,2.372," 3,439 ", 571 , 12.7 ,
26-Jul-2022, -   ,0.891, 0.006 , 0.079 , 0.180 , 0.009 , 0.153 , 0.069 , 3.526 ,3.909," 3,263 ", 494 , 10.1 ,
27-Jul-2022, -   ,0.036, 0.006 , 0.074 , 0.189 , 0.007 , 0.225 , 0.051 , 2.577 ,3.876," 3,638 ", 576 , 10.2 ,
28-Jul-2022, -   ,0.406, 0.007 , 0.079 , 0.168 , 0.007 , 0.371 , 0.096 , 2.043 ,2.896," 3,628 ", 587 , 11.0 ,
29-Jul-2022, -   ,0.042, 0.006 , 0.066 , 0.138 , 0.006 , 0.042 , 0.022 , 2.526 ,3.006," 3,797 ", 590 , 9.1 ,
30-Jul-2022, 1.00 ,0.007, 0.006 , 0.068 , 0.124 , 0.006 , 0.327 , 0.204 , 1.677 ,2.17," 3,523 ", 603 , 9.6 ,
31-Jul-2022, 1.00 ,0.805, 0.007 , 0.082 , 0.126 , 0.008 , 0.819 , 0.377 , 2.550 ,2.774," 2,136 ", 377 , 11.8 ,
01-Aug-2022, -   ,0.239, 0.006 , 0.078 , 0.131 , 0.008 , 0.077 , 0.048 , 1.975 ,2.695," 3,591 ", 545 , 10.2 ,
02-Aug-2022, -   ,0.025, 0.007 , 0.074 , 0.137 , 0.007 , 0.420 , 0.093 , 1.895 ,2.785," 3,875 ", 638 , 11.6 ,
03-Aug-2022, -   ,0.574, 0.009 , 0.109 , 0.144 , 0.010 , 0.397 , 0.193 , 2.686 ,3.231," 3,328 ", 595 , 15.7 ,
04-Aug-2022, -   ,9.956, 0.010 , 0.120 , 0.146 , 0.011 , 0.639 , 0.329 , 2.918 ,3.487," 1,719 ", 322 , 15.6 ,
05-Aug-2022, -   ,0.687, 0.007 , 0.092 , 0.143 , 0.009 , 0.113 , 0.065 , 2.483 ,2.932," 3,633 ", 553 , 13.3 ,
06-Aug-2022, 1.00 ,0.276, 0.006 , 0.075 , 0.135 , 0.007 , 0.136 , 0.062 , 2.436 ,3.102," 3,823 ", 607 , 11.1 ,
07-Aug-2022, 1.00 ,0.723, 0.007 , 0.075 , 0.155 , 0.007 , 0.200 , 0.092 , 2.423 ,2.792," 3,668 ", 590 , 10.6 ,
08-Aug-2022, -   ,0.868, 0.007 , 0.083 , 0.174 , 0.007 , 0.307 , 0.185 , 2.538 ,2.809," 3,222 ", 563 , 10.2 ,
09-Aug-2022, -   ,1.457, 0.007 , 0.082 , 0.180 , 0.007 , 0.355 , 0.227 , 2.526 ,2.935," 2,459 ", 362 , 9.9 ,
10-Aug-2022, -   ,0.059, 0.007 , 0.084 , 0.171 , 0.007 , 0.647 , 0.308 , 1.770 ,2.439," 3,237 ", 563 , 11.2 ,
11-Aug-2022, -   ,0.888, 0.008 , 0.092 , 0.180 , 0.008 , 0.873 , 0.410 , 2.137 ,2.643," 2,665 ", 531 , 12.6 ,
12-Aug-2022, -   ,5.857, 0.008 , 0.100 , 0.201 , 0.009 , 0.751 , 0.365 , 1.982 ,2.464," 1,971 ", 342 , 11.9 ,
13-Aug-2022, 1.00 ,1.195, 0.007 , 0.081 , 0.136 , 0.008 , 0.381 , 0.170 , 2.199 ,2.932," 3,450 ", 532 , 10.9 ,
14-Aug-2022, 1.00 ,0.404, 0.006 , 0.072 , 0.120 , 0.006 , 0.317 , 0.190 , 2.782 ,3.262," 3,480 ", 512 , 10.4 ,
15-Aug-2022, -   ,0.211, 0.006 , 0.072 , 0.108 , 0.006 , 0.468 , 0.231 , 2.334 ,3.138," 3,862 ", 605 , 10.5 ,
16-Aug-2022, -   ,0.282, 0.006 , 0.076 , 0.119 , 0.007 , 0.156 , 0.060 , 2.040 ,2.714," 4,284 ", 651 , 10.6 ,
17-Aug-2022, -   ,0.031, 0.007 , 0.080 , 0.131 , 0.008 , 0.460 , 0.261 , 1.581 ,2.285," 3,971 ", 664 , 11.7 ,
18-Aug-2022, -   ,0.368, 0.007 , 0.085 , 0.120 , 0.008 , 0.400 , 0.213 , 1.973 ,2.177," 3,876 ", 661 , 13.1 ,
19-Aug-2022, -   ,0.766, 0.006 , 0.079 , 0.121 , 0.008 , 0.217 , 0.177 , 2.302 ,2.687," 3,524 ", 514 , 10.7 ,
20-Aug-2022, 1.00 ,0.359, 0.007 , 0.076 , 0.130 , 0.007 , 0.256 , 0.110 , 2.218 ,2.61," 4,188 ", 644 , 11.5 ,
21-Aug-2022, 1.00 ,0.009, 0.006 , 0.073 , 0.160 , 0.007 , 0.304 , 0.184 , 1.785 ,2.698," 4,697 ", 703 , 11.2 ,
22-Aug-2022, -   ,0.387, 0.007 , 0.084 , 0.147 , 0.007 , 0.139 , 0.078 , 2.733 ,3.285," 4,608 ", 711 , 13.2 ,
23-Aug-2022, -   ,9.465, 0.006 , 0.082 , 0.132 , 0.008 , 0.595 , 0.204 , 3.691 ,4.894," 3,658 ", 625 , 9.4 ,
24-Aug-2022, -   ,0.375, 0.006 , 0.070 , 0.124 , 0.006 , 0.112 , 0.051 , 2.533 ,3.669," 4,746 ", 710 , 9.8 ,
25-Aug-2022, -   ,1.376, 0.007 , 0.085 , 0.137 , 0.008 , 0.181 , 0.086 , 2.212 ,2.737," 4,484 ", 700 , 11.7 ,
26-Aug-2022, -   ,1.312, 0.008 , 0.093 , 0.143 , 0.008 , 0.279 , 0.158 , 1.908 ,2.729," 3,802 ", 570 , 12.2 ,
27-Aug-2022, 1.00 ,1.484, 0.008 , 0.097 , 0.141 , 0.009 , 0.305 , 0.100 , 1.540 ,1.821," 4,318 ", 637 , 13.2 ,
28-Aug-2022, 1.00 ,0.169, 0.009 , 0.108 , 0.153 , 0.009 , 0.400 , 0.172 , 2.019 ,2.558," 4,460 ", 689 , 14.7 ,
29-Aug-2022, -   ,1.62, 0.010 , 0.112 , 0.165 , 0.010 , 0.816 , 0.422 , 2.544 ,3.083," 2,397 ", 398 , 14.7 ,
30-Aug-2022, -   ,0.341, 0.008 , 0.107 , 0.145 , 0.010 , 0.256 , 0.149 , 2.032 ,3.058," 4,264 ", 628 , 13.8 ,
31-Aug-2022, -   ,0.389, 0.008 , 0.098 , 0.136 , 0.009 , 0.266 , 0.140 , 1.667 ,2.076," 4,481 ", 724 , 13.7 ,
01-Sep-2022, -   ,0.282, 0.009 , 0.099 , 0.164 , 0.009 , 0.801 , 0.370 , 1.805 ,2.971," 3,841 ", 639 , 14.4 ,
02-Sep-2022, -   ,4.173, 0.008 , 0.091 , 0.167 , 0.008 , 0.876 , 0.423 , 3.367 ,4," 2,644 ", 501 , 12.3 ,
03-Sep-2022, 1.00 ,6.699, 0.007 , 0.085 , 0.168 , 0.008 , 0.727 , 0.336 , 3.766 ,4.271," 2,565 ", 429 , 11.7 ,
04-Sep-2022, 1.00 ,0.955, 0.007 , 0.084 , 0.179 , 0.007 , 0.367 , 0.151 , 2.828 ,4.276," 4,329 ", 618 , 11.9 ,
05-Sep-2022, -   ,0.451, 0.007 , 0.084 , 0.185 , 0.007 , 0.401 , 0.217 , 2.515 ,3.213," 4,559 ", 703 , 11.9 ,
06-Sep-2022, -   ,0.853, 0.007 , 0.084 , 0.168 , 0.007 , 0.582 , 0.296 , 1.531 ,1.973," 4,013 ", 647 , 12.6 ,
07-Sep-2022, -   ,0.527, 0.008 , 0.090 , 0.158 , 0.008 , 0.490 , 0.368 , 2.148 ,3.327," 4,362 ", 662 , 13.7 ,
08-Sep-2022, -   ,2.486, 0.009 , 0.111 , 0.166 , 0.010 , 0.943 , 0.471 , 3.146 ,3.819," 3,346 ", 636 , 14.7 ,
09-Sep-2022, -   ,2.208, 0.008 , 0.105 , 0.168 , 0.010 , 0.325 , 0.202 , 2.065 ,2.989," 3,883 ", 558 , 13.8 ,
10-Sep-2022, 1.00 ,0.889, 0.007 , 0.088 , 0.156 , 0.009 , 0.189 , 0.087 , 2.389 ,2.824," 4,904 ", 698 , 13.2 ,
11-Sep-2022, 1.00 ,0.017, 0.006 , 0.073 , 0.156 , 0.007 , 0.085 , 0.037 , 1.903 ,2.625," 5,799 ", 828 , 12.0 ,
12-Sep-2022, -   ,0.402, 0.007 , 0.077 , 0.180 , 0.007 , 0.286 , 0.125 , 1.835 ,2.847," 5,276 ", 792 , 12.2 ,
13-Sep-2022, -   ,0.447, 0.007 , 0.077 , 0.176 , 0.007 , 0.195 , 0.100 , 2.022 ,2.663," 5,061 ", 708 , 11.6 ,
14-Sep-2022, -   ,0.265, 0.007 , 0.086 , 0.180 , 0.008 , 0.485 , 0.201 , 1.937 ,2.465," 4,809 ", 763 , 13.0 ,
15-Sep-2022, -   ,13.412, 0.009 , 0.106 , 0.182 , 0.010 , 0.609 , 0.209 , 2.633 ,3.455," 4,454 ", 685 , 14.0 ,
16-Sep-2022, -   ,0.418, 0.007 , 0.088 , 0.181 , 0.008 , 0.335 , 0.039 , 2.290 ,3.502," 5,903 ", 842 , 14.7 ,
17-Sep-2022, 1.00 ,0.966, 0.007 , 0.085 , 0.176 , 0.008 , 0.135 , 0.082 , 2.738 ,3.25," 5,517 ", 797 , 13.7 ,
18-Sep-2022, 1.00 ,0.284, 0.007 , 0.078 , 0.146 , 0.007 , 0.308 , 0.216 , 2.213 ,2.639," 5,732 ", 822 , 13.4 ,
19-Sep-2022, -   ,0.067, 0.006 , 0.074 , 0.122 , 0.007 , 0.158 , 0.130 , 1.554 ,2.573," 5,951 ", 809 , 13.0 ,
20-Sep-2022, -   ,0.128, 0.008 , 0.099 , 0.123 , 0.010 , 0.667 , 0.250 , 2.438 ,3.348," 4,938 ", 812 , 15.2 ,
21-Sep-2022, -   ,6.269, 0.010 , 0.120 , 0.123 , 0.010 , 0.800 , 0.437 , 2.691 ,3.568," 2,619 ", 403 , 15.5 ,
22-Sep-2022, -   ,4.397, 0.010 , 0.120 , 0.134 , 0.010 , 0.562 , 0.327 , 2.486 ,3.832," 3,702 ", 555 , 15.2 ,
23-Sep-2022, -   ,4.637, 0.010 , 0.118 , 0.139 , 0.011 , 0.484 , 0.283 , 2.128 ,3.027," 4,153 ", 590 , 15.4 ,
24-Sep-2022, 1.00 ,3.863, 0.008 , 0.101 , 0.137 , 0.010 , 0.213 , 0.134 , 1.921 ,2.535," 4,818 ", 676 , 13.9 ,
25-Sep-2022, 1.00 ,0.023, 0.007 , 0.084 , 0.138 , 0.008 , 0.325 , 0.128 , 1.126 ,1.608," 6,245 ", 882 , 14.5 ,
26-Sep-2022, -   ,0.943, 0.009 , 0.100 , 0.154 , 0.009 , 0.548 , 0.318 , 1.450 ,1.82," 3,933 ", 526 , 14.8 ,
27-Sep-2022, -   ,7.79, 0.010 , 0.113 , 0.170 , 0.010 , 0.324 , 0.171 , 2.009 ,2.392," 5,026 ", 719 , 15.4 ,
28-Sep-2022, -   ,10.411, 0.008 , 0.100 , 0.159 , 0.009 , 0.325 , 0.142 , 2.453 ,3.797," 5,690 ", 827 , 14.2 ,
29-Sep-2022, -   ,7.929, 0.009 , 0.106 , 0.125 , 0.009 , 0.325 , 0.155 , 3.827 ,4.585," 5,066 ", 692 , 14.1 ,
30-Sep-2022, -   ,6.181, 0.008 , 0.093 , 0.138 , 0.009 , 0.597 , 0.251 , 3.355 ,4.597," 5,624 ", 794 , 14.0 ,
01-Oct-2022, 1.00 ,2.95, 0.007 , 0.084 , 0.134 , 0.007 , 0.448 , 0.248 , 2.102 ,2.851," 5,274 ", 705 , 12.8 ,
02-Oct-2022, 1.00 ,0.46, 0.007 , 0.084 , 0.159 , 0.007 , 0.283 , 0.126 , 1.569 ,2.026," 6,152 ", 818 , 13.2 ,
03-Oct-2022, -   ,0.032, 0.007 , 0.084 , 0.136 , 0.008 , 0.583 , 0.346 , 1.613 ,2.006," 6,062 ", 895 , 14.2 ,
04-Oct-2022, -   ,4.163, 0.009 , 0.100 , 0.138 , 0.009 , 0.747 , 0.345 , 1.962 ,3.257," 4,864 ", 824 , 16.0 ,
05-Oct-2022, -   ,26.123, 0.009 , 0.111 , 0.144 , 0.010 , 0.899 , 0.419 , 3.016 ,3.486," 2,972 ", 467 , 14.3 ,
06-Oct-2022, -   ,4.455, 0.010 , 0.122 , 0.134 , 0.011 , 0.430 , 0.258 , 2.445 ,3.318," 4,463 ", 584 , 16.0 ,
07-Oct-2022, -   ,11.534, 0.011 , 0.134 , 0.150 , 0.012 , 0.579 , 0.337 , 2.134 ,2.466," 3,441 ", 555 , 16.8 ,
08-Oct-2022, 1.00 ,42.772, 0.009 , 0.112 , 0.159 , 0.011 , 0.778 , 0.349 , 3.410 ,4.943," 3,773 ", 560 , 14.5 ,
09-Oct-2022, 1.00 ,1.017, 0.007 , 0.084 , 0.149 , 0.007 , 0.389 , 0.183 , 2.151 ,3.436," 5,866 ", 799 , 12.8 ,
10-Oct-2022, -   ,0.214, 0.007 , 0.089 , 0.148 , 0.008 , 0.481 , 0.304 , 1.955 ,2.237," 5,317 ", 693 , 13.9 ,
11-Oct-2022, -   ,0.166, 0.009 , 0.100 , 0.123 , 0.009 , 0.442 , 0.265 , 2.120 ,2.598," 5,624 ", 754 , 15.2 ,
12-Oct-2022, -   ,0.602, 0.009 , 0.108 , 0.110 , 0.009 , 0.779 , 0.363 , 2.455 ,3.139," 5,108 ", 811 , 15.9 ,
13-Oct-2022, -   ,3.929, 0.010 , 0.116 , 0.111 , 0.011 , 0.805 , 0.407 , 3.316 ,3.645," 4,541 ", 701 , 16.7 ,
14-Oct-2022, -   ,0.326, 0.008 , 0.094 , 0.112 , 0.009 , 0.062 , 0.036 , 2.407 ,3.338," 7,115 ", 909 , 15.0 ,
15-Oct-2022, 1.00 ,0.253, 0.009 , 0.099 , 0.115 , 0.009 , 0.303 , 0.116 , 1.369 ,2.137," 6,757 ", 972 , 15.8 ,
16-Oct-2022, 1.00 ,1.475, 0.009 , 0.105 , 0.122 , 0.010 , 0.691 , 0.330 , 2.160 ,2.847," 4,376 ", 585 , 15.6 ,
17-Oct-2022, -   ,1.128, 0.009 , 0.108 , 0.144 , 0.009 , 0.493 , 0.265 , 2.069 ,2.657," 5,799 ", 781 , 15.4 ,
18-Oct-2022, -   ,1.513, 0.011 , 0.123 , 0.144 , 0.011 , 0.889 , 0.471 , 1.687 ,2.471," 4,730 ", 695 , 17.0 ,
19-Oct-2022, -   ,2.607, 0.012 , 0.139 , 0.132 , 0.012 , 0.921 , 0.467 , 1.619 ,2.081," 4,278 ", 668 , 18.0 ,
20-Oct-2022, -   ,8.112, 0.013 , 0.152 , 0.137 , 0.013 , 0.905 , 0.452 , 2.493 ,3.074," 4,245 ", 690 , 18.7 ,
21-Oct-2022, -   ,5.305, 0.013 , 0.154 , 0.140 , 0.013 , 0.778 , 0.379 , 2.881 ,3.346," 3,050 ", 386 , 18.7 ,
22-Oct-2022, 1.00 ,9.665, 0.013 , 0.153 , 0.144 , 0.013 , 0.857 , 0.412 , 2.455 ,3.049," 3,271 ", 447 , 18.6 ,
23-Oct-2022, 1.00 ,13.013, 0.011 , 0.141 , 0.144 , 0.012 , 0.828 , 0.392 , 2.208 ,2.807," 4,712 ", 643 , 17.3 ,
24-Oct-2022, -   ,13.777, 0.012 , 0.147 , 0.121 , 0.013 , 0.742 , 0.344 , 1.802 ,2.874," 4,613 ", 622 , 18.2 ,
25-Oct-2022, -   ,3.265, 0.012 , 0.141 , 0.116 , 0.013 , 0.235 , 0.135 , 1.683 ,2.113," 6,028 ", 791 , 18.7 ,
26-Oct-2022, -   ,0.495, 0.011 , 0.129 , 0.119 , 0.012 , 0.115 , 0.081 , 1.752 ,2.014," 7,291 ", 959 , 19.0 ,
27-Oct-2022, -   ,2.082, 0.010 , 0.119 , 0.129 , 0.012 , 0.114 , 0.079 , 2.351 ,3.509," 6,952 ", 930 , 17.6 ,
28-Oct-2022, -   ,0.276, 0.008 , 0.089 , 0.121 , 0.008 , 0.149 , 0.022 , 2.997 ,3.356," 8,085 "," 1,025 ", 16.0 ,
29-Oct-2022, 1.00 ,0.031, 0.007 , 0.088 , 0.127 , 0.008 , 0.034 , 0.020 , 2.134 ,2.937," 8,277 "," 1,036 ", 15.8 ,
30-Oct-2022, 1.00 ,0.422, 0.009 , 0.107 , 0.139 , 0.012 , 0.341 , 0.246 , 2.165 ,2.961," 6,983 "," 1,004 ", 17.7 ,
31-Oct-2022, -   ,20.868, 0.012 , 0.133 , 0.139 , 0.014 , 0.603 , 0.252 , 3.381 ,4.413," 5,357 ", 787 , 19.1 ,
01-Nov-2022, -   ,2.339, 0.007 , 0.077 , 0.104 , 0.007 , 0.313 , 0.090 , 3.819 ,4.434," 7,546 ", 979 , 12.5 ,
02-Nov-2022, -   ,0.074, 0.006 , 0.070 , 0.113 , 0.007 , 0.058 , 0.027 , 3.003 ,4.247," 8,250 "," 1,042 ", 12.3 ,
03-Nov-2022, -   ,0.576, 0.008 , 0.089 , 0.115 , 0.008 , 0.290 , 0.063 , 1.700 ,2.545," 7,804 "," 1,009 ", 14.9 ,
04-Nov-2022, -   ,0.091, 0.009 , 0.100 , 0.113 , 0.009 , 0.189 , 0.108 , 1.651 ,2.148," 6,998 ", 829 , 16.1 ,
05-Nov-2022, 1.00 ,0.079, 0.009 , 0.108 , 0.114 , 0.009 , 0.241 , 0.161 , 1.860 ,2.499," 7,323 ", 943 , 16.9 ,
06-Nov-2022, 1.00 ,0.741, 0.010 , 0.114 , 0.114 , 0.010 , 0.634 , 0.285 , 1.788 ,2.444," 7,415 ", 950 , 17.7 ,
07-Nov-2022, -   ,1.429, 0.010 , 0.115 , 0.124 , 0.010 , 0.247 , 0.121 , 1.954 ,2.513," 7,550 ", 947 , 17.4 ,
08-Nov-2022, -   ,0.413, 0.009 , 0.108 , 0.135 , 0.010 , 0.098 , 0.061 , 1.837 ,2.5," 7,853 ", 999 , 17.4 ,
09-Nov-2022, -   ,0.05, 0.009 , 0.106 , 0.146 , 0.009 , 0.094 , 0.054 , 2.142 ,2.872," 8,103 "," 1,006 ", 17.6 ,
10-Nov-2022, -   ,0.133, 0.009 , 0.111 , 0.155 , 0.010 , 0.356 , 0.158 , 2.164 ,2.764," 8,180 "," 1,040 ", 17.9 ,
11-Nov-2022, -   ,0.567, 0.011 , 0.130 , 0.164 , 0.012 , 0.474 , 0.285 , 1.400 ,1.736," 6,460 ", 873 , 19.4 ,
12-Nov-2022, 1.00 ,8.599, 0.013 , 0.152 , 0.102 , 0.014 , 0.780 , 0.352 , 1.646 ,2.269," 6,261 ", 956 , 20.1 ,
13-Nov-2022, 1.00 ,28.423, 0.014 , 0.156 , 0.108 , 0.015 , 0.703 , 0.289 , 2.788 ,3.734," 4,797 ", 851 , 20.2 ,
14-Nov-2022, -   ,0.535, 0.009 , 0.109 , 0.119 , 0.010 , 0.077 , 0.042 , 2.455 ,3.732," 8,304 "," 1,002 ", 17.6 ,
15-Nov-2022, -   ,1.567, 0.008 , 0.091 , 0.123 , 0.009 , 0.339 , 0.165 , 2.293 ,3.184," 7,638 ", 947 , 15.1 ,
16-Nov-2022, -   ,0.725, 0.006 , 0.072 , 0.132 , 0.007 , 0.190 , 0.095 , 2.610 ,3.332," 7,765 ", 998 , 12.7 ,
17-Nov-2022, -   ,0.015, 0.007 , 0.081 , 0.105 , 0.007 , 0.065 , 0.034 , 2.523 ,3.075," 8,601 "," 1,033 ", 14.3 ,
18-Nov-2022, -   ,0.003, 0.008 , 0.096 , 0.072 , 0.009 , 0.194 , 0.043 , 1.639 ,2.431," 8,448 "," 1,044 ", 16.3 ,
19-Nov-2022, 1.00 ,2.662, 0.011 , 0.119 , 0.076 , 0.012 , 0.351 , 0.166 , 3.025 ,4.112," 7,759 "," 1,020 ", 19.4 ,
20-Nov-2022, 1.00 ,0.816, 0.007 , 0.091 , 0.094 , 0.008 , 0.136 , 0.043 , 3.122 ,4.186," 8,786 "," 1,061 ", 17.3 ,
21-Nov-2022, -   ,0.32, 0.006 , 0.071 , 0.108 , 0.007 , 0.106 , 0.039 , 4.106 ,4.658," 8,742 "," 1,043 ", 14.4 ,
22-Nov-2022, -   ,0.037, 0.007 , 0.078 , 0.114 , 0.008 , 0.103 , 0.041 , 2.663 ,3.566," 8,851 "," 1,087 ", 15.5 ,
23-Nov-2022, -   ,0.044, 0.009 , 0.104 , 0.132 , 0.010 , 0.098 , 0.045 , 1.619 ,2.386," 8,613 "," 1,038 ", 17.9 ,
24-Nov-2022, -   ,0.542, 0.010 , 0.110 , 0.143 , 0.010 , 0.118 , 0.038 , 1.483 ,2.643," 8,690 "," 1,061 ", 18.5 ,
25-Nov-2022, -   ,0.38, 0.010 , 0.113 , 0.154 , 0.011 , 0.427 , 0.232 , 1.869 ,2.622," 8,704 "," 1,046 ", 18.8 ,
26-Nov-2022, 1.00 ,0.007, 0.010 , 0.117 , 0.156 , 0.011 , 0.614 , 0.218 , 2.172 ,2.572," 8,580 "," 1,051 ", 19.2 ,
27-Nov-2022, 1.00 ,5.827, 0.012 , 0.127 , 0.147 , 0.013 , 0.421 , 0.158 , 1.964 ,2.762," 7,568 ", 985 , 20.8 ,
28-Nov-2022, -   ,0.278, 0.010 , 0.111 , 0.114 , 0.010 , 0.140 , 0.081 , 2.055 ,2.946," 7,914 ", 902 , 18.1 ,
29-Nov-2022, -   ,0.225, 0.008 , 0.096 , 0.090 , 0.009 , 0.250 , 0.053 , 2.511 ,3.571," 8,815 "," 1,085 ", 17.6 ,
30-Nov-2022, -   ,0.533, 0.008 , 0.099 , 0.084 , 0.009 , 0.635 , 0.258 , 2.126 ,2.835," 7,092 ", 992 , 17.8 ,
01-Dec-2022, -   ,2.172, 0.009 , 0.107 , 0.082 , 0.009 , 0.567 , 0.348 , 2.489 ,3.048," 5,767 ", 785 , 17.0 ,
02-Dec-2022, -   ,0.59, 0.009 , 0.108 , 0.090 , 0.009 , 0.319 , 0.187 , 2.174 ,3.068," 7,927 ", 900 , 17.6 ,
03-Dec-2022, 1.00 ,0.188, 0.010 , 0.111 , 0.104 , 0.010 , 0.185 , 0.120 , 1.879 ,2.4," 8,724 "," 1,040 ", 18.8 ,
04-Dec-2022, 1.00 ,0.147, 0.010 , 0.122 , 0.108 , 0.011 , 0.091 , 0.041 , 2.171 ,2.919," 8,839 "," 1,070 ", 20.0 ,
05-Dec-2022, -   ,3.938, 0.012 , 0.130 , 0.108 , 0.013 , 0.336 , 0.140 , 1.775 ,2.773," 7,717 "," 1,006 ", 21.0 ,
06-Dec-2022, -   ,0.081, 0.010 , 0.109 , 0.108 , 0.010 , 0.269 , 0.134 , 1.968 ,3.064," 8,084 ", 975 , 19.0 ,
07-Dec-2022, -   ,0.761, 0.010 , 0.108 , 0.098 , 0.011 , 0.429 , 0.244 , 2.083 ,3.267," 6,302 ", 922 , 19.7 ,
08-Dec-2022, -   ,0.08, 0.007 , 0.076 , 0.103 , 0.007 , 0.135 , 0.062 , 2.628 ,3.351," 9,029 "," 1,105 ", 16.5 ,
09-Dec-2022, -   ,0.253, 0.007 , 0.085 , 0.116 , 0.008 , 0.466 , 0.147 , 2.245 ,2.902," 8,069 ", 957 , 16.5 ,
10-Dec-2022, 1.00 ,0.105, 0.009 , 0.106 , 0.118 , 0.010 , 0.128 , 0.087 , 1.942 ,2.428," 8,016 ", 931 , 18.4 ,
11-Dec-2022, 1.00 ,2.375, 0.011 , 0.124 , 0.100 , 0.012 , 0.615 , 0.214 , 2.472 ,3.369," 7,606 "," 1,073 ", 23.5 ,
12-Dec-2022, -   ,6.676, 0.008 , 0.106 , 0.076 , 0.012 , 0.128 , 0.109 , 3.015 ,4.563," 7,430 ", 922 , 18.1 ,
13-Dec-2022, -   ,0.594, 0.007 , 0.080 , 0.080 , 0.008 , 0.044 , 0.020 , 2.071 ,3.599," 9,258 "," 1,101 ", 18.0 ,
14-Dec-2022, -   ,0.19, 0.006 , 0.069 , 0.067 , 0.007 , 0.132 , 0.092 , 3.088 ,3.78," 8,884 "," 1,057 ", 16.1 ,
15-Dec-2022, -   ,1.047, 0.007 , 0.079 , 0.070 , 0.008 , 0.297 , 0.121 , 3.375 ,4.146," 8,917 "," 1,095 ", 16.0 ,
16-Dec-2022, -   ,0.398, 0.008 , 0.089 , 0.072 , 0.008 , 0.161 , 0.087 , 3.320 ,4.107," 8,326 "," 1,027 ", 16.3 ,
17-Dec-2022, 1.00 ,1.643, 0.008 , 0.100 , 0.084 , 0.009 , 0.464 , 0.227 , 3.329 ,3.919," 5,895 ", 656 , 16.5 ,
18-Dec-2022, 1.00 ,0.894, 0.008 , 0.091 , 0.084 , 0.008 , 0.425 , 0.215 , 3.514 ,4.122," 6,616 ", 722 , 16.9 ,
19-Dec-2022, -   ,0.077, 0.007 , 0.084 , 0.084 , 0.007 , 0.379 , 0.133 , 3.144 ,4.151," 7,979 ", 931 , 17.1 ,
20-Dec-2022, -   ,0.118, 0.008 , 0.091 , 0.075 , 0.009 , 0.133 , 0.051 , 2.333 ,3.234," 9,001 "," 1,075 ", 17.7 ,
21-Dec-2022, -   ,0.094, 0.009 , 0.101 , 0.072 , 0.009 , 0.709 , 0.319 , 1.921 ,2.628," 7,835 "," 1,029 ", 18.7 ,
22-Dec-2022, -   ,3.304, 0.010 , 0.122 , 0.061 , 0.012 , 0.772 , 0.332 , 1.946 ,2.773," 7,119 ", 846 , 19.8 ,
23-Dec-2022, -   ,2.701, 0.012 , 0.137 , 0.066 , 0.013 , 0.298 , 0.133 , 1.352 ,2.077," 7,939 ", 933 , 22.0 ,
24-Dec-2022, 1.00 ,0.609, 0.012 , 0.133 , 0.072 , 0.013 , 0.136 , 0.083 , 1.288 ,2.038," 8,586 "," 1,031 ", 23.2 ,
25-Dec-2022, 1.00 ,0.947, 0.012 , 0.142 , 0.072 , 0.013 , 0.031 , 0.018 , 1.446 ,2.097," 8,961 "," 1,073 ", 23.6 ,
26-Dec-2022, -   ,0.135, 0.011 , 0.123 , 0.065 , 0.012 , 0.052 , 0.011 , 1.809 ,2.563," 9,265 "," 1,093 ", 23.7 ,
27-Dec-2022, -   ,0.176, 0.011 , 0.125 , 0.071 , 0.012 , 0.064 , 0.017 , 2.201 ,2.637," 9,308 "," 1,094 ", 23.0 ,
28-Dec-2022, -   ,0.386, 0.012 , 0.128 , 0.067 , 0.013 , 0.287 , 0.169 , 2.176 ,3.311," 8,064 "," 1,102 ", 23.6 ,
29-Dec-2022, -   ,4.132, 0.013 , 0.148 , 0.077 , 0.013 , 0.610 , 0.345 , 1.967 ,2.761," 5,596 ", 751 , 21.3 ,
30-Dec-2022, -   ,3.057, 0.012 , 0.139 , 0.077 , 0.012 , 0.207 , 0.090 , 2.220 ,2.872," 8,236 ", 957 , 21.4 ,
31-Dec-2022, 1.00 ,1.678, 0.012 , 0.146 , 0.084 , 0.013 , 0.200 , 0.079 , 2.154 ,2.782," 8,173 ", 990 , 22.3 ,
01-Jan-2023, 1.00 ,1.222, 0.012 , 0.142 , 0.094 , 0.012 , 0.140 , 0.055 , 2.156 ,2.872," 8,394 ", 997 , 22.7 ,
02-Jan-2023, -   ,0.298, 0.012 , 0.137 , 0.096 , 0.012 , 0.192 , 0.056 , 2.178 ,3.054," 8,635 "," 1,073 ", 23.7 ,
03-Jan-2023, -   ,2.147, 0.013 , 0.146 , 0.096 , 0.013 , 0.127 , 0.063 , 2.006 ,2.723," 8,212 ", 997 , 23.3 ,
04-Jan-2023, -   ,14.394, 0.012 , 0.136 , 0.089 , 0.012 , 0.451 , 0.191 , 3.181 ,4.723," 6,795 ", 914 , 20.6 ,
05-Jan-2023, -   ,4.805, 0.010 , 0.114 , 0.092 , 0.010 , 0.397 , 0.195 , 4.021 ,4.692," 6,888 ", 881 , 18.2 ,
06-Jan-2023, -   ,12.74, 0.011 , 0.128 , 0.072 , 0.011 , 0.346 , 0.185 , 3.864 ,4.694," 6,101 ", 770 , 18.8 ,
07-Jan-2023, 1.00 ,1.447, 0.010 , 0.117 , 0.084 , 0.010 , 0.226 , 0.101 , 2.836 ,3.656," 7,789 ", 922 , 19.5 ,
08-Jan-2023, 1.00 ,0.004, 0.009 , 0.110 , 0.084 , 0.010 , 0.027 , 0.011 , 1.615 ,2.681," 9,146 "," 1,059 ", 21.2 ,
09-Jan-2023, -   ,0.237, 0.010 , 0.113 , 0.084 , 0.011 , 0.045 , 0.013 , 2.023 ,3.033," 9,250 "," 1,101 ", 22.6 ,
10-Jan-2023, -   ,0.224, 0.011 , 0.123 , 0.084 , 0.011 , 0.164 , 0.042 , 2.344 ,3.114," 8,877 "," 1,081 ", 22.2 ,
11-Jan-2023, -   ,0.131, 0.011 , 0.134 , 0.073 , 0.012 , 0.121 , 0.056 , 1.883 ,2.619," 8,756 "," 1,046 ", 23.0 ,
12-Jan-2023, -   ,0.518, 0.012 , 0.135 , 0.077 , 0.012 , 0.439 , 0.204 , 2.055 ,2.841," 8,534 "," 1,058 ", 23.5 ,
13-Jan-2023, -   ,0.674, 0.012 , 0.140 , 0.081 , 0.013 , 0.688 , 0.289 , 2.410 ,3.007," 7,514 ", 967 , 23.2 ,
14-Jan-2023, 1.00 ,0.348, 0.012 , 0.137 , 0.084 , 0.012 , 0.468 , 0.165 , 2.629 ,3.279," 7,748 ", 888 , 23.2 ,
15-Jan-2023, 1.00 ,1.742, 0.012 , 0.142 , 0.094 , 0.014 , 0.130 , 0.062 , 2.111 ,2.921," 8,555 "," 1,068 ", 24.6 ,
16-Jan-2023, -   ,0.531, 0.012 , 0.138 , 0.102 , 0.013 , 0.341 , 0.190 , 2.150 ,2.827," 8,252 "," 1,025 ", 23.5 ,
17-Jan-2023, -   ,0.154, 0.012 , 0.135 , 0.108 , 0.013 , 0.062 , 0.042 , 2.284 ,2.768," 8,804 "," 1,049 ", 23.7 ,
18-Jan-2023, -   ,12.772, 0.012 , 0.138 , 0.108 , 0.014 , 0.638 , 0.247 , 2.641 ,3.855," 6,929 "," 1,044 ", 23.7 ,
19-Jan-2023, -   ,3.763, 0.010 , 0.119 , 0.102 , 0.011 , 0.372 , 0.214 , 3.267 ,3.928," 5,896 ", 742 , 19.3 ,
20-Jan-2023, -   ,1.103, 0.009 , 0.108 , 0.102 , 0.009 , 0.345 , 0.224 , 2.434 ,3.275," 7,171 ", 867 , 19.6 ,
21-Jan-2023, 1.00 ,3.807, 0.010 , 0.119 , 0.107 , 0.011 , 0.643 , 0.202 , 2.275 ,2.93," 7,156 ", 984 , 20.7 ,
22-Jan-2023, 1.00 ,9.611, 0.012 , 0.137 , 0.082 , 0.013 , 0.581 , 0.236 , 2.326 ,2.803," 6,134 ", 801 , 19.8 ,
23-Jan-2023, -   ,1.773, 0.011 , 0.133 , 0.072 , 0.012 , 0.278 , 0.153 , 1.401 ,2.148," 7,365 ", 856 , 21.6 ,
24-Jan-2023, -   ,7.925, 0.013 , 0.145 , 0.084 , 0.014 , 0.286 , 0.133 , 1.674 ,2.613," 7,535 ", 950 , 23.0 ,
25-Jan-2023, -   ,0.151, 0.012 , 0.139 , 0.084 , 0.014 , 0.041 , 0.024 , 1.709 ,2.598," 8,616 "," 1,049 ", 24.2 ,
26-Jan-2023, -   ,8.276, 0.013 , 0.147 , 0.080 , 0.015 , 0.404 , 0.114 , 1.839 ,2.251," 7,862 "," 1,049 ", 25.2 ,
27-Jan-2023, -   ,0.891, 0.014 , 0.168 , 0.074 , 0.015 , 0.212 , 0.100 , 1.768 ,2.463," 7,531 ", 942 , 24.3 ,
28-Jan-2023, 1.00 ,0.442, 0.015 , 0.177 , 0.081 , 0.016 , 0.528 , 0.227 , 2.124 ,3.183," 7,318 ", 983 , 26.6 ,
29-Jan-2023, 1.00 ,11.737, 0.016 , 0.184 , 0.077 , 0.017 , 0.867 , 0.403 , 1.674 ,2.097," 4,911 ", 644 , 25.0 ,
30-Jan-2023, -   ,27.662, 0.015 , 0.181 , 0.069 , 0.016 , 0.550 , 0.275 , 2.471 ,3.58," 4,961 ", 657 , 22.3 ,
31-Jan-2023, -   ,1.403, 0.013 , 0.151 , 0.072 , 0.013 , 0.163 , 0.082 , 2.735 ,3.463," 7,309 ", 844 , 22.1 ,
01-Feb-2023, -   ,0.125, 0.012 , 0.147 , 0.084 , 0.013 , 0.155 , 0.045 , 1.785 ,2.714," 8,349 "," 1,026 ", 22.6 ,
02-Feb-2023, -   ,0.24, 0.010 , 0.123 , 0.070 , 0.012 , 0.092 , 0.067 , 2.607 ,3.116," 8,342 "," 1,014 ", 22.8 ,
03-Feb-2023, -   ,0.165, 0.008 , 0.093 , 0.082 , 0.010 , 0.038 , 0.014 , 2.189 ,3.503," 8,601 "," 1,053 ", 19.5 ,
04-Feb-2023, 1.00 ,0.045, 0.008 , 0.086 , 0.083 , 0.009 , 0.024 , 0.009 , 2.376 ,3.084," 8,682 "," 1,058 ", 19.9 ,
05-Feb-2023, 1.00 ,0.004, 0.010 , 0.112 , 0.094 , 0.011 , 0.028 , 0.010 , 1.857 ,2.913," 8,593 "," 1,064 ", 22.0 ,
06-Feb-2023, -   ,0.374, 0.012 , 0.141 , 0.096 , 0.013 , 0.140 , 0.039 , 1.999 ,3.152," 8,204 "," 1,042 ", 23.5 ,
07-Feb-2023, -   ,1.9, 0.012 , 0.145 , 0.096 , 0.013 , 0.273 , 0.120 , 2.188 ,2.945," 6,979 ", 887 , 22.9 ,
08-Feb-2023, -   ,8.308, 0.013 , 0.149 , 0.095 , 0.013 , 0.294 , 0.159 , 2.489 ,2.993," 6,644 ", 901 , 22.4 ,
09-Feb-2023, -   ,14.034, 0.013 , 0.157 , 0.094 , 0.014 , 0.525 , 0.260 , 2.070 ,2.953," 4,788 ", 821 , 21.4 ,
10-Feb-2023, -   ,0.501, 0.013 , 0.146 , 0.086 , 0.013 , 0.043 , 0.026 , 1.771 ,2.274," 8,081 "," 1,018 ", 23.7 ,
11-Feb-2023, 1.00 ,0.007, 0.012 , 0.133 , 0.070 , 0.013 , 0.043 , 0.007 , 2.290 ,3.39," 8,222 "," 1,019 ", 25.6 ,
12-Feb-2023, 1.00 ,1.063, 0.012 , 0.141 , 0.079 , 0.013 , 0.213 , 0.093 , 3.011 ,3.823," 7,593 "," 1,019 ", 22.5 ,
13-Feb-2023, -   ,2.724, 0.012 , 0.137 , 0.081 , 0.012 , 0.689 , 0.312 , 2.589 ,3.055," 5,545 ", 793 , 20.7 ,
14-Feb-2023, -   ,4.979, 0.011 , 0.134 , 0.072 , 0.012 , 0.279 , 0.133 , 2.173 ,2.927," 6,184 ", 802 , 20.3 ,
15-Feb-2023, -   ,0.273, 0.011 , 0.123 , 0.072 , 0.011 , 0.248 , 0.042 , 1.870 ,2.613," 7,821 ", 976 , 22.3 ,
16-Feb-2023, -   ,0, 0.011 , 0.128 , 0.089 , 0.012 , 0.168 , 0.070 , 1.975 ,2.859," 7,877 "," 1,012 ", 24.0 ,
17-Feb-2023, -   ,0.227, 0.012 , 0.135 , 0.076 , 0.013 , 0.044 , 0.026 , 2.107 ,2.716," 7,866 "," 1,004 ", 25.1 ,
18-Feb-2023, 1.00 ,7.507, 0.013 , 0.151 , 0.084 , 0.014 , 0.235 , 0.117 , 2.164 ,2.788," 7,187 ", 981 , 25.5 ,
19-Feb-2023, 1.00 ,0.749, 0.014 , 0.161 , 0.115 , 0.015 , 0.227 , 0.091 , 1.796 ,2.171," 7,321 ", 935 , 24.3 ,
20-Feb-2023, -   ,0.442, 0.013 , 0.155 , 0.124 , 0.015 , 0.465 , 0.158 , 2.062 ,2.891," 7,294 ", 969 , 25.1 ,
21-Feb-2023, -   ,28.45, 0.013 , 0.153 , 0.084 , 0.014 , 0.554 , 0.255 , 3.107 ,4.109," 6,128 ", 947 , 23.0 ,
22-Feb-2023, -   ,9.224, 0.010 , 0.129 , 0.077 , 0.012 , 0.633 , 0.347 , 3.230 ,4.056," 4,145 ", 612 , 19.9 ,
23-Feb-2023, -   ,2.822, 0.011 , 0.123 , 0.084 , 0.011 , 0.465 , 0.197 , 2.604 ,3.179," 6,346 ", 804 , 20.6 ,
24-Feb-2023, -   ,0.57, 0.010 , 0.120 , 0.084 , 0.011 , 0.153 , 0.089 , 2.089 ,2.592," 7,218 ", 915 , 20.7 ,
25-Feb-2023, 1.00 ,0.029, 0.011 , 0.125 , 0.082 , 0.012 , 0.460 , 0.134 , 2.241 ,2.729," 7,368 ", 964 , 21.9 ,
26-Feb-2023, 1.00 ,0.294, 0.012 , 0.143 , 0.080 , 0.013 , 0.335 , 0.104 , 2.132 ,2.589," 7,316 ", 964 , 24.4 ,
27-Feb-2023, -   ,1.42, 0.012 , 0.146 , 0.096 , 0.013 , 0.251 , 0.139 , 2.038 ,3.265," 6,599 ", 898 , 22.8 ,
28-Feb-2023, -   ,0.482, 0.013 , 0.144 , 0.101 , 0.014 , 0.783 , 0.360 , 2.006 ,2.947," 5,974 ", 807 , 23.1 ,
01-Mar-2023, -   ,0.849, 0.012 , 0.143 , 0.086 , 0.013 , 0.241 , 0.123 , 2.711 ,4.315," 6,723 ", 893 , 22.5 ,
02-Mar-2023, -   ,0.614, 0.012 , 0.138 , 0.075 , 0.013 , 0.120 , 0.057 , 1.688 ,2.44," 6,882 ", 911 , 22.4 ,
03-Mar-2023, -   ,1.61, 0.012 , 0.146 , 0.072 , 0.013 , 0.322 , 0.142 , 2.176 ,2.859," 6,162 ", 842 , 22.1 ,
04-Mar-2023, 1.00 ,0.505, 0.012 , 0.137 , 0.076 , 0.012 , 0.292 , 0.169 , 2.213 ,2.691," 6,316 ", 864 , 22.1 ,
05-Mar-2023, 1.00 ,1.158, 0.012 , 0.138 , 0.082 , 0.013 , 0.150 , 0.038 , 2.880 ,3.274," 6,877 ", 886 , 24.4 ,
06-Mar-2023, -   ,0.023, 0.011 , 0.128 , 0.088 , 0.013 , 0.099 , 0.042 , 2.025 ,3.231," 7,017 ", 947 , 25.6 ,
07-Mar-2023, -   ,0.114, 0.009 , 0.100 , 0.087 , 0.011 , 0.066 , 0.044 , 1.834 ,2.265," 7,009 ", 932 , 23.0 ,
08-Mar-2023, -   ,0.166, 0.008 , 0.088 , 0.075 , 0.009 , 0.079 , 0.046 , 1.800 ,2.544," 6,923 ", 907 , 21.0 ,
09-Mar-2023, -   ,0.024, 0.008 , 0.091 , 0.084 , 0.009 , 0.062 , 0.033 , 1.553 ,2.725," 7,013 ", 935 , 20.4 ,
10-Mar-2023, -   ,0.257, 0.011 , 0.129 , 0.082 , 0.012 , 0.093 , 0.052 , 2.116 ,2.968," 6,637 ", 892 , 22.3 ,
11-Mar-2023, 1.00 ,1.495, 0.012 , 0.137 , 0.084 , 0.014 , 0.274 , 0.124 , 1.558 ,2.431," 6,015 ", 849 , 23.5 ,
12-Mar-2023, 1.00 ,8.503, 0.013 , 0.147 , 0.073 , 0.013 , 0.385 , 0.159 , 2.977 ,3.364," 5,303 ", 757 , 21.4 ,
13-Mar-2023, -   ,4.746, 0.012 , 0.140 , 0.072 , 0.013 , 0.368 , 0.201 , 2.333 ,3.104," 4,830 ", 638 , 20.5 ,
14-Mar-2023, -   ,4.281, 0.013 , 0.149 , 0.089 , 0.013 , 0.515 , 0.179 , 1.431 ,2.406," 5,433 ", 748 , 21.8 ,
15-Mar-2023, -   ,0.268, 0.012 , 0.139 , 0.092 , 0.013 , 0.069 , 0.040 , 1.419 ,2.13," 6,324 ", 850 , 23.1 ,
16-Mar-2023, -   ,0.023, 0.010 , 0.114 , 0.096 , 0.011 , 0.002 , 0.002 , 1.900 ,2.259," 6,703 ", 902 , 25.3 ,
17-Mar-2023, -   ,0.116, 0.012 , 0.136 , 0.108 , 0.014 , 0.120 , 0.055 , 2.113 ,3.351," 6,690 ", 913 , 23.7 ,
18-Mar-2023, 1.00 ,0.01, 0.012 , 0.126 , 0.118 , 0.013 , 0.202 , 0.163 , 1.886 ,2.38," 6,661 ", 902 , 25.2 ,
19-Mar-2023, 1.00 ,0.4, 0.013 , 0.136 , 0.091 , 0.014 , 0.450 , 0.303 , 2.020 ,3.902," 6,301 ", 897 , 26.0 ,
20-Mar-2023, -   ,1.781, 0.011 , 0.130 , 0.096 , 0.012 , 0.932 , 0.465 , 3.239 ,3.947," 4,656 ", 673 , 21.2 ,
21-Mar-2023, -   ,1.789, 0.010 , 0.125 , 0.108 , 0.011 , 0.727 , 0.455 , 2.160 ,2.892," 4,145 ", 613 , 20.0 ,
22-Mar-2023, -   ,2.013, 0.012 , 0.137 , 0.092 , 0.012 , 0.406 , 0.259 , 1.815 ,2.33," 5,239 ", 757 , 21.9 ,
23-Mar-2023, -   ,11.892, 0.013 , 0.157 , 0.088 , 0.014 , 0.576 , 0.319 , 1.448 ,2.184," 3,758 ", 552 , 21.6 ,
24-Mar-2023, -   ,5.137, 0.013 , 0.149 , 0.085 , 0.013 , 0.620 , 0.259 , 2.057 ,2.589," 4,455 ", 732 , 21.5 ,
25-Mar-2023, 1.00 ,8.497, 0.012 , 0.143 , 0.084 , 0.012 , 0.717 , 0.381 , 1.979 ,2.472," 2,724 ", 397 , 20.0 ,
26-Mar-2023, 1.00 ,7.107, 0.013 , 0.147 , 0.084 , 0.013 , 0.867 , 0.435 , 1.794 ,2.127," 3,127 ", 455 , 20.5 ,
27-Mar-2023, -   ,3.651, 0.013 , 0.156 , 0.092 , 0.014 , 0.865 , 0.450 , 1.313 ,1.652," 3,821 ", 554 , 21.5 ,
28-Mar-2023, -   ,11.275, 0.014 , 0.164 , 0.103 , 0.015 , 0.805 , 0.401 , 1.878 ,2.439," 3,419 ", 585 , 21.2 ,
29-Mar-2023, -   ,4.085, 0.011 , 0.140 , 0.104 , 0.015 , 0.134 , 0.089 , 2.661 ,3.12," 4,823 ", 654 , 19.3 ,
30-Mar-2023, -   ,0.168, 0.007 , 0.086 , 0.096 , 0.008 , 0.115 , 0.024 , 2.416 ,2.914," 5,997 ", 845 , 17.0 ,
31-Mar-2023, -   ,0.321, 0.008 , 0.092 , 0.087 , 0.009 , 0.180 , 0.073 , 1.528 ,2.088," 5,713 ", 817 , 17.6 ,
01-Apr-2023, 1.00 ,4.203, 0.010 , 0.113 , 0.077 , 0.010 , 0.518 , 0.278 , 2.466 ,3.349," 3,737 ", 605 , 16.6 ,
02-Apr-2023, 1.00 ,2.798, 0.010 , 0.117 , 0.084 , 0.011 , 0.293 , 0.166 , 2.078 ,2.959," 4,346 ", 639 , 17.6 ,
03-Apr-2023, -   ,1.384, 0.011 , 0.129 , 0.084 , 0.011 , 0.244 , 0.112 , 2.054 ,2.641," 4,788 ", 693 , 19.2 ,
04-Apr-2023, -   ,1.053, 0.011 , 0.125 , 0.088 , 0.011 , 0.211 , 0.085 , 1.896 ,2.389," 5,100 ", 728 , 19.3 ,
05-Apr-2023, -   ,0.277, 0.010 , 0.120 , 0.112 , 0.011 , 0.246 , 0.186 , 1.908 ,2.62," 5,150 ", 782 , 19.3 ,
06-Apr-2023, -   ,0.428, 0.010 , 0.118 , 0.087 , 0.011 , 0.396 , 0.289 , 1.889 ,2.858," 4,094 ", 597 , 18.9 ,
07-Apr-2023, -   ,5.164, 0.011 , 0.124 , 0.082 , 0.013 , 0.258 , 0.165 , 3.022 ,4.132," 3,971 ", 579 , 18.1 ,
08-Apr-2023, 1.00 ,0.199, 0.008 , 0.092 , 0.080 , 0.009 , 0.068 , 0.037 , 3.762 ,4.157," 5,284 ", 737 , 16.8 ,
09-Apr-2023, 1.00 ,0.034, 0.006 , 0.073 , 0.078 , 0.007 , 0.043 , 0.015 , 2.956 ,3.994," 5,555 ", 795 , 14.3 ,
10-Apr-2023, -   ,0.009, 0.006 , 0.072 , 0.103 , 0.007 , 0.059 , 0.025 , 2.328 ,3.026," 5,495 ", 800 , 13.9 ,
11-Apr-2023, -   ,0.339, 0.008 , 0.093 , 0.120 , 0.009 , 0.369 , 0.116 , 2.054 ,2.753," 4,935 ", 757 , 16.2 ,
12-Apr-2023, -   ,4.6, 0.009 , 0.100 , 0.120 , 0.010 , 0.402 , 0.203 , 1.694 ,2.777," 3,946 ", 669 , 16.9 ,
13-Apr-2023, -   ,6.491, 0.010 , 0.120 , 0.120 , 0.011 , 0.192 , 0.089 , 2.790 ,3.341," 4,415 ", 636 , 16.9 ,
14-Apr-2023, -   ,1.335, 0.009 , 0.111 , 0.102 , 0.010 , 0.153 , 0.096 , 1.950 ,3.012," 4,756 ", 716 , 16.5 ,
15-Apr-2023, 1.00 ,0.321, 0.010 , 0.113 , 0.093 , 0.010 , 0.469 , 0.201 , 2.463 ,3.131," 4,537 ", 723 , 19.0 ,
16-Apr-2023, 1.00 ,0.299, 0.008 , 0.106 , 0.108 , 0.010 , 0.076 , 0.057 , 2.619 ,3.842," 4,709 ", 686 , 16.8 ,
17-Apr-2023, -   ,0.073, 0.008 , 0.096 , 0.119 , 0.009 , 0.077 , 0.047 , 1.840 ,2.407," 4,824 ", 708 , 16.9 ,
18-Apr-2023, -   ,0.03, 0.009 , 0.105 , 0.102 , 0.010 , 0.360 , 0.161 , 1.885 ,2.102," 4,789 ", 731 , 17.6 ,
19-Apr-2023, -   ,3.433, 0.010 , 0.113 , 0.103 , 0.011 , 0.391 , 0.218 , 2.225 ,3.312," 4,276 ", 685 , 18.3 ,
20-Apr-2023, -   ,1.772, 0.009 , 0.111 , 0.097 , 0.010 , 0.264 , 0.183 , 2.637 ,3.283," 3,554 ", 530 , 16.6 ,
21-Apr-2023, -   ,0.397, 0.009 , 0.105 , 0.088 , 0.010 , 0.120 , 0.069 , 2.230 ,2.719," 4,592 ", 705 , 17.0 ,
22-Apr-2023, 1.00 ,0.246, 0.010 , 0.118 , 0.084 , 0.011 , 0.115 , 0.062 , 1.844 ,2.437," 4,417 ", 667 , 17.8 ,
23-Apr-2023, 1.00 ,1.964, 0.011 , 0.124 , 0.089 , 0.011 , 0.216 , 0.086 , 2.479 ,3.065," 4,190 ", 658 , 18.5 ,
24-Apr-2023, -   ,0.441, 0.010 , 0.109 , 0.099 , 0.010 , 0.107 , 0.059 , 2.009 ,2.77," 4,356 ", 648 , 18.0 ,
25-Apr-2023, -   ,0.091, 0.009 , 0.103 , 0.108 , 0.009 , 0.093 , 0.044 , 1.530 ,2.015," 4,510 ", 681 , 18.1 ,
26-Apr-2023, -   ,0.109, 0.009 , 0.108 , 0.110 , 0.009 , 0.436 , 0.188 , 2.194 ,2.525," 4,264 ", 663 , 18.0 ,
27-Apr-2023, -   ,0.334, 0.010 , 0.113 , 0.122 , 0.010 , 0.102 , 0.084 , 2.256 ,2.689," 4,389 ", 663 , 18.5 ,
28-Apr-2023, -   ,1.61, 0.010 , 0.115 , 0.136 , 0.011 , 0.666 , 0.290 , 2.068 ,2.64," 3,661 ", 666 , 19.3 ,
29-Apr-2023, 1.00 ,22.915, 0.011 , 0.127 , 0.115 , 0.011 , 0.857 , 0.387 , 1.692 ,2.116," 1,971 ", 320 , 15.8 ,
30-Apr-2023, 1.00 ,2.136, 0.008 , 0.098 , 0.084 , 0.010 , 0.400 , 0.177 , 1.949 ,2.156," 3,437 ", 535 , 13.7 ,
01-May-2023, -   ,0.021, 0.007 , 0.081 , 0.088 , 0.008 , 0.126 , 0.072 , 2.193 ,3.178," 4,115 ", 630 , 13.8 ,
02-May-2023, -   ,0.101, 0.008 , 0.093 , 0.106 , 0.008 , 0.206 , 0.119 , 2.423 ,3.307," 4,110 ", 638 , 15.9 ,
03-May-2023, -   ,0.217, 0.007 , 0.081 , 0.108 , 0.008 , 0.060 , 0.044 , 3.058 ,3.876," 4,237 ", 643 , 14.7 ,
04-May-2023, -   ,0.036, 0.007 , 0.081 , 0.123 , 0.008 , 0.045 , 0.021 , 1.610 ,2.427," 4,296 ", 661 , 14.0 ,
05-May-2023, -   ,0.047, 0.007 , 0.079 , 0.093 , 0.008 , 0.092 , 0.043 , 1.889 ,2.232," 4,294 ", 660 , 14.0 ,
06-May-2023, 1.00 ,0.545, 0.006 , 0.072 , 0.108 , 0.006 , 0.220 , 0.092 , 1.662 ,3.096," 3,987 ", 650 , 14.2 ,
07-May-2023, 1.00 ,4.758, 0.006 , 0.072 , 0.114 , 0.006 , 0.622 , 0.300 , 4.286 ,5.24," 2,562 ", 363 , 10.1 ,
08-May-2023, -   ,0.038, 0.006 , 0.068 , 0.108 , 0.007 , 0.426 , 0.215 , 3.503 ,5.107," 3,194 ", 483 , 11.5 ,
09-May-2023, -   ,0.017, 0.007 , 0.084 , 0.131 , 0.007 , 0.052 , 0.021 , 2.623 ,3.614," 3,997 ", 617 , 13.0 ,
10-May-2023, -   ,0.051, 0.008 , 0.089 , 0.144 , 0.008 , 0.075 , 0.044 , 1.786 ,2.348," 3,981 ", 631 , 13.9 ,
11-May-2023, -   ,0.091, 0.008 , 0.092 , 0.148 , 0.009 , 0.042 , 0.027 , 1.502 ,1.769," 3,896 ", 606 , 14.7 ,
12-May-2023, -   ,0.182, 0.008 , 0.096 , 0.148 , 0.009 , 0.148 , 0.081 , 1.470 ,2.031," 3,870 ", 617 , 15.8 ,
13-May-2023, 1.00 ,2.265, 0.009 , 0.102 , 0.148 , 0.009 , 0.398 , 0.256 , 1.706 ,2.054," 3,411 ", 576 , 15.5 ,
14-May-2023, 1.00 ,1.401, 0.009 , 0.108 , 0.138 , 0.009 , 0.586 , 0.340 , 1.253 ,1.55," 2,564 ", 405 , 15.2 ,
15-May-2023, -   ,1.993, 0.009 , 0.103 , 0.143 , 0.009 , 0.249 , 0.173 , 1.222 ,1.911," 2,675 ", 409 , 15.0 ,
16-May-2023, -   ,2.358, 0.008 , 0.090 , 0.147 , 0.008 , 0.185 , 0.080 , 3.004 ,3.814," 3,502 ", 565 , 14.3 ,
17-May-2023, -   ,1.518, 0.007 , 0.085 , 0.136 , 0.008 , 0.354 , 0.199 , 2.963 ,3.926," 2,807 ", 503 , 12.0 ,
18-May-2023, -   ,1.353, 0.007 , 0.080 , 0.124 , 0.007 , 0.189 , 0.121 , 2.527 ,2.855," 2,997 ", 462 , 11.1 ,
19-May-2023, -   ,0.025, 0.005 , 0.066 , 0.103 , 0.006 , 0.042 , 0.026 , 1.783 ,2.421," 3,759 ", 602 , 11.1 ,
20-May-2023, 1.00 ,0.094, 0.006 , 0.070 , 0.093 , 0.006 , 0.200 , 0.124 , 2.626 ,4.136," 3,479 ", 575 , 12.0 ,
21-May-2023, 1.00 ,0.018, 0.006 , 0.071 , 0.090 , 0.006 , 0.047 , 0.032 , 3.013 ,4.8," 3,530 ", 547 , 11.4 ,
22-May-2023, -   ,0.007, 0.005 , 0.055 , 0.115 , 0.005 , 0.072 , 0.011 , 1.414 ,1.782," 3,738 ", 596 , 12.0 ,
23-May-2023, -   ,0.004, 0.006 , 0.068 , 0.153 , 0.007 , 0.329 , 0.158 , 1.319 ,1.639," 3,502 ", 587 , 12.8 ,
24-May-2023, -   ,0.001, 0.005 , 0.061 , 0.079 , 0.006 , 0.186 , 0.121 , 1.576 ,2.144," 3,608 ", 581 , 13.0 ,
25-May-2023, -   ,0.3, 0.006 , 0.067 , 0.072 , 0.007 , 0.715 , 0.301 , 2.301 ,3.817," 3,036 ", 545 , 15.2 ,
26-May-2023, -   ,2.647, 0.006 , 0.078 , 0.095 , 0.007 , 0.168 , 0.140 , 2.768 ,4.481," 2,271 ", 399 , 10.5 ,
27-May-2023, 1.00 ,0.007, 0.006 , 0.065 , 0.104 , 0.006 , 0.169 , 0.117 , 2.053 ,2.479," 3,499 ", 572 , 10.5 ,
28-May-2023, 1.00 ,0.245, 0.006 , 0.077 , 0.108 , 0.007 , 0.530 , 0.278 , 2.265 ,2.71," 2,691 ", 452 , 11.6 ,
29-May-2023, -   ,0.016, 0.007 , 0.081 , 0.120 , 0.007 , 0.266 , 0.123 , 2.313 ,3.152," 3,334 ", 544 , 12.8 ,
30-May-2023, -   ,0.024, 0.007 , 0.084 , 0.113 , 0.007 , 0.438 , 0.255 , 1.878 ,2.523," 3,115 ", 508 , 13.7 ,
31-May-2023, -   ,0.339, 0.008 , 0.094 , 0.111 , 0.009 , 0.737 , 0.394 , 1.919 ,2.185," 2,249 ", 417 , 15.1 ,
01-Jun-2023, -   ,0.056, 0.008 , 0.098 , 0.108 , 0.009 , 0.316 , 0.187 , 1.186 ,2.092," 3,016 ", 523 , 15.2 ,
02-Jun-2023, -   ,0.153, 0.009 , 0.108 , 0.110 , 0.010 , 0.646 , 0.330 , 1.409 ,1.746," 2,498 ", 390 , 15.7 ,
03-Jun-2023, 1.00 ,0.46, 0.009 , 0.108 , 0.133 , 0.010 , 0.496 , 0.303 , 2.045 ,2.81," 2,617 ", 445 , 16.4 ,
04-Jun-2023, 1.00 ,1.115, 0.008 , 0.099 , 0.151 , 0.009 , 0.816 , 0.359 , 2.326 ,2.97," 2,464 ", 410 , 14.9 ,
05-Jun-2023, -   ,0.503, 0.008 , 0.095 , 0.166 , 0.009 , 0.675 , 0.235 , 1.956 ,2.657," 2,865 ", 482 , 14.3 ,
06-Jun-2023, -   ,0.188, 0.009 , 0.103 , 0.124 , 0.009 , 0.216 , 0.132 , 1.785 ,2.147," 2,778 ", 472 , 14.8 ,
07-Jun-2023, -   ,0.384, 0.009 , 0.105 , 0.105 , 0.009 , 0.414 , 0.226 , 2.193 ,2.44," 2,851 ", 478 , 15.4 ,
08-Jun-2023, -   ,1.626, 0.008 , 0.090 , 0.080 , 0.009 , 0.416 , 0.343 , 2.355 ,2.939," 2,141 ", 392 , 12.9 ,
09-Jun-2023, -   ,0.021, 0.006 , 0.072 , 0.078 , 0.007 , 0.265 , 0.175 , 2.271 ,2.914," 3,061 ", 495 , 12.1 ,
10-Jun-2023, 1.00 ,0.012, 0.005 , 0.064 , 0.089 , 0.006 , 0.013 , 0.009 , 1.322 ,2.305," 3,331 ", 546 , 11.7 ,
11-Jun-2023, 1.00 ,0.014, 0.006 , 0.069 , 0.109 , 0.007 , 0.221 , 0.173 , 1.450 ,1.786," 3,140 ", 535 , 12.0 ,
12-Jun-2023, -   ,0.559, 0.008 , 0.089 , 0.130 , 0.008 , 0.474 , 0.303 , 1.774 ,2.162," 2,258 ", 375 , 13.0 ,
13-Jun-2023, -   ,1.393, 0.007 , 0.082 , 0.082 , 0.008 , 0.133 , 0.077 , 2.232 ,3.063," 2,855 ", 478 , 12.6 ,
14-Jun-2023, -   ,0.023, 0.006 , 0.068 , 0.072 , 0.006 , 0.064 , 0.032 , 2.801 ,3.761," 3,228 ", 529 , 10.8 ,
15-Jun-2023, -   ,0.047, 0.006 , 0.067 , 0.084 , 0.006 , 0.174 , 0.053 , 1.933 ,2.614," 3,191 ", 531 , 11.0 ,
16-Jun-2023, -   ,0.003, 0.006 , 0.069 , 0.109 , 0.006 , 0.025 , 0.016 , 1.399 ,1.887," 3,242 ", 532 , 11.2 ,
17-Jun-2023, 1.00 ,0.044, 0.006 , 0.067 , 0.120 , 0.006 , 0.038 , 0.020 , 1.786 ,2.21," 3,289 ", 541 , 11.1 ,
18-Jun-2023, 1.00 ,0.046, 0.005 , 0.060 , 0.128 , 0.005 , 0.052 , 0.035 , 2.301 ,2.718," 3,152 ", 520 , 10.0 ,
19-Jun-2023, -   ,0.545, 0.005 , 0.060 , 0.120 , 0.005 , 0.105 , 0.037 , 2.791 ,3.296," 3,219 ", 531 , 9.5 ,
20-Jun-2023, -   ,0.002, 0.005 , 0.054 , 0.149 , 0.005 , 0.155 , 0.056 , 2.175 ,2.989," 3,223 ", 532 , 8.3 ,
21-Jun-2023, -   ,0.008, 0.006 , 0.064 , 0.118 , 0.006 , 0.433 , 0.161 , 1.093 ,1.711," 3,056 ", 532 , 10.3 ,
22-Jun-2023, -   ,4.702, 0.007 , 0.081 , 0.102 , 0.008 , 0.647 , 0.308 , 1.995 ,2.422," 2,279 ", 425 , 11.3 ,
23-Jun-2023, -   ,0.529, 0.006 , 0.077 , 0.103 , 0.008 , 0.151 , 0.075 , 2.622 ,3.507," 3,054 ", 499 , 10.8 ,
24-Jun-2023, 1.00 ,0.086, 0.005 , 0.060 , 0.108 , 0.005 , 0.284 , 0.104 , 2.159 ,2.536," 3,251 ", 534 , 11.1 ,
25-Jun-2023, 1.00 ,0.071, 0.005 , 0.060 , 0.108 , 0.005 , 0.115 , 0.042 , 2.945 ,3.752," 3,274 ", 540 , 12.0 ,
26-Jun-2023, -   ,0.075, 0.006 , 0.066 , 0.119 , 0.006 , 0.202 , 0.085 , 2.911 ,4.206," 3,101 ", 518 , 11.4 ,
27-Jun-2023, -   ,0.054, 0.006 , 0.066 , 0.124 , 0.006 , 0.734 , 0.381 , 1.616 ,2.078," 2,273 ", 418 , 11.5 ,
28-Jun-2023, -   ,2.255, 0.007 , 0.078 , 0.147 , 0.007 , 0.609 , 0.315 , 2.318 ,3.088," 1,349 ", 335 , 9.6 ,
29-Jun-2023, -   ,0.016, 0.005 , 0.061 , 0.121 , 0.006 , 0.071 , 0.035 , 2.843 ,3.609," 3,174 ", 521 , 8.9 ,
30-Jun-2023, -   ,0.065, 0.006 , 0.072 , 0.129 , 0.006 , 0.241 , 0.091 , 2.672 ,3.623," 3,044 ", 503 , 10.7 ,
01-Jul-2023, 1.00 ,0.025, 0.006 , 0.072 , 0.096 , 0.006 , 0.278 , 0.105 , 2.260 ,3.071," 3,114 ", 516 , 11.0 ,
02-Jul-2023, 1.00 ,0.03, 0.007 , 0.077 , 0.089 , 0.007 , 0.643 , 0.253 , 1.820 ,2.367," 2,894 ", 487 , 11.7 ,
03-Jul-2023, -   ,1.002, 0.008 , 0.094 , 0.101 , 0.009 , 0.947 , 0.465 , 1.420 ,1.612," 2,250 ", 463 , 13.1 ,
04-Jul-2023, -   ,3.973, 0.009 , 0.104 , 0.122 , 0.009 , 0.575 , 0.285 , 1.734 ,2.162," 1,659 ", 325 , 12.5 ,
05-Jul-2023, -   ,0.155, 0.007 , 0.088 , 0.116 , 0.009 , 0.160 , 0.070 , 1.976 ,2.478," 2,988 ", 486 , 12.3 ,
06-Jul-2023, -   ,0.371, 0.006 , 0.066 , 0.085 , 0.006 , 0.201 , 0.057 , 2.084 ,2.797," 3,148 ", 523 , 10.9 ,
07-Jul-2023, -   ,0.027, 0.006 , 0.068 , 0.092 , 0.006 , 0.070 , 0.028 , 2.830 ,3.393," 3,213 ", 512 , 10.7 ,
08-Jul-2023, 1.00 ,0.248, 0.006 , 0.064 , 0.083 , 0.006 , 0.064 , 0.031 , 3.617 ,4.418," 3,272 ", 541 , 12.1 ,
09-Jul-2023, 1.00 ,0.069, 0.006 , 0.072 , 0.090 , 0.007 , 0.092 , 0.047 , 2.748 ,4.174," 3,204 ", 518 , 11.6 ,
10-Jul-2023, -   ,0.03, 0.006 , 0.069 , 0.096 , 0.006 , 0.149 , 0.046 , 1.887 ,2.43," 3,354 ", 547 , 10.9 ,
11-Jul-2023, -   ,0.024, 0.006 , 0.065 , 0.100 , 0.006 , 0.044 , 0.024 , 1.429 ,2.038," 3,401 ", 557 , 11.4 ,
12-Jul-2023, -   ,0.009, 0.006 , 0.072 , 0.095 , 0.007 , 0.053 , 0.029 , 1.599 ,1.92," 3,375 ", 544 , 11.6 ,
13-Jul-2023, -   ,0.009, 0.006 , 0.068 , 0.084 , 0.006 , 0.130 , 0.025 , 1.608 ,1.872," 3,484 ", 561 , 12.0 ,
14-Jul-2023, -   ,0.007, 0.007 , 0.079 , 0.104 , 0.007 , 0.546 , 0.226 , 1.849 ,2.346," 3,363 ", 566 , 13.6 ,
15-Jul-2023, 1.00 ,0.259, 0.007 , 0.088 , 0.107 , 0.008 , 0.519 , 0.304 , 1.727 ,2.556," 2,942 ", 486 , 14.4 ,
16-Jul-2023, 1.00 ,1.485, 0.008 , 0.097 , 0.128 , 0.009 , 0.353 , 0.182 , 1.453 ,1.75," 2,387 ", 355 , 13.3 ,
17-Jul-2023, -   ,0.247, 0.008 , 0.097 , 0.149 , 0.009 , 0.178 , 0.128 , 1.683 ,1.832," 2,987 ", 519 , 13.4 ,
18-Jul-2023, -   ,0.206, 0.006 , 0.078 , 0.150 , 0.008 , 0.113 , 0.082 , 2.111 ,2.952," 3,082 ", 482 , 12.5 ,
19-Jul-2023, -   ,0.003, 0.005 , 0.055 , 0.153 , 0.005 , 0.042 , 0.023 , 2.061 ,2.852," 3,640 ", 584 , 9.7 ,
20-Jul-2023, -   ,0.352, 0.005 , 0.059 , 0.139 , 0.006 , 0.176 , 0.106 , 2.130 ,2.741," 3,452 ", 571 , 11.4 ,
21-Jul-2023, -   ,0.115, 0.006 , 0.065 , 0.140 , 0.006 , 0.086 , 0.049 , 2.428 ,3.038," 3,394 ", 529 , 10.5 ,
22-Jul-2023, 1.00 ,0.1, 0.006 , 0.068 , 0.147 , 0.007 , 0.136 , 0.061 , 2.131 ,2.468," 3,503 ", 574 , 10.3 ,
23-Jul-2023, 1.00 ,2.715, 0.008 , 0.089 , 0.155 , 0.008 , 0.334 , 0.159 , 2.432 ,2.706," 2,946 ", 521 , 11.9 ,
24-Jul-2023, -   ,0.305, 0.007 , 0.086 , 0.145 , 0.008 , 0.118 , 0.077 , 1.818 ,2.705," 3,143 ", 502 , 11.6 ,
25-Jul-2023, -   ,0.033, 0.007 , 0.083 , 0.149 , 0.007 , 0.074 , 0.037 , 1.548 ,1.838," 3,634 ", 581 , 12.3 ,
26-Jul-2023, -   ,0.021, 0.006 , 0.072 , 0.149 , 0.006 , 0.029 , 0.018 , 1.464 ,1.754," 3,699 ", 581 , 12.5 ,
27-Jul-2023, -   ,0.021, 0.006 , 0.073 , 0.143 , 0.007 , 0.031 , 0.019 , 1.809 ,2.425," 3,740 ", 593 , 13.1 ,
28-Jul-2023, -   ,0.173, 0.007 , 0.082 , 0.148 , 0.008 , 0.288 , 0.159 , 1.375 ,2.417," 3,181 ", 536 , 14.7 ,
29-Jul-2023, 1.00 ,0.04, 0.008 , 0.096 , 0.152 , 0.008 , 0.157 , 0.108 , 1.562 ,1.736," 3,116 ", 476 , 15.6 ,
30-Jul-2023, 1.00 ,0.04, 0.008 , 0.090 , 0.134 , 0.008 , 0.075 , 0.037 , 1.772 ,2.591," 3,663 ", 576 , 15.5 ,
31-Jul-2023, -   ,0.008, 0.006 , 0.072 , 0.119 , 0.007 , 0.038 , 0.020 , 1.749 ,2.485," 3,904 ", 607 , 13.6 ,
01-Aug-2023, -   ,0.013, 0.007 , 0.076 , 0.131 , 0.008 , 0.117 , 0.071 , 1.836 ,2.176," 3,838 ", 623 , 13.9 ,
02-Aug-2023, -   ,0.045, 0.007 , 0.084 , 0.120 , 0.008 , 0.054 , 0.030 , 1.868 ,2.094," 3,790 ", 586 , 13.6 ,
03-Aug-2023, -   ,0.017, 0.007 , 0.084 , 0.117 , 0.008 , 0.316 , 0.190 , 1.961 ,2.346," 3,881 ", 612 , 14.4 ,
04-Aug-2023, -   ,0.387, 0.007 , 0.078 , 0.123 , 0.007 , 0.765 , 0.420 , 1.867 ,2.154," 3,160 ", 524 , 14.8 ,
05-Aug-2023, 1.00 ,4.71, 0.008 , 0.094 , 0.130 , 0.009 , 0.541 , 0.255 , 1.999 ,2.615," 2,370 ", 409 , 13.9 ,
06-Aug-2023, 1.00 ,0.736, 0.008 , 0.089 , 0.136 , 0.008 , 0.480 , 0.235 , 1.932 ,2.512," 3,085 ", 534 , 13.3 ,
07-Aug-2023, -   ,0.839, 0.007 , 0.086 , 0.144 , 0.008 , 0.326 , 0.204 , 1.645 ,1.91," 2,968 ", 508 , 12.5 ,
08-Aug-2023, -   ,0.088, 0.007 , 0.084 , 0.151 , 0.007 , 0.151 , 0.081 , 1.436 ,2.104," 3,830 ", 602 , 13.2 ,
09-Aug-2023, -   ,0.016, 0.006 , 0.075 , 0.142 , 0.007 , 0.288 , 0.126 , 2.010 ,2.974," 4,127 ", 635 , 13.4 ,
10-Aug-2023, -   ,0.099, 0.006 , 0.072 , 0.157 , 0.006 , 0.061 , 0.047 , 2.533 ,3.774," 4,039 ", 623 , 13.1 ,
11-Aug-2023, -   ,0, 0.006 , 0.065 , 0.151 , 0.006 , 0.234 , 0.068 , 1.525 ,1.919," 4,351 ", 665 , 12.6 ,
12-Aug-2023, 1.00 ,0.193, 0.006 , 0.070 , 0.150 , 0.007 , 0.280 , 0.129 , 1.703 ,2.04," 4,059 ", 650 , 13.7 ,
13-Aug-2023, 1.00 ,6.21, 0.008 , 0.088 , 0.161 , 0.008 , 0.699 , 0.282 , 1.317 ,1.873," 2,821 ", 408 , 13.1 ,
14-Aug-2023, -   ,4.674, 0.008 , 0.093 , 0.120 , 0.008 , 0.579 , 0.299 , 1.889 ,2.35," 2,771 ", 525 , 12.3 ,
15-Aug-2023, -   ,1.878, 0.007 , 0.084 , 0.109 , 0.007 , 0.447 , 0.257 , 1.633 ,2.488," 2,889 ", 483 , 11.4 ,
16-Aug-2023, -   ,0.205, 0.007 , 0.076 , 0.125 , 0.007 , 0.157 , 0.135 , 1.574 ,1.896," 3,270 ", 497 , 11.8 ,
17-Aug-2023, -   ,4.354, 0.007 , 0.073 , 0.140 , 0.008 , 0.506 , 0.207 , 1.893 ,3.891," 3,921 ", 663 , 13.8 ,
18-Aug-2023, -   ,0.197, 0.005 , 0.064 , 0.140 , 0.007 , 0.150 , 0.049 , 3.859 ,5.165," 4,391 ", 653 , 10.9 ,
19-Aug-2023, 1.00 ,0.037, 0.006 , 0.071 , 0.151 , 0.007 , 0.091 , 0.040 , 2.737 ,3.527," 4,442 ", 672 , 12.4 ,
20-Aug-2023, 1.00 ,0.007, 0.007 , 0.078 , 0.161 , 0.007 , 0.239 , 0.172 , 1.210 ,1.803," 4,312 ", 681 , 14.0 ,
21-Aug-2023, -   ,0.025, 0.007 , 0.084 , 0.167 , 0.008 , 0.590 , 0.213 , 1.535 ,1.932," 4,253 ", 659 , 15.1 ,
22-Aug-2023, -   ,1.588, 0.008 , 0.085 , 0.171 , 0.008 , 0.316 , 0.150 , 2.163 ,3.221," 4,281 ", 671 , 15.8 ,
23-Aug-2023, -   ,0.278, 0.007 , 0.084 , 0.181 , 0.008 , 0.135 , 0.084 , 2.110 ,3.097," 4,397 ", 683 , 13.4 ,
24-Aug-2023, -   ,0.018, 0.007 , 0.081 , 0.193 , 0.007 , 0.040 , 0.030 , 1.595 ,1.852," 4,751 ", 692 , 13.4 ,
25-Aug-2023, -   ,0, 0.006 , 0.071 , 0.201 , 0.007 , 0.437 , 0.182 , 1.294 ,1.983," 4,790 ", 725 , 14.7 ,
26-Aug-2023, 1.00 ,0.031, 0.008 , 0.088 , 0.176 , 0.008 , 0.371 , 0.222 , 1.471 ,1.973," 4,613 ", 685 , 14.7 ,
27-Aug-2023, 1.00 ,0.183, 0.008 , 0.088 , 0.154 , 0.008 , 0.451 , 0.147 , 1.532 ,1.917," 4,727 ", 718 , 15.1 ,
28-Aug-2023, -   ,2.183, 0.008 , 0.088 , 0.151 , 0.008 , 0.279 , 0.179 , 1.732 ,2.175," 4,542 ", 668 , 14.6 ,
29-Aug-2023, -   ,0.107, 0.007 , 0.084 , 0.127 , 0.008 , 0.464 , 0.202 , 1.730 ,2.124," 4,771 ", 722 , 15.9 ,
30-Aug-2023, -   ,5.636, 0.008 , 0.093 , 0.108 , 0.009 , 0.669 , 0.296 , 1.573 ,2.286," 4,171 ", 674 , 15.4 ,
31-Aug-2023, -   ,0.299, 0.007 , 0.087 , 0.095 , 0.008 , 0.121 , 0.080 , 2.020 ,3.259," 4,535 ", 668 , 13.7 ,
01-Sep-2023, -   ,0.107, 0.006 , 0.072 , 0.118 , 0.007 , 0.040 , 0.020 , 3.035 ,4.025," 5,204 ", 755 , 12.6 ,
02-Sep-2023, 1.00 ,0.008, 0.007 , 0.077 , 0.155 , 0.007 , 0.065 , 0.022 , 1.848 ,2.236," 5,257 ", 752 , 13.0 ,
03-Sep-2023, 1.00 ,0.113, 0.007 , 0.080 , 0.151 , 0.008 , 0.253 , 0.081 , 1.772 ,2.563," 5,330 ", 772 , 14.1 ,
04-Sep-2023, -   ,0.294, 0.008 , 0.087 , 0.155 , 0.010 , 0.149 , 0.030 , 2.407 ,3.671," 5,240 ", 761 , 16.8 ,
05-Sep-2023, -   ,0.05, 0.005 , 0.065 , 0.158 , 0.006 , 0.025 , 0.013 , 2.061 ,3.753," 5,588 ", 793 , 14.5 ,
06-Sep-2023, -   ,0.005, 0.007 , 0.071 , 0.156 , 0.008 , 0.071 , 0.011 , 2.158 ,2.795," 5,627 ", 804 , 15.3 ,
07-Sep-2023, -   ,1.835, 0.009 , 0.100 , 0.145 , 0.010 , 0.595 , 0.173 , 2.734 ,3.364," 4,880 ", 778 , 19.2 ,
08-Sep-2023, -   ,1.6, 0.005 , 0.066 , 0.151 , 0.008 , 0.168 , 0.102 , 3.232 ,4.308," 4,439 ", 631 , 11.8 ,
09-Sep-2023, 1.00 ,0.026, 0.005 , 0.049 , 0.139 , 0.005 , 0.017 , 0.009 , 1.834 ,2.74," 5,812 ", 825 , 11.2 ,
10-Sep-2023, 1.00 ,0.022, 0.005 , 0.059 , 0.144 , 0.006 , 0.021 , 0.013 , 1.468 ,2.182," 5,693 ", 804 , 12.7 ,
11-Sep-2023, -   ,0.007, 0.006 , 0.069 , 0.133 , 0.007 , 0.124 , 0.065 , 1.338 ,2.279," 5,583 ", 798 , 14.0 ,
12-Sep-2023, -   ,0.008, 0.007 , 0.076 , 0.138 , 0.007 , 0.198 , 0.141 , 1.525 ,2.016," 5,252 ", 733 , 15.0 ,
13-Sep-2023, -   ,0.03, 0.007 , 0.076 , 0.144 , 0.008 , 0.039 , 0.008 , 1.337 ,1.885," 5,810 ", 816 , 16.4 ,
14-Sep-2023, -   ,0, 0.007 , 0.073 , 0.157 , 0.008 , 0.650 , 0.244 , 1.494 ,1.689," 5,539 ", 817 , 17.8 ,
15-Sep-2023, -   ,0, 0.007 , 0.073 , 0.168 , 0.008 , 0.165 , 0.149 , 1.775 ,2.116," 5,737 ", 784 , 18.9 ,
16-Sep-2023, 1.00 ,0, 0.006 , 0.072 , 0.172 , 0.007 , -   , -   , 1.703 ,2.038," 6,093 ", 839 , 20.8 ,
17-Sep-2023, 1.00 ,0, 0.006 , 0.067 , 0.168 , 0.007 , 0.002 , 0.002 , 1.328 ,2.021," 6,198 ", 858 , 21.0 ,
18-Sep-2023, -   ,0.003, 0.007 , 0.073 , 0.158 , 0.008 , 0.148 , 0.046 , 1.790 ,2.259," 6,117 ", 847 , 22.4 ,
19-Sep-2023, -   ,0, 0.006 , 0.072 , 0.120 , 0.007 , 0.113 , 0.082 , 2.175 ,2.937," 6,120 ", 846 , 22.2 ,
20-Sep-2023, -   ,0.076, 0.007 , 0.077 , 0.132 , 0.008 , 0.060 , 0.054 , 2.431 ,3.334," 6,160 ", 852 , 21.1 ,
21-Sep-2023, -   ,1.612, 0.007 , 0.076 , 0.126 , 0.007 , 0.085 , 0.026 , 3.122 ,4.012," 6,221 ", 864 , 15.5 ,
22-Sep-2023, -   ,0.078, 0.007 , 0.075 , 0.136 , 0.007 , 0.103 , 0.061 , 2.184 ,3.018," 6,083 ", 839 , 14.3 ,
23-Sep-2023, 1.00 ,0.006, 0.007 , 0.076 , 0.151 , 0.007 , 0.452 , 0.179 , 1.704 ,2.263," 6,111 ", 861 , 15.4 ,
24-Sep-2023, 1.00 ,0.001, 0.007 , 0.077 , 0.145 , 0.007 , 0.024 , 0.015 , 1.913 ,2.594," 6,414 ", 866 , 16.1 ,
25-Sep-2023, -   ,0.085, 0.007 , 0.081 , 0.158 , 0.009 , 0.211 , 0.052 , 1.583 ,2.215," 6,327 ", 880 , 18.9 ,
26-Sep-2023, -   ,1.753, 0.010 , 0.113 , 0.144 , 0.010 , 0.244 , 0.136 , 1.635 ,2.518," 5,512 ", 773 , 18.1 ,
27-Sep-2023, -   ,4.535, 0.010 , 0.111 , 0.149 , 0.010 , 0.519 , 0.234 , 1.810 ,2.924," 5,528 ", 788 , 18.4 ,
28-Sep-2023, -   ,0.345, 0.008 , 0.099 , 0.144 , 0.009 , 0.034 , 0.025 , 1.535 ,1.925," 6,287 ", 819 , 18.0 ,
29-Sep-2023, -   ,0.031, 0.008 , 0.086 , 0.143 , 0.009 , 0.004 , 0.003 , 1.431 ,2.119," 6,767 ", 908 , 19.9 ,
30-Sep-2023, 1.00 ,0.003, 0.008 , 0.085 , 0.155 , 0.010 , 0.270 , 0.090 , 2.047 ,3.033," 6,726 ", 909 , 21.9 ,
01-Oct-2023, 1.00 ,0.012, 0.008 , 0.091 , 0.146 , 0.009 , 0.278 , 0.155 , 2.467 ,3.581," 6,465 ", 881 , 22.8 ,
02-Oct-2023, -   ,0.071, 0.009 , 0.101 , 0.117 , 0.010 , 0.229 , 0.038 , 2.337 ,2.897," 6,615 ", 893 , 21.9 ,
03-Oct-2023, -   ,0.88, 0.008 , 0.093 , 0.103 , 0.009 , 0.746 , 0.328 , 2.749 ,3.465," 5,224 ", 841 , 23.9 ,
04-Oct-2023, -   ,14.494, 0.008 , 0.098 , 0.106 , 0.010 , 0.483 , 0.233 , 3.903 ,4.38," 4,744 ", 704 , 16.5 ,
05-Oct-2023, -   ,0.079, 0.005 , 0.066 , 0.129 , 0.006 , 0.036 , 0.021 , 2.689 ,3.963," 6,964 ", 933 , 14.7 ,
06-Oct-2023, -   ,0.832, 0.007 , 0.080 , 0.149 , 0.007 , 0.254 , 0.095 , 3.141 ,3.782," 6,171 ", 855 , 15.0 ,
07-Oct-2023, 1.00 ,0.115, 0.007 , 0.076 , 0.157 , 0.007 , 0.165 , 0.084 , 2.014 ,2.94," 6,527 ", 910 , 15.2 ,
08-Oct-2023, 1.00 ,0.029, 0.007 , 0.077 , 0.146 , 0.008 , 0.026 , 0.017 , 1.728 ,2.529," 7,011 ", 905 , 16.2 ,
09-Oct-2023, -   ,0.047, 0.008 , 0.086 , 0.148 , 0.009 , 0.371 , 0.077 , 1.595 ,2.192," 7,076 ", 954 , 18.4 ,
10-Oct-2023, -   ,0.068, 0.009 , 0.100 , 0.155 , 0.009 , 0.313 , 0.146 , 1.807 ,2.821," 6,283 ", 812 , 18.0 ,
11-Oct-2023, -   ,0.007, 0.008 , 0.092 , 0.146 , 0.009 , 0.220 , 0.167 , 1.976 ,2.61," 7,064 ", 930 , 19.5 ,
12-Oct-2023, -   ,1.555, 0.007 , 0.078 , 0.118 , 0.008 , 0.278 , 0.129 , 3.096 ,5.066," 7,124 ", 910 , 18.7 ,
13-Oct-2023, -   ,0.039, 0.007 , 0.073 , 0.157 , 0.007 , 0.124 , 0.037 , 1.979 ,2.635," 7,329 ", 973 , 16.9 ,
14-Oct-2023, 1.00 ,0, 0.007 , 0.082 , 0.150 , 0.007 , 0.057 , 0.033 , 1.865 ,2.454," 7,336 ", 945 , 18.8 ,
15-Oct-2023, 1.00 ,0.163, 0.007 , 0.080 , 0.165 , 0.008 , 0.370 , 0.118 , 1.785 ,3.017," 7,142 ", 942 , 18.8 ,
16-Oct-2023, -   ,1.532, 0.006 , 0.080 , 0.129 , 0.007 , 0.145 , 0.086 , 3.549 ,4.317," 6,704 ", 917 , 15.7 ,
17-Oct-2023, -   ,1.17, 0.007 , 0.086 , 0.122 , 0.008 , 0.246 , 0.111 , 2.960 ,4.104," 6,579 ", 882 , 15.7 ,
18-Oct-2023, -   ,0.1, 0.008 , 0.088 , 0.144 , 0.008 , 0.113 , 0.067 , 2.006 ,2.711," 7,086 ", 902 , 17.0 ,
19-Oct-2023, -   ,0.009, 0.008 , 0.093 , 0.161 , 0.009 , 0.029 , 0.017 , 1.911 ,2.64," 7,579 ", 960 , 18.7 ,
20-Oct-2023, -   ,0.003, 0.010 , 0.109 , 0.154 , 0.011 , 0.092 , 0.049 , 1.942 ,2.817," 7,628 ", 978 , 20.9 ,
21-Oct-2023, 1.00 ,0.033, 0.010 , 0.104 , 0.137 , 0.011 , 0.449 , 0.167 , 2.644 ,3.817," 7,224 ", 903 , 21.7 ,
22-Oct-2023, 1.00 ,0.026, 0.007 , 0.079 , 0.153 , 0.007 , 0.063 , 0.038 , 1.873 ,2.191," 7,767 ", 974 , 19.7 ,
23-Oct-2023, -   ,0.029, 0.007 , 0.078 , 0.159 , 0.009 , 0.120 , 0.100 , 1.677 ,2.451," 7,795 "," 1,019 ", 19.9 ,
24-Oct-2023, -   ,0.055, 0.007 , 0.080 , 0.167 , 0.008 , 0.447 , 0.164 , 2.208 ,3.081," 7,358 "," 1,001 ", 22.3 ,
25-Oct-2023, -   ,2.266, 0.007 , 0.086 , 0.124 , 0.008 , 0.477 , 0.164 , 3.125 ,3.992," 6,888 ", 986 , 17.5 ,
26-Oct-2023, -   ,7.711, 0.007 , 0.079 , 0.089 , 0.008 , 0.461 , 0.189 , 4.023 ,4.693," 5,775 ", 720 , 14.5 ,
27-Oct-2023, -   ,2.57, 0.007 , 0.081 , 0.094 , 0.007 , 0.425 , 0.217 , 2.981 ,4.061," 5,626 ", 697 , 14.9 ,
28-Oct-2023, 1.00 ,0.042, 0.007 , 0.076 , 0.109 , 0.007 , 0.420 , 0.154 , 2.164 ,2.818," 7,485 ", 922 , 16.9 ,
29-Oct-2023, 1.00 ,0.074, 0.007 , 0.075 , 0.120 , 0.009 , 0.279 , 0.197 , 2.344 ,3.172," 7,964 "," 1,019 ", 19.9 ,
30-Oct-2023, -   ,0.038, 0.007 , 0.083 , 0.127 , 0.008 , 0.373 , 0.164 , 2.403 ,3.716," 7,655 ", 979 , 22.9 ,
31-Oct-2023, -   ,0.074, 0.006 , 0.070 , 0.132 , 0.007 , 0.117 , 0.054 , 2.727 ,4.017," 8,085 "," 1,046 ", 18.1 ,
01-Nov-2023, -   ,0.085, 0.008 , 0.088 , 0.130 , 0.008 , 0.235 , 0.114 , 2.237 ,2.947," 6,788 ", 808 , 17.3 ,
02-Nov-2023, -   ,0.742, 0.008 , 0.095 , 0.123 , 0.009 , 0.374 , 0.202 , 1.724 ,2.575," 6,988 ", 913 , 18.6 ,
03-Nov-2023, -   ,6.467, 0.010 , 0.117 , 0.129 , 0.011 , 0.547 , 0.335 , 1.882 ,2.409," 4,687 ", 599 , 18.4 ,
04-Nov-2023, 1.00 ,22.674, 0.010 , 0.120 , 0.121 , 0.010 , 0.563 , 0.293 , 2.626 ,3.225," 4,392 ", 572 , 17.7 ,
05-Nov-2023, 1.00 ,8.79, 0.009 , 0.106 , 0.089 , 0.010 , 0.291 , 0.184 , 2.353 ,3.376," 5,307 ", 786 , 16.7 ,
06-Nov-2023, -   ,0.514, 0.009 , 0.101 , 0.081 , 0.009 , 0.428 , 0.190 , 1.959 ,2.617," 7,324 ", 900 , 18.5 ,
07-Nov-2023, -   ,0.353, 0.010 , 0.114 , 0.076 , 0.011 , 0.718 , 0.345 , 2.226 ,2.973," 7,422 ", 997 , 20.2 ,
08-Nov-2023, -   ,3.601, 0.011 , 0.128 , 0.106 , 0.012 , 0.585 , 0.307 , 2.171 ,2.64," 6,846 ", 877 , 20.8 ,
09-Nov-2023, -   ,10.732, 0.012 , 0.139 , 0.108 , 0.013 , 0.558 , 0.303 , 1.864 ,2.23," 5,529 ", 795 , 20.0 ,
10-Nov-2023, -   ,1.331, 0.012 , 0.137 , 0.126 , 0.012 , 0.144 , 0.084 , 1.991 ,2.639," 7,676 ", 919 , 21.6 ,
11-Nov-2023, 1.00 ,0.581, 0.012 , 0.133 , 0.114 , 0.012 , 0.346 , 0.153 , 1.982 ,2.984," 8,143 "," 1,019 ", 23.8 ,
12-Nov-2023, 1.00 ,0.2, 0.010 , 0.119 , 0.120 , 0.012 , 0.527 , 0.307 , 2.442 ,3.374," 7,029 "," 1,010 ", 22.1 ,
13-Nov-2023, -   ,0.077, 0.009 , 0.104 , 0.096 , 0.010 , 0.410 , 0.296 , 1.999 ,2.716," 7,447 ", 872 , 19.5 ,
14-Nov-2023, -   ,0.25, 0.011 , 0.121 , 0.105 , 0.012 , 0.824 , 0.371 , 1.740 ,2.772," 6,967 ", 914 , 21.0 ,
15-Nov-2023, -   ,0.098, 0.011 , 0.129 , 0.108 , 0.011 , 0.465 , 0.311 , 1.491 ,2.869," 6,572 ", 777 , 21.2 ,
16-Nov-2023, -   ,3.506, 0.010 , 0.111 , 0.123 , 0.011 , 0.626 , 0.286 , 2.825 ,4.236," 6,687 ", 979 , 19.7 ,
17-Nov-2023, -   ,0.288, 0.008 , 0.091 , 0.116 , 0.008 , 0.066 , 0.032 , 2.341 ,3.616," 8,447 ", 996 , 18.2 ,
18-Nov-2023, 1.00 ,0, 0.008 , 0.095 , 0.108 , 0.009 , 0.327 , 0.103 , 2.369 ,3.226," 8,763 "," 1,068 ", 20.4 ,
19-Nov-2023, 1.00 ,0.673, 0.011 , 0.121 , 0.119 , 0.012 , 0.733 , 0.334 , 2.347 ,3.409," 6,944 "," 1,022 ", 22.4 ,
20-Nov-2023, -   ,3.1, 0.012 , 0.139 , 0.130 , 0.012 , 0.615 , 0.380 , 1.879 ,2.249," 4,162 ", 699 , 20.6 ,
21-Nov-2023, -   ,1.351, 0.012 , 0.134 , 0.123 , 0.012 , 0.603 , 0.368 , 1.854 ,2.514," 7,077 ", 842 , 21.1 ,
22-Nov-2023, -   ,1.561, 0.012 , 0.137 , 0.111 , 0.012 , 0.900 , 0.450 , 2.275 ,2.959," 6,156 ", 863 , 21.0 ,
23-Nov-2023, -   ,4.111, 0.012 , 0.144 , 0.108 , 0.013 , 0.927 , 0.458 , 2.396 ,3.603," 5,629 ", 900 , 20.4 ,
24-Nov-2023, -   ,10.86, 0.013 , 0.151 , 0.114 , 0.013 , 0.936 , 0.465 , 2.162 ,2.667," 4,036 ", 580 , 20.0 ,
25-Nov-2023, 1.00 ,5.064, 0.012 , 0.144 , 0.120 , 0.013 , 0.620 , 0.248 , 2.126 ,2.813," 6,028 ", 852 , 20.7 ,
26-Nov-2023, 1.00 ,1.263, 0.011 , 0.128 , 0.124 , 0.012 , 0.191 , 0.111 , 1.692 ,2.427," 7,663 "," 1,034 ", 22.5 ,
27-Nov-2023, -   ,1.72, 0.012 , 0.139 , 0.122 , 0.013 , 0.645 , 0.259 , 2.212 ,3.148," 6,945 ", 991 , 21.7 ,
28-Nov-2023, -   ,22.5, 0.013 , 0.151 , 0.086 , 0.014 , 0.838 , 0.449 , 3.221 ,3.599," 3,678 ", 618 , 20.2 ,
29-Nov-2023, -   ,18.671, 0.013 , 0.153 , 0.085 , 0.014 , 0.300 , 0.197 , 2.274 ,3.577," 5,765 ", 845 , 20.0 ,
30-Nov-2023, -   ,1.982, 0.011 , 0.132 , 0.096 , 0.012 , 0.278 , 0.105 , 1.698 ,2.06," 7,677 ", 970 , 21.1 ,
01-Dec-2023, -   ,3.472, 0.012 , 0.140 , 0.078 , 0.013 , 0.772 , 0.315 , 1.530 ,2.345," 6,649 ", 974 , 21.2 ,
02-Dec-2023, 1.00 ,4.573, 0.012 , 0.132 , 0.090 , 0.013 , 0.227 , 0.119 , 1.571 ,2.581," 7,263 ", 865 , 20.3 ,
03-Dec-2023, 1.00 ,1.296, 0.010 , 0.120 , 0.090 , 0.011 , 0.268 , 0.099 , 2.296 ,3.713," 7,971 ", 986 , 20.3 ,
04-Dec-2023, -   ,0.062, 0.011 , 0.124 , 0.072 , 0.011 , 0.122 , 0.033 , 1.915 ,2.648," 8,868 "," 1,039 ", 21.4 ,
05-Dec-2023, -   ,0.157, 0.011 , 0.129 , 0.072 , 0.013 , 0.240 , 0.045 , 1.965 ,3.067," 9,000 "," 1,079 ", 25.7 ,
06-Dec-2023, -   ,0.039, 0.011 , 0.132 , 0.072 , 0.012 , 0.571 , 0.300 , 1.951 ,3.118," 8,606 "," 1,070 ", 23.4 ,
07-Dec-2023, -   ,0.119, 0.012 , 0.143 , 0.084 , 0.013 , 0.480 , 0.229 , 1.789 ,2.309," 7,583 "," 1,003 ", 24.5 ,
08-Dec-2023, -   ,0.821, 0.014 , 0.154 , 0.094 , 0.015 , 0.603 , 0.266 , 1.988 ,2.476," 7,407 ", 841 , 27.5 ,
09-Dec-2023, 1.00 ,1.219, 0.013 , 0.151 , 0.098 , 0.015 , 0.602 , 0.285 , 2.817 ,4.298," 7,295 ", 994 , 26.6 ,
10-Dec-2023, 1.00 ,0.947, 0.014 , 0.158 , 0.106 , 0.014 , 0.574 , 0.285 , 1.908 ,2.48," 8,029 ", 939 , 24.2 ,
11-Dec-2023, -   ,0.555, 0.013 , 0.151 , 0.108 , 0.014 , 0.500 , 0.289 , 1.713 ,2.814," 8,188 "," 1,006 ", 24.3 ,
12-Dec-2023, -   ,0.087, 0.013 , 0.149 , 0.108 , 0.013 , 0.235 , 0.112 , 1.930 ,2.431," 8,539 "," 1,017 ", 24.1 ,
13-Dec-2023, -   ,2.146, 0.014 , 0.157 , 0.108 , 0.014 , 0.319 , 0.079 , 2.339 ,3.259," 8,492 "," 1,044 ", 26.1 ,
14-Dec-2023, -   ,1.13, 0.012 , 0.143 , 0.094 , 0.013 , 0.147 , 0.070 , 2.209 ,2.796," 8,381 "," 1,018 ", 25.4 ,
15-Dec-2023, -   ,1.108, 0.012 , 0.127 , 0.093 , 0.013 , 0.150 , 0.101 , 2.242 ,3.513," 8,692 ", 980 , 23.2 ,
16-Dec-2023, 1.00 ,0.193, 0.010 , 0.106 , 0.084 , 0.011 , 0.453 , 0.229 , 2.038 ,2.785," 8,578 "," 1,100 ", 23.6 ,
17-Dec-2023, 1.00 ,0.136, 0.012 , 0.137 , 0.070 , 0.013 , 0.302 , 0.203 , 1.903 ,3.155," 7,914 ", 872 , 23.1 ,
18-Dec-2023, -   ,0.278, 0.014 , 0.154 , 0.071 , 0.015 , 0.664 , 0.263 , 1.673 ,2.96," 7,438 "," 1,006 ", 25.6 ,
19-Dec-2023, -   ,31.79, 0.014 , 0.149 , 0.072 , 0.016 , 0.927 , 0.458 , 2.673 ,4.256," 3,769 ", 519 , 23.6 ,
20-Dec-2023, -   ,12.052, 0.011 , 0.137 , 0.068 , 0.012 , 0.751 , 0.360 , 3.631 ,4.565," 3,862 ", 647 , 18.3 ,
21-Dec-2023, -   ,1.59, 0.011 , 0.127 , 0.066 , 0.012 , 0.453 , 0.241 , 3.621 ,4.53," 6,537 ", 838 , 19.2 ,
22-Dec-2023, -   ,0.348, 0.010 , 0.114 , 0.075 , 0.011 , 0.615 , 0.327 , 2.420 ,3.516," 7,837 ", 995 , 20.0 ,
23-Dec-2023, 1.00 ,8.478, 0.012 , 0.136 , 0.069 , 0.013 , 0.699 , 0.251 , 1.855 ,2.397," 6,821 ", 977 , 20.8 ,
24-Dec-2023, 1.00 ,10.775, 0.013 , 0.149 , 0.072 , 0.013 , 0.391 , 0.211 , 2.374 ,2.667," 6,188 ", 766 , 20.8 ,
25-Dec-2023, -   ,11.189, 0.014 , 0.164 , 0.072 , 0.015 , 0.346 , 0.152 , 2.302 ,3.121," 7,218 ", 958 , 22.4 ,
26-Dec-2023, -   ,3.774, 0.013 , 0.154 , 0.071 , 0.015 , 0.164 , 0.105 , 1.608 ,2.513," 7,881 ", 987 , 22.3 ,
27-Dec-2023, -   ,5.181, 0.012 , 0.137 , 0.076 , 0.013 , 0.266 , 0.158 , 1.417 ,1.717," 6,974 ", 860 , 21.7 ,
28-Dec-2023, -   ,0.655, 0.013 , 0.145 , 0.084 , 0.013 , 0.328 , 0.163 , 1.528 ,2.228," 7,863 "," 1,015 ", 23.7 ,
29-Dec-2023, -   ,2.575, 0.012 , 0.142 , 0.084 , 0.013 , 0.556 , 0.283 , 1.642 ,2.387," 6,154 ", 893 , 22.0 ,
30-Dec-2023, 1.00 ,3.378, 0.011 , 0.127 , 0.096 , 0.011 , 0.415 , 0.143 , 2.756 ,3.545," 7,436 ", 937 , 20.8 ,
31-Dec-2023, 1.00 ,2.47, 0.011 , 0.130 , 0.101 , 0.012 , 0.396 , 0.199 , 2.320 ,2.833," 6,552 ", 761 , 20.8 ,
01-Jan-2024, -   ,1.405, 0.013 , 0.152 , 0.116 , 0.014 , 0.358 , 0.215 , 2.648 ,3.23," 7,115 ", 837 , 23.0 ,
02-Jan-2024, -   ,3.037, 0.014 , 0.163 , 0.113 , 0.014 , 0.785 , 0.338 , 2.438 ,3.239," 7,471 ", 873 , 23.5 ,
03-Jan-2024, -   ,4.189, 0.014 , 0.163 , 0.096 , 0.015 , 0.699 , 0.334 , 1.744 ,2.41," 7,518 ", 968 , 24.3 ,
04-Jan-2024, -   ,7.888, 0.014 , 0.162 , 0.100 , 0.015 , 0.822 , 0.427 , 2.674 ,3.236," 5,025 ", 686 , 22.4 ,
05-Jan-2024, -   ,0.688, 0.011 , 0.127 , 0.108 , 0.011 , 0.401 , 0.270 , 2.522 ,3.288," 6,932 ", 795 , 21.2 ,
06-Jan-2024, 1.00 ,0.142, 0.011 , 0.125 , 0.108 , 0.011 , 0.429 , 0.235 , 2.502 ,2.897," 8,071 ", 990 , 22.1 ,
07-Jan-2024, 1.00 ,2.581, 0.013 , 0.156 , 0.097 , 0.014 , 0.881 , 0.429 , 2.886 ,3.571," 5,901 ", 839 , 23.2 ,
08-Jan-2024, -   ,7.487, 0.015 , 0.176 , 0.081 , 0.016 , 0.452 , 0.258 , 2.222 ,2.992," 5,254 ", 807 , 23.2 ,
09-Jan-2024, -   ,1.824, 0.013 , 0.165 , 0.064 , 0.014 , 0.241 , 0.127 , 1.777 ,2.729," 7,511 ", 902 , 23.1 ,
10-Jan-2024, -   ,0.82, 0.015 , 0.177 , 0.071 , 0.016 , 0.149 , 0.078 , 1.529 ,2.208," 8,398 "," 1,031 ", 25.0 ,
11-Jan-2024, -   ,3.587, 0.015 , 0.180 , 0.088 , 0.016 , 0.315 , 0.108 , 2.035 ,2.555," 8,415 "," 1,024 ", 24.7 ,
12-Jan-2024, -   ,1.719, 0.014 , 0.167 , 0.091 , 0.015 , 0.334 , 0.145 , 1.979 ,2.756," 8,672 "," 1,030 ", 24.4 ,
13-Jan-2024, 1.00 ,4.229, 0.014 , 0.164 , 0.079 , 0.015 , 0.585 , 0.218 , 2.159 ,2.944," 8,325 "," 1,043 ", 24.5 ,
14-Jan-2024, 1.00 ,24.628, 0.014 , 0.161 , 0.065 , 0.014 , 0.801 , 0.391 , 3.639 ,4.319," 6,913 ", 955 , 22.4 ,
15-Jan-2024, -   ,13.776, 0.012 , 0.139 , 0.072 , 0.013 , 0.776 , 0.426 , 3.106 ,4.175," 6,364 ", 813 , 20.9 ,
16-Jan-2024, -   ,8.922, 0.014 , 0.167 , 0.072 , 0.015 , 0.687 , 0.398 , 2.380 ,2.85," 4,881 ", 688 , 22.2 ,
17-Jan-2024, -   ,18.594, 0.016 , 0.180 , 0.072 , 0.017 , 0.730 , 0.329 , 2.602 ,3.238," 4,743 ", 872 , 22.8 ,
18-Jan-2024, -   ,1.112, 0.011 , 0.138 , 0.060 , 0.014 , 0.077 , 0.051 , 1.847 ,2.395," 8,759 "," 1,053 ", 21.5 ,
19-Jan-2024, -   ,0.153, 0.011 , 0.127 , 0.060 , 0.013 , 0.321 , 0.080 , 2.043 ,2.663," 8,930 "," 1,107 ", 22.4 ,
20-Jan-2024, 1.00 ,0.093, 0.014 , 0.160 , 0.060 , 0.015 , 0.436 , 0.221 , 2.113 ,2.877," 7,182 ", 939 , 23.8 ,
21-Jan-2024, 1.00 ,0.049, 0.012 , 0.140 , 0.070 , 0.014 , 0.045 , 0.018 , 2.511 ,3.463," 8,810 "," 1,071 ", 25.5 ,
22-Jan-2024, -   ,0.691, 0.011 , 0.132 , 0.090 , 0.011 , 0.243 , 0.141 , 2.685 ,3.503," 7,956 "," 1,039 ", 21.7 ,
23-Jan-2024, -   ,0.106, 0.011 , 0.132 , 0.072 , 0.011 , 0.140 , 0.113 , 2.367 ,3.115," 7,662 ", 850 , 22.2 ,
24-Jan-2024, -   ,0.266, 0.013 , 0.147 , 0.060 , 0.014 , 0.470 , 0.222 , 1.799 ,2.159," 7,658 "," 1,006 ", 26.7 ,
25-Jan-2024, -   ,0.561, 0.014 , 0.161 , 0.060 , 0.016 , 0.780 , 0.389 , 1.903 ,2.944," 5,788 ", 763 , 27.7 ,
26-Jan-2024, -   ,1.298, 0.014 , 0.160 , 0.072 , 0.015 , 0.674 , 0.341 , 2.677 ,4.035," 7,041 ", 986 , 24.7 ,
27-Jan-2024, 1.00 ,1.901, 0.012 , 0.139 , 0.067 , 0.013 , 0.634 , 0.434 , 1.974 ,2.709," 5,876 ", 823 , 22.1 ,
28-Jan-2024, 1.00 ,1.326, 0.013 , 0.150 , 0.082 , 0.014 , 0.563 , 0.273 , 2.075 ,2.412," 8,100 ", 995 , 23.5 ,
29-Jan-2024, -   ,1.267, 0.015 , 0.176 , 0.060 , 0.016 , 0.148 , 0.070 , 1.956 ,3.005," 8,031 ", 994 , 25.6 ,
30-Jan-2024, -   ,2.257, 0.015 , 0.180 , 0.071 , 0.015 , 0.289 , 0.139 , 1.679 ,2.645," 7,085 ", 959 , 24.3 ,
31-Jan-2024, -   ,2.942, 0.013 , 0.158 , 0.072 , 0.014 , 0.274 , 0.135 , 2.308 ,3.369," 6,988 ", 872 , 23.0 ,
01-Feb-2024, -   ,0.075, 0.013 , 0.145 , 0.079 , 0.014 , 0.044 , 0.033 , 1.668 ,2.341," 8,435 "," 1,020 ", 24.9 ,
02-Feb-2024, -   ,0.124, 0.011 , 0.137 , 0.092 , 0.012 , 0.178 , 0.052 , 2.381 ,3.584," 8,459 "," 1,053 ", 24.1 ,
03-Feb-2024, 1.00 ,0.055, 0.012 , 0.143 , 0.103 , 0.014 , 0.258 , 0.116 , 2.348 ,3.32," 8,096 "," 1,033 ", 25.0 ,
04-Feb-2024, 1.00 ,2.25, 0.015 , 0.169 , 0.095 , 0.016 , 0.711 , 0.300 , 1.992 ,2.76," 6,548 ", 996 , 28.3 ,
05-Feb-2024, -   ,27.937, 0.016 , 0.186 , 0.078 , 0.017 , 0.849 , 0.418 , 1.824 ,2.933," 4,523 ", 590 , 25.0 ,
06-Feb-2024, -   ,3.769, 0.012 , 0.149 , 0.072 , 0.015 , 0.624 , 0.389 , 3.777 ,4.51," 4,800 ", 544 , 20.9 ,
07-Feb-2024, -   ,1.66, 0.011 , 0.128 , 0.072 , 0.012 , 0.525 , 0.281 , 3.349 ,3.837," 5,988 ", 777 , 20.9 ,
08-Feb-2024, -   ,0.959, 0.011 , 0.125 , 0.070 , 0.011 , 0.453 , 0.227 , 2.670 ,3.278," 7,100 ", 956 , 20.8 ,
09-Feb-2024, -   ,1.704, 0.012 , 0.142 , 0.073 , 0.013 , 0.309 , 0.156 , 3.232 ,4.042," 6,686 ", 814 , 22.2 ,
10-Feb-2024, 1.00 ,1.692, 0.011 , 0.131 , 0.072 , 0.012 , 0.258 , 0.103 , 3.039 ,3.989," 7,276 ", 904 , 21.6 ,
11-Feb-2024, 1.00 ,2.248, 0.012 , 0.140 , 0.070 , 0.013 , 0.067 , 0.041 , 2.043 ,2.558," 7,827 ", 976 , 22.7 ,
12-Feb-2024, -   ,0.651, 0.014 , 0.159 , 0.078 , 0.014 , 0.099 , 0.034 , 2.123 ,2.496," 7,829 ", 999 , 24.8 ,
13-Feb-2024, -   ,4.137, 0.013 , 0.156 , 0.072 , 0.014 , 0.115 , 0.054 , 2.305 ,3.008," 7,627 ", 990 , 25.2 ,
14-Feb-2024, -   ,5.259, 0.012 , 0.150 , 0.084 , 0.013 , 0.349 , 0.164 , 2.600 ,4.014," 6,299 ", 946 , 22.1 ,
15-Feb-2024, -   ,4.214, 0.013 , 0.157 , 0.084 , 0.015 , 0.598 , 0.261 , 1.911 ,2.38," 6,059 ", 777 , 22.1 ,
16-Feb-2024, -   ,2.995, 0.015 , 0.173 , 0.096 , 0.015 , 0.165 , 0.081 , 1.692 ,2.374," 6,909 ", 851 , 24.0 ,
17-Feb-2024, 1.00 ,3.014, 0.014 , 0.166 , 0.097 , 0.015 , 0.301 , 0.160 , 1.316 ,1.917," 6,802 ", 979 , 24.9 ,
18-Feb-2024, 1.00 ,4.241, 0.014 , 0.167 , 0.072 , 0.015 , 0.741 , 0.308 , 1.367 ,1.898," 5,251 ", 869 , 24.4 ,
19-Feb-2024, -   ,9.453, 0.014 , 0.163 , 0.060 , 0.014 , 0.623 , 0.310 , 2.056 ,2.761," 3,841 ", 668 , 21.5 ,
20-Feb-2024, -   ,7.184, 0.013 , 0.155 , 0.057 , 0.014 , 0.538 , 0.287 , 1.746 ,2.231," 6,144 ", 819 , 21.9 ,
21-Feb-2024, -   ,0.862, 0.014 , 0.162 , 0.072 , 0.015 , 0.681 , 0.298 , 1.154 ,1.935," 5,543 ", 807 , 23.2 ,
22-Feb-2024, -   ,0.125, 0.013 , 0.157 , 0.072 , 0.015 , 0.091 , 0.057 , 1.685 ,2.309," 7,395 ", 940 , 25.7 ,
23-Feb-2024, -   ,5.98, 0.014 , 0.156 , 0.091 , 0.016 , 0.505 , 0.256 , 2.572 ,3.46," 5,999 ", 884 , 24.7 ,
24-Feb-2024, 1.00 ,1.608, 0.011 , 0.135 , 0.086 , 0.012 , 0.253 , 0.144 , 2.418 ,3.414," 5,951 ", 770 , 20.8 ,
25-Feb-2024, 1.00 ,0.168, 0.012 , 0.130 , 0.084 , 0.013 , 0.069 , 0.042 , 1.603 ,2.389," 7,517 ", 958 , 23.4 ,
26-Feb-2024, -   ,0.505, 0.012 , 0.142 , 0.076 , 0.013 , 0.455 , 0.176 , 2.547 ,3.575," 6,619 ", 937 , 23.4 ,
27-Feb-2024, -   ,0.476, 0.013 , 0.154 , 0.079 , 0.014 , 0.181 , 0.096 , 2.067 ,2.563," 6,286 ", 785 , 23.6 ,
28-Feb-2024, -   ,0.639, 0.015 , 0.175 , 0.083 , 0.016 , 0.637 , 0.226 , 2.385 ,3.146," 6,962 ", 937 , 26.2 ,
29-Feb-2024, -   ,0.68, 0.015 , 0.173 , 0.089 , 0.016 , 0.607 , 0.373 , 1.418 ,2.079," 5,590 ", 818 , 27.6 ,
01-Mar-2024, -   ,1.921, 0.015 , 0.168 , 0.096 , 0.016 , 0.822 , 0.432 , 1.718 ,3.209," 5,015 ", 837 , 26.5 ,
02-Mar-2024, 1.00 ,2.979, 0.013 , 0.156 , 0.093 , 0.014 , 0.776 , 0.367 , 2.200 ,3.383," 3,915 ", 670 , 22.4 ,
03-Mar-2024, 1.00 ,0.714, 0.011 , 0.120 , 0.076 , 0.013 , 0.205 , 0.104 , 2.623 ,3.755," 6,877 ", 883 , 22.8 ,
04-Mar-2024, -   ,0.628, 0.009 , 0.108 , 0.085 , 0.009 , 0.164 , 0.094 , 2.439 ,3.431," 6,798 ", 935 , 20.4 ,
05-Mar-2024, -   ,0.043, 0.010 , 0.118 , 0.092 , 0.011 , 0.288 , 0.147 , 2.093 ,2.617," 6,932 ", 907 , 22.3 ,
06-Mar-2024, -   ,0.041, 0.012 , 0.138 , 0.088 , 0.013 , 0.493 , 0.259 , 1.786 ,2.743," 6,524 ", 886 , 24.7 ,
07-Mar-2024, -   ,0.723, 0.014 , 0.160 , 0.084 , 0.014 , 0.334 , 0.148 , 1.973 ,2.934," 6,623 ", 900 , 24.0 ,
08-Mar-2024, -   ,0.295, 0.013 , 0.147 , 0.101 , 0.013 , 0.100 , 0.048 , 2.100 ,2.881," 6,879 ", 917 , 24.1 ,
09-Mar-2024, 1.00 ,0.228, 0.013 , 0.145 , 0.096 , 0.013 , 0.032 , 0.016 , 2.300 ,3.088," 6,912 ", 913 , 23.9 ,
10-Mar-2024, 1.00 ,0.281, 0.012 , 0.133 , 0.087 , 0.012 , 0.233 , 0.107 , 2.354 ,3.313," 6,901 ", 912 , 23.8 ,
11-Mar-2024, -   ,0.094, 0.011 , 0.122 , 0.084 , 0.012 , 0.580 , 0.333 , 2.283 ,3.025," 6,235 ", 867 , 23.3 ,
12-Mar-2024, -   ,0.042, 0.011 , 0.126 , 0.079 , 0.013 , 0.332 , 0.093 , 1.387 ,2.057," 6,752 ", 932 , 24.8 ,
13-Mar-2024, -   ,0.088, 0.012 , 0.133 , 0.072 , 0.013 , 0.286 , 0.205 , 1.840 ,2.235," 5,166 ", 701 , 23.5 ,
14-Mar-2024, -   ,6.246, 0.012 , 0.128 , 0.072 , 0.014 , 0.387 , 0.118 , 3.189 ,3.927," 6,085 ", 882 , 23.5 ,
15-Mar-2024, -   ,1.045, 0.010 , 0.117 , 0.072 , 0.010 , 0.305 , 0.126 , 2.892 ,3.936," 6,043 ", 850 , 20.5 ,
16-Mar-2024, 1.00 ,8.342, 0.011 , 0.126 , 0.096 , 0.012 , 0.524 , 0.247 , 2.135 ,2.689," 4,665 ", 739 , 20.5 ,
17-Mar-2024, 1.00 ,7.79, 0.013 , 0.149 , 0.094 , 0.013 , 0.689 , 0.336 , 1.904 ,2.555," 3,288 ", 484 , 20.1 ,
18-Mar-2024, -   ,4.231, 0.014 , 0.161 , 0.084 , 0.014 , 0.450 , 0.275 , 2.126 ,2.558," 3,913 ", 529 , 21.5 ,
19-Mar-2024, -   ,3.07, 0.013 , 0.156 , 0.084 , 0.014 , 0.245 , 0.183 , 2.237 ,2.846," 5,049 ", 774 , 23.1 ,
20-Mar-2024, -   ,3.502, 0.010 , 0.127 , 0.085 , 0.013 , 0.427 , 0.209 , 3.494 ,4.159," 4,478 ", 666 , 19.0 ,
21-Mar-2024, -   ,0.289, 0.009 , 0.101 , 0.078 , 0.009 , 0.113 , 0.059 , 2.256 ,3.443," 6,205 ", 859 , 18.0 ,
22-Mar-2024, -   ,0.132, 0.010 , 0.112 , 0.071 , 0.010 , 0.119 , 0.075 , 1.623 ,2.214," 5,898 ", 835 , 19.7 ,
23-Mar-2024, 1.00 ,1.125, 0.010 , 0.118 , 0.084 , 0.011 , 0.550 , 0.178 , 1.193 ,2.001," 5,250 ", 732 , 20.1 ,
24-Mar-2024, 1.00 ,0.256, 0.010 , 0.111 , 0.087 , 0.011 , 0.115 , 0.064 , 1.447 ,2.357," 5,852 ", 812 , 20.0 ,
25-Mar-2024, -   ,0.349, 0.010 , 0.107 , 0.095 , 0.011 , 0.149 , 0.057 , 1.271 ,1.666," 6,203 ", 862 , 21.2 ,
26-Mar-2024, -   ,1.389, 0.011 , 0.129 , 0.094 , 0.013 , 0.164 , 0.061 , 1.645 ,2.343," 5,854 ", 822 , 21.2 ,
27-Mar-2024, -   ,0.321, 0.011 , 0.132 , 0.093 , 0.012 , 0.167 , 0.074 , 1.829 ,2.355," 5,698 ", 816 , 21.1 ,
28-Mar-2024, -   ,0.296, 0.011 , 0.135 , 0.084 , 0.012 , 0.215 , 0.089 , 1.870 ,2.661," 5,338 ", 765 , 20.9 ,
29-Mar-2024, -   ,0.291, 0.011 , 0.125 , 0.084 , 0.011 , 0.048 , 0.027 , 1.591 ,2.215," 5,842 ", 814 , 21.1 ,
30-Mar-2024, 1.00 ,0.031, 0.011 , 0.125 , 0.095 , 0.011 , 0.160 , 0.096 , 1.203 ,1.99," 5,715 ", 818 , 22.1 ,
31-Mar-2024, 1.00 ,0.037, 0.011 , 0.127 , 0.095 , 0.012 , 0.546 , 0.242 , 1.440 ,1.883," 4,973 ", 715 , 21.7 ,
01-Apr-2024, -   ,0.803, 0.011 , 0.125 , 0.096 , 0.012 , 0.384 , 0.162 , 2.344 ,3.297," 5,300 ", 799 , 22.5 ,
02-Apr-2024, -   ,7.545, 0.010 , 0.127 , 0.094 , 0.012 , 0.121 , 0.103 , 2.124 ,3.243," 4,695 ", 617 , 19.3 ,
03-Apr-2024, -   ,1.951, 0.010 , 0.120 , 0.107 , 0.011 , 0.651 , 0.247 , 2.132 ,2.94," 4,484 ", 763 , 19.6 ,
04-Apr-2024, -   ,31.254, 0.012 , 0.140 , 0.091 , 0.013 , 0.940 , 0.466 , 2.768 ,3.284," 1,999 ", 303 , 18.6 ,
05-Apr-2024, -   ,92.888, 0.013 , 0.158 , 0.073 , 0.014 , 0.817 , 0.374 , 3.718 ,4.867," 2,256 ", 496 , 19.1 ,
06-Apr-2024, 1.00 ,2.296, 0.012 , 0.146 , 0.083 , 0.013 , 0.258 , 0.139 , 1.627 ,2.239," 5,016 ", 730 , 19.2 ,
07-Apr-2024, 1.00 ,0.26, 0.011 , 0.136 , 0.084 , 0.013 , 0.204 , 0.104 , 1.385 ,2.213," 4,998 ", 730 , 18.9 ,
08-Apr-2024, -   ,0.236, 0.011 , 0.123 , 0.108 , 0.012 , 0.493 , 0.340 , 1.650 ,2.704," 4,141 ", 593 , 17.9 ,
09-Apr-2024, -   ,4.18, 0.008 , 0.103 , 0.064 , 0.009 , 0.476 , 0.266 , 3.987 ,4.592," 3,760 ", 612 , 14.1 ,
10-Apr-2024, -   ,0.044, 0.008 , 0.099 , 0.087 , 0.009 , 0.091 , 0.063 , 2.887 ,4.34," 4,901 ", 701 , 15.1 ,
11-Apr-2024, -   ,0.023, 0.009 , 0.108 , 0.113 , 0.010 , 0.115 , 0.058 , 1.950 ,2.618," 5,008 ", 727 , 16.5 ,
12-Apr-2024, -   ,0.458, 0.010 , 0.115 , 0.069 , 0.010 , 0.058 , 0.029 , 1.284 ,1.579," 5,076 ", 750 , 17.4 ,
13-Apr-2024, 1.00 ,1.079, 0.010 , 0.124 , 0.059 , 0.011 , 0.097 , 0.046 , 1.151 ,1.642," 4,976 ", 740 , 18.0 ,
14-Apr-2024, 1.00 ,0.213, 0.010 , 0.117 , 0.067 , 0.011 , 0.094 , 0.070 , 1.355 ,1.79," 4,986 ", 741 , 18.3 ,
15-Apr-2024, -   ,0.271, 0.009 , 0.110 , 0.078 , 0.011 , 0.308 , 0.171 , 1.448 ,1.757," 4,640 ", 695 , 18.1 ,
16-Apr-2024, -   ,0.435, 0.010 , 0.122 , 0.084 , 0.011 , 0.202 , 0.090 , 1.532 ,1.75," 4,689 ", 728 , 18.4 ,
17-Apr-2024, -   ,4.013, 0.011 , 0.132 , 0.086 , 0.011 , 0.324 , 0.169 , 1.361 ,1.795," 3,817 ", 604 , 18.0 ,
18-Apr-2024, -   ,1.822, 0.009 , 0.112 , 0.090 , 0.011 , 0.269 , 0.188 , 1.715 ,2.06," 4,172 ", 671 , 16.1 ,
19-Apr-2024, -   ,2.458, 0.009 , 0.109 , 0.088 , 0.010 , 0.696 , 0.295 , 2.702 ,4.01," 3,583 ", 633 , 16.0 ,
20-Apr-2024, 1.00 ,4.454, 0.009 , 0.115 , 0.087 , 0.010 , 0.452 , 0.207 , 3.281 ,4.241," 3,293 ", 449 , 16.3 ,
21-Apr-2024, 1.00 ,0.664, 0.009 , 0.108 , 0.080 , 0.009 , 0.232 , 0.142 , 2.018 ,2.8," 4,175 ", 610 , 16.5 ,
22-Apr-2024, -   ,0.236, 0.009 , 0.109 , 0.081 , 0.010 , 0.134 , 0.069 , 1.592 ,1.89," 4,480 ", 668 , 16.9 ,
23-Apr-2024, -   ,0.096, 0.010 , 0.111 , 0.088 , 0.011 , 0.551 , 0.263 , 2.136 ,2.386," 4,249 ", 709 , 18.0 ,
24-Apr-2024, -   ,0.25, 0.008 , 0.102 , 0.081 , 0.010 , 0.275 , 0.126 , 2.342 ,2.65," 4,061 ", 647 , 16.2 ,
25-Apr-2024, -   ,0.542, 0.008 , 0.089 , 0.091 , 0.008 , 0.093 , 0.047 , 2.296 ,2.807," 4,409 ", 656 , 14.8 ,
26-Apr-2024, -   ,0.114, 0.009 , 0.101 , 0.084 , 0.009 , 0.088 , 0.045 , 1.995 ,2.632," 4,447 ", 685 , 15.2 ,
27-Apr-2024, 1.00 ,0.247, 0.009 , 0.109 , 0.082 , 0.010 , 0.104 , 0.066 , 1.547 ,1.846," 4,218 ", 644 , 16.4 ,
28-Apr-2024, 1.00 ,0.328, 0.010 , 0.121 , 0.083 , 0.011 , 0.381 , 0.227 , 1.871 ,2.089," 3,982 ", 638 , 17.8 ,
29-Apr-2024, -   ,1.8, 0.011 , 0.126 , 0.083 , 0.011 , 0.821 , 0.433 , 1.845 ,3.014," 3,117 ", 575 , 18.4 ,
30-Apr-2024, -   ,3.756, 0.009 , 0.112 , 0.093 , 0.010 , 0.746 , 0.354 , 3.046 ,3.487," 2,085 ", 393 , 15.5 ,
01-May-2024, -   ,2.098, 0.009 , 0.105 , 0.120 , 0.009 , 0.358 , 0.210 , 2.758 ,3.468," 3,160 ", 515 , 15.1 ,
02-May-2024, -   ,1.434, 0.009 , 0.102 , 0.119 , 0.009 , 0.675 , 0.298 , 2.068 ,2.749," 3,166 ", 545 , 15.3 ,
03-May-2024, -   ,2.326, 0.009 , 0.110 , 0.103 , 0.010 , 0.793 , 0.406 , 1.892 ,2.069," 2,607 ", 417 , 15.4 ,
04-May-2024, 1.00 ,9.971, 0.009 , 0.114 , 0.106 , 0.010 , 0.750 , 0.371 , 1.623 ,1.878," 2,215 ", 391 , 15.5 ,
05-May-2024, 1.00 ,11.903, 0.010 , 0.120 , 0.105 , 0.010 , 0.632 , 0.231 , 2.802 ,3.987," 2,828 ", 452 , 15.6 ,
06-May-2024, -   ,2.498, 0.009 , 0.109 , 0.095 , 0.010 , 0.439 , 0.165 , 2.986 ,4.109," 3,190 ", 548 , 16.2 ,
07-May-2024, -   ,1.621, 0.009 , 0.110 , 0.114 , 0.010 , 0.408 , 0.181 , 1.965 ,2.565," 3,166 ", 537 , 16.0 ,
08-May-2024, -   ,5.948, 0.010 , 0.117 , 0.108 , 0.010 , 0.385 , 0.172 , 1.626 ,2.165," 3,009 ", 452 , 16.3 ,
09-May-2024, -   ,1.632, 0.009 , 0.113 , 0.100 , 0.010 , 0.606 , 0.232 , 1.760 ,1.967," 3,233 ", 570 , 16.6 ,
10-May-2024, -   ,5.735, 0.010 , 0.122 , 0.073 , 0.011 , 0.786 , 0.352 , 2.038 ,2.449," 2,221 ", 416 , 16.5 ,
11-May-2024, 1.00 ,15.835, 0.010 , 0.122 , 0.070 , 0.011 , 0.692 , 0.347 , 1.838 ,2.511," 1,682 ", 291 , 15.3 ,
12-May-2024, 1.00 ,5.266, 0.010 , 0.120 , 0.084 , 0.010 , 0.459 , 0.241 , 2.003 ,2.794," 2,442 ", 382 , 15.3 ,
13-May-2024, -   ,0.224, 0.009 , 0.110 , 0.084 , 0.010 , 0.069 , 0.046 , 2.158 ,3.536," 3,544 ", 559 , 15.3 ,
14-May-2024, -   ,0.049, 0.009 , 0.107 , 0.089 , 0.010 , 0.152 , 0.060 , 1.849 ,2.091," 3,786 ", 613 , 15.7 ,
15-May-2024, -   ,0.222, 0.009 , 0.109 , 0.105 , 0.010 , 0.460 , 0.240 , 1.188 ,1.543," 3,372 ", 581 , 15.5 ,
16-May-2024, -   ,0.239, 0.009 , 0.109 , 0.108 , 0.010 , 0.805 , 0.385 , 1.268 ,1.607," 2,843 ", 473 , 15.5 ,
17-May-2024, -   ,2.033, 0.008 , 0.098 , 0.105 , 0.009 , 0.431 , 0.186 , 2.278 ,4.168," 3,038 ", 505 , 14.9 ,
18-May-2024, 1.00 ,2.518, 0.007 , 0.079 , 0.089 , 0.007 , 0.341 , 0.190 , 3.752 ,4.757," 2,312 ", 401 , 10.8 ,
19-May-2024, 1.00 ,0.044, 0.006 , 0.075 , 0.083 , 0.007 , 0.050 , 0.033 , 2.431 ,3.13," 3,643 ", 575 , 11.3 ,
20-May-2024, -   ,0.538, 0.008 , 0.095 , 0.084 , 0.008 , 0.379 , 0.186 , 2.881 ,3.259," 3,023 ", 557 , 13.2 ,
21-May-2024, -   ,0.284, 0.008 , 0.092 , 0.095 , 0.008 , 0.238 , 0.168 , 2.449 ,3.139," 2,806 ", 441 , 12.9 ,
22-May-2024, -   ,0.034, 0.007 , 0.084 , 0.075 , 0.007 , 0.031 , 0.021 , 1.896 ,2.16," 3,582 ", 569 , 12.4 ,
23-May-2024, -   ,0.03, 0.008 , 0.090 , 0.091 , 0.008 , 0.550 , 0.253 , 1.262 ,1.572," 3,448 ", 570 , 13.6 ,
24-May-2024, -   ,0.077, 0.009 , 0.102 , 0.093 , 0.009 , 0.836 , 0.444 , 1.552 ,1.82," 2,905 ", 525 , 14.2 ,
25-May-2024, 1.00 ,0.296, 0.009 , 0.103 , 0.104 , 0.009 , 0.617 , 0.298 , 1.101 ,1.418," 2,363 ", 387 , 14.0 ,
26-May-2024, 1.00 ,0.093, 0.008 , 0.092 , 0.126 , 0.009 , 0.017 , 0.010 , 1.286 ,1.847," 3,477 ", 558 , 14.1 ,
27-May-2024, -   ,0.057, 0.007 , 0.085 , 0.128 , 0.008 , 0.016 , 0.007 , 1.542 ,1.808," 3,535 ", 570 , 13.4 ,
28-May-2024, -   ,0.033, 0.007 , 0.084 , 0.079 , 0.007 , 0.016 , 0.008 , 1.348 ,1.734," 3,526 ", 568 , 13.7 ,
29-May-2024, -   ,0.016, 0.008 , 0.097 , 0.091 , 0.009 , 0.084 , 0.035 , 1.816 ,1.998," 3,472 ", 565 , 14.6 ,
30-May-2024, -   ,0.867, 0.009 , 0.110 , 0.091 , 0.010 , 0.821 , 0.364 , 2.661 ,3.185," 2,686 ", 532 , 16.8 ,
31-May-2024, -   ,4.008, 0.010 , 0.119 , 0.084 , 0.011 , 0.879 , 0.439 , 2.092 ,3.221," 1,618 ", 294 , 15.0 ,
01-Jun-2024, 1.00 ,18.941, 0.009 , 0.106 , 0.087 , 0.010 , 0.852 , 0.435 , 3.627 ,4.352," 1,047 ", 176 , 12.6 ,
02-Jun-2024, 1.00 ,0.46, 0.007 , 0.086 , 0.089 , 0.008 , 0.770 , 0.373 , 2.511 ,3.43," 1,945 ", 321 , 11.3 ,
03-Jun-2024, -   ,0.114, 0.006 , 0.072 , 0.083 , 0.006 , 0.243 , 0.157 , 2.217 ,2.869," 3,246 ", 539 , 10.4 ,
04-Jun-2024, -   ,0.052, 0.006 , 0.077 , 0.090 , 0.007 , 0.655 , 0.284 , 1.394 ,2.07," 2,724 ", 504 , 11.3 ,
05-Jun-2024, -   ,6.284, 0.008 , 0.099 , 0.099 , 0.009 , 0.790 , 0.363 , 1.298 ,1.777," 2,019 ", 408 , 12.8 ,
06-Jun-2024, -   ,25.067, 0.009 , 0.109 , 0.090 , 0.010 , 0.811 , 0.392 , 2.016 ,2.72," 1,523 ", 296 , 13.1 ,
07-Jun-2024, -   ,2.127, 0.008 , 0.104 , 0.083 , 0.009 , 0.663 , 0.377 , 1.749 ,2.841," 1,637 ", 254 , 12.3 ,
08-Jun-2024, 1.00 ,0.18, 0.008 , 0.098 , 0.095 , 0.009 , 0.383 , 0.310 , 2.343 ,3.095," 2,323 ", 385 , 13.0 ,
09-Jun-2024, 1.00 ,0.043, 0.007 , 0.084 , 0.104 , 0.007 , 0.279 , 0.201 , 1.970 ,2.831," 2,767 ", 467 , 11.7 ,
10-Jun-2024, -   ,0.01, 0.006 , 0.079 , 0.119 , 0.007 , 0.236 , 0.121 , 2.205 ,3.128," 3,172 ", 522 , 11.0 ,
11-Jun-2024, -   ,0.962, 0.007 , 0.083 , 0.120 , 0.007 , 0.498 , 0.233 , 2.584 ,3.4," 2,827 ", 471 , 12.9 ,
12-Jun-2024, -   ,0.193, 0.006 , 0.075 , 0.103 , 0.007 , 0.155 , 0.128 , 3.346 ,4.715," 2,882 ", 504 , 10.2 ,
13-Jun-2024, -   ,0.207, 0.007 , 0.081 , 0.107 , 0.007 , 0.696 , 0.370 , 2.132 ,2.736," 1,778 ", 322 , 10.8 ,
14-Jun-2024, -   ,7.108, 0.008 , 0.093 , 0.121 , 0.008 , 0.837 , 0.398 , 1.845 ,2.47," 1,594 ", 323 , 11.8 ,
15-Jun-2024, 1.00 ,0.82, 0.007 , 0.082 , 0.140 , 0.008 , 0.462 , 0.216 , 2.717 ,3.088," 2,020 ", 348 , 10.0 ,
16-Jun-2024, 1.00 ,0.228, 0.006 , 0.074 , 0.149 , 0.007 , 0.208 , 0.119 , 3.048 ,3.436," 2,949 ", 530 , 9.7 ,
17-Jun-2024, -   ,0.317, 0.007 , 0.080 , 0.143 , 0.008 , 0.215 , 0.142 , 3.017 ,3.731," 2,134 ", 357 , 10.4 ,
18-Jun-2024, -   ,0.012, 0.006 , 0.071 , 0.143 , 0.007 , 0.032 , 0.019 , 2.190 ,2.774," 3,221 ", 525 , 9.4 ,
19-Jun-2024, -   ,0.015, 0.005 , 0.060 , 0.130 , 0.005 , 0.143 , 0.053 , 1.439 ,2.229," 3,292 ", 546 , 9.0 ,
20-Jun-2024, -   ,2.165, 0.007 , 0.077 , 0.109 , 0.008 , 0.364 , 0.089 , 1.226 ,1.846," 2,984 ", 511 , 11.5 ,
21-Jun-2024, -   ,2.975, 0.007 , 0.088 , 0.135 , 0.008 , 0.475 , 0.278 , 2.346 ,2.892," 2,072 ", 413 , 10.3 ,
22-Jun-2024, 1.00 ,3.297, 0.007 , 0.089 , 0.133 , 0.008 , 0.425 , 0.203 , 2.511 ,2.978," 2,183 ", 400 , 10.7 ,
23-Jun-2024, 1.00 ,0.668, 0.007 , 0.083 , 0.132 , 0.008 , 0.242 , 0.187 , 2.000 ,2.611," 2,583 ", 427 , 10.5 ,
24-Jun-2024, -   ,0.043, 0.006 , 0.074 , 0.103 , 0.007 , 0.298 , 0.146 , 1.514 ,1.653," 3,036 ", 504 , 10.6 ,
25-Jun-2024, -   ,0.126, 0.007 , 0.079 , 0.101 , 0.007 , 0.115 , 0.050 , 1.763 ,2.005," 3,127 ", 522 , 11.6 ,
26-Jun-2024, -   ,0.073, 0.007 , 0.087 , 0.120 , 0.009 , 0.524 , 0.159 , 1.839 ,2.206," 3,128 ", 525 , 12.4 ,
27-Jun-2024, -   ,0.07, 0.006 , 0.074 , 0.140 , 0.007 , 0.048 , 0.027 , 1.838 ,2.095," 3,196 ", 525 , 11.1 ,
28-Jun-2024, -   ,0.002, 0.006 , 0.073 , 0.138 , 0.007 , 0.067 , 0.035 , 1.605 ,1.947," 3,232 ", 536 , 10.8 ,
29-Jun-2024, 1.00 ,1.708, 0.008 , 0.094 , 0.143 , 0.009 , 0.716 , 0.315 , 2.268 ,3.096," 2,541 ", 494 , 13.9 ,
30-Jun-2024, 1.00 ,3.976, 0.007 , 0.088 , 0.144 , 0.008 , 0.362 , 0.230 , 2.745 ,3.341," 1,893 ", 312 , 10.2 ,
01-Jul-2024, -   ,3.1, 0.007 , 0.084 , 0.146 , 0.007 , 0.415 , 0.193 , 2.420 ,2.912," 2,368 ", 434 , 10.5 ,
02-Jul-2024, -   ,2.384, 0.007 , 0.084 , 0.155 , 0.007 , 0.317 , 0.174 , 2.637 ,3.2," 2,525 ", 444 , 11.2 ,
03-Jul-2024, -   ,4.275, 0.007 , 0.085 , 0.152 , 0.008 , 0.491 , 0.229 , 2.886 ,3.534," 2,359 ", 433 , 11.9 ,
04-Jul-2024, -   ,3.678, 0.008 , 0.089 , 0.142 , 0.008 , 0.424 , 0.221 , 2.670 ,3.418," 2,345 ", 441 , 12.5 ,
05-Jul-2024, -   ,0.88, 0.007 , 0.091 , 0.143 , 0.008 , 0.561 , 0.230 , 2.552 ,3.18," 2,281 ", 373 , 12.7 ,
06-Jul-2024, 1.00 ,0.262, 0.007 , 0.085 , 0.156 , 0.008 , 0.477 , 0.213 , 2.011 ,2.732," 2,608 ", 463 , 12.2 ,
07-Jul-2024, 1.00 ,1.39, 0.008 , 0.099 , 0.152 , 0.009 , 0.829 , 0.358 , 1.579 ,1.813," 2,153 ", 427 , 13.0 ,
08-Jul-2024, -   ,3.986, 0.009 , 0.108 , 0.138 , 0.009 , 0.902 , 0.446 , 2.038 ,2.333," 1,366 ", 237 , 13.2 ,
09-Jul-2024, -   ,0.859, 0.008 , 0.093 , 0.152 , 0.009 , 0.245 , 0.154 , 1.662 ,2.238," 2,258 ", 340 , 11.9 ,
10-Jul-2024, -   ,0.034, 0.007 , 0.085 , 0.144 , 0.008 , 0.142 , 0.075 , 1.587 ,1.982," 3,095 ", 506 , 11.6 ,
11-Jul-2024, -   ,0.046, 0.007 , 0.082 , 0.130 , 0.008 , 0.732 , 0.318 , 1.410 ,1.697," 2,705 ", 520 , 11.5 ,
12-Jul-2024, -   ,0.051, 0.007 , 0.080 , 0.131 , 0.007 , 0.357 , 0.189 , 2.222 ,3.316," 2,858 ", 469 , 11.4 ,
13-Jul-2024, 1.00 ,0.021, 0.006 , 0.076 , 0.144 , 0.007 , 0.144 , 0.085 , 2.504 ,3.409," 3,073 ", 497 , 10.0 ,
14-Jul-2024, 1.00 ,0.106, 0.005 , 0.063 , 0.137 , 0.006 , 0.151 , 0.085 , 2.587 ,3.33," 3,273 ", 537 , 8.8 ,
15-Jul-2024, -   ,0.444, 0.005 , 0.062 , 0.155 , 0.006 , 0.449 , 0.179 , 3.402 ,3.737," 3,006 ", 540 , 8.7 ,
16-Jul-2024, -   ,0.424, 0.006 , 0.074 , 0.174 , 0.007 , 0.412 , 0.196 , 3.145 ,3.688," 2,350 ", 346 , 9.5 ,
17-Jul-2024, -   ,0.296, 0.007 , 0.079 , 0.171 , 0.007 , 0.399 , 0.165 , 2.614 ,3.496," 2,988 ", 490 , 10.5 ,
18-Jul-2024, -   ,0.009, 0.005 , 0.067 , 0.165 , 0.006 , 0.112 , 0.061 , 2.447 ,2.801," 3,309 ", 533 , 9.0 ,
19-Jul-2024, -   ,0.272, 0.005 , 0.065 , 0.165 , 0.006 , 0.400 , 0.119 , 2.639 ,4.444," 3,386 ", 570 , 10.3 ,
20-Jul-2024, 1.00 ,0.496, 0.005 , 0.062 , 0.158 , 0.006 , 0.092 , 0.050 , 4.516 ,5.581," 3,358 ", 534 , 10.1 ,
21-Jul-2024, 1.00 ,0.031, 0.006 , 0.066 , 0.161 , 0.006 , 0.204 , 0.146 , 2.371 ,3.709," 3,422 ", 572 , 10.0 ,
22-Jul-2024, -   ,0.014, 0.006 , 0.074 , 0.156 , 0.007 , 0.299 , 0.247 , 1.611 ,2.051," 2,893 ", 482 , 10.8 ,
23-Jul-2024, -   ,0.023, 0.006 , 0.073 , 0.150 , 0.007 , 0.077 , 0.036 , 1.475 ,1.748," 3,699 ", 587 , 11.0 ,
24-Jul-2024, -   ,0.007, 0.006 , 0.075 , 0.144 , 0.007 , 0.732 , 0.326 , 1.947 ,2.566," 3,385 ", 583 , 12.3 ,
25-Jul-2024, -   ,2.731, 0.008 , 0.095 , 0.132 , 0.009 , 0.723 , 0.380 , 2.187 ,3.063," 2,478 ", 456 , 14.0 ,
26-Jul-2024, -   ,0.39, 0.007 , 0.086 , 0.146 , 0.008 , 0.163 , 0.143 , 1.445 ,2.02," 3,179 ", 568 , 12.1 ,
27-Jul-2024, 1.00 ,1.711, 0.007 , 0.084 , 0.174 , 0.008 , 0.320 , 0.197 , 2.341 ,4.297," 2,344 ", 392 , 10.8 ,
28-Jul-2024, 1.00 ,0.039, 0.005 , 0.060 , 0.180 , 0.005 , 0.208 , 0.105 , 3.828 ,4.414," 3,541 ", 549 , 8.0 ,
29-Jul-2024, -   ,0.241, 0.005 , 0.064 , 0.132 , 0.006 , 0.234 , 0.151 , 3.483 ,4.358," 3,288 ", 569 , 8.7 ,
30-Jul-2024, -   ,0.168, 0.006 , 0.072 , 0.128 , 0.006 , 0.441 , 0.227 , 3.244 ,3.892," 2,762 ", 456 , 9.7 ,
31-Jul-2024, -   ,0.142, 0.006 , 0.077 , 0.122 , 0.007 , 0.525 , 0.269 , 2.983 ,3.606," 2,665 ", 455 , 10.5 ,
01-Aug-2024, -   ,0.425, 0.007 , 0.084 , 0.146 , 0.007 , 0.504 , 0.262 , 2.569 ,3.242," 2,270 ", 340 , 10.6 ,
02-Aug-2024, -   ,0.053, 0.006 , 0.074 , 0.155 , 0.007 , 0.325 , 0.232 , 1.568 ,2.137," 3,100 ", 465 , 11.0 ,
03-Aug-2024, 1.00 ,0.003, 0.006 , 0.072 , 0.174 , 0.006 , 0.332 , 0.107 , 1.386 ,1.607," 3,986 ", 622 , 11.0 ,
04-Aug-2024, 1.00 ,0.006, 0.006 , 0.073 , 0.165 , 0.007 , 0.844 , 0.423 , 1.094 ,1.254," 2,699 ", 594 , 11.9 ,
05-Aug-2024, -   ,2.914, 0.007 , 0.081 , 0.142 , 0.007 , 0.704 , 0.307 , 1.465 ,2.247," 1,982 ", 443 , 10.9 ,
06-Aug-2024, -   ,0.013, 0.006 , 0.074 , 0.156 , 0.007 , 0.311 , 0.177 , 1.674 ,2.297," 3,979 ", 624 , 10.6 ,
07-Aug-2024, -   ,0.005, 0.006 , 0.067 , 0.148 , 0.006 , 0.216 , 0.093 , 1.321 ,1.563," 4,184 ", 647 , 11.4 ,
08-Aug-2024, -   ,0.019, 0.007 , 0.085 , 0.131 , 0.008 , 0.642 , 0.242 , 1.817 ,2.205," 3,689 ", 635 , 12.9 ,
09-Aug-2024, -   ,0.693, 0.008 , 0.090 , 0.129 , 0.008 , 0.418 , 0.226 , 1.197 ,1.578," 3,370 ", 497 , 13.5 ,
10-Aug-2024, 1.00 ,0.236, 0.008 , 0.096 , 0.151 , 0.008 , 0.532 , 0.275 , 1.469 ,1.748," 3,716 ", 593 , 13.4 ,
11-Aug-2024, 1.00 ,2.048, 0.008 , 0.098 , 0.165 , 0.009 , 0.178 , 0.091 , 1.530 ,1.757," 3,900 ", 625 , 13.9 ,
12-Aug-2024, -   ,3.696, 0.009 , 0.111 , 0.174 , 0.010 , 0.665 , 0.308 , 1.934 ,2.445," 3,080 ", 572 , 14.7 ,
13-Aug-2024, -   ,2.685, 0.010 , 0.121 , 0.169 , 0.011 , 0.912 , 0.456 , 1.860 ,2.512," 1,788 ", 314 , 15.4 ,
14-Aug-2024, -   ,5.013, 0.010 , 0.121 , 0.146 , 0.011 , 0.514 , 0.329 , 1.524 ,1.835," 1,714 ", 411 , 14.3 ,
15-Aug-2024, -   ,0.774, 0.010 , 0.120 , 0.129 , 0.010 , 0.270 , 0.140 , 1.457 ,1.882," 3,676 ", 582 , 15.3 ,
16-Aug-2024, -   ,2.571, 0.009 , 0.106 , 0.142 , 0.010 , 0.363 , 0.141 , 1.483 ,2.507," 3,838 ", 590 , 14.8 ,
17-Aug-2024, 1.00 ,0.435, 0.007 , 0.086 , 0.167 , 0.008 , 0.219 , 0.111 , 2.953 ,3.285," 4,005 ", 655 , 13.2 ,
18-Aug-2024, 1.00 ,0.235, 0.007 , 0.090 , 0.179 , 0.008 , 0.290 , 0.168 , 2.385 ,3.405," 3,430 ", 538 , 12.9 ,
19-Aug-2024, -   ,0.049, 0.008 , 0.089 , 0.159 , 0.008 , 0.170 , 0.115 , 1.641 ,2.521," 3,834 ", 575 , 13.1 ,
20-Aug-2024, -   ,0.085, 0.009 , 0.103 , 0.184 , 0.010 , 0.353 , 0.195 , 2.507 ,2.702," 4,496 ", 689 , 15.9 ,
21-Aug-2024, -   ,0.104, 0.008 , 0.103 , 0.185 , 0.009 , 0.808 , 0.403 , 1.807 ,2.283," 3,631 ", 656 , 16.0 ,
22-Aug-2024, -   ,0.045, 0.007 , 0.088 , 0.166 , 0.008 , 0.342 , 0.250 , 1.590 ,2.024," 3,892 ", 598 , 14.4 ,
23-Aug-2024, -   ,0.14, 0.007 , 0.084 , 0.175 , 0.008 , 0.364 , 0.155 , 1.904 ,3.012," 4,525 ", 714 , 15.2 ,
24-Aug-2024, 1.00 ,1.068, 0.009 , 0.112 , 0.164 , 0.010 , 0.357 , 0.170 , 1.832 ,3.067," 4,152 ", 681 , 18.2 ,
25-Aug-2024, 1.00 ,2.994, 0.010 , 0.114 , 0.141 , 0.012 , 0.348 , 0.235 , 2.308 ,3.185," 3,145 ", 555 , 17.3 ,
26-Aug-2024, -   ,0.016, 0.007 , 0.085 , 0.179 , 0.008 , 0.033 , 0.010 , 1.599 ,2.404," 5,105 ", 744 , 15.1 ,
27-Aug-2024, -   ,0.002, 0.007 , 0.087 , 0.193 , 0.008 , 0.562 , 0.207 , 2.236 ,3.436," 4,783 ", 739 , 16.6 ,
28-Aug-2024, -   ,0.06, 0.007 , 0.079 , 0.136 , 0.008 , 0.427 , 0.188 , 3.025 ,4.393," 4,804 ", 719 , 17.1 ,
29-Aug-2024, -   ,0, 0.006 , 0.071 , 0.143 , 0.007 , 0.048 , 0.006 , 1.932 ,3.398," 5,170 ", 753 , 15.5 ,
30-Aug-2024, -   ,0.027, 0.008 , 0.089 , 0.168 , 0.009 , 0.019 , 0.011 , 2.568 ,3.894," 5,112 ", 738 , 19.0 ,
31-Aug-2024, 1.00 ,0.02, 0.006 , 0.073 , 0.155 , 0.007 , 0.006 , 0.003 , 2.402 ,3.744," 5,393 ", 774 , 15.9 ,
01-Sep-2024, 1.00 ,0.005, 0.007 , 0.077 , 0.132 , 0.007 , 0.003 , 0.003 , 2.479 ,4.166," 5,372 ", 774 , 17.5 ,
02-Sep-2024, -   ,0.074, 0.005 , 0.061 , 0.132 , 0.006 , 0.009 , 0.004 , 3.864 ,5.313," 5,474 ", 776 , 13.4 ,
03-Sep-2024, -   ,0.01, 0.005 , 0.056 , 0.159 , 0.006 , 0.227 , 0.164 , 1.828 ,2.719," 5,374 ", 793 , 12.2 ,
04-Sep-2024, -   ,0.001, 0.006 , 0.070 , 0.178 , 0.007 , 0.211 , 0.179 , 2.311 ,2.718," 5,227 ", 743 , 14.7 ,
05-Sep-2024, -   ,0.006, 0.007 , 0.081 , 0.173 , 0.007 , 0.032 , 0.026 , 2.018 ,2.536," 5,394 ", 761 , 17.8 ,
06-Sep-2024, -   ,0.145, 0.008 , 0.091 , 0.155 , 0.009 , 0.043 , 0.028 , 2.159 ,2.741," 5,418 ", 800 , 19.5 ,
07-Sep-2024, 1.00 ,0.097, 0.009 , 0.102 , 0.153 , 0.010 , 0.346 , 0.195 , 1.932 ,3.276," 4,497 ", 719 , 17.1 ,
08-Sep-2024, 1.00 ,0.067, 0.006 , 0.071 , 0.167 , 0.006 , 0.521 , 0.303 , 2.020 ,2.423," 4,249 ", 557 , 15.7 ,
09-Sep-2024, -   ,0.182, 0.007 , 0.082 , 0.186 , 0.007 , 0.073 , 0.043 , 1.769 ,2.335," 5,474 ", 772 , 15.6 ,
10-Sep-2024, -   ,0.023, 0.008 , 0.090 , 0.176 , 0.008 , 0.349 , 0.137 , 1.484 ,1.815," 5,433 ", 790 , 16.1 ,
11-Sep-2024, -   ,0.76, 0.009 , 0.101 , 0.155 , 0.009 , 0.693 , 0.280 , 1.873 ,3.8," 4,719 ", 755 , 17.9 ,
12-Sep-2024, -   ,2.133, 0.007 , 0.090 , 0.158 , 0.009 , 0.342 , 0.207 , 3.691 ,4.583," 3,945 ", 577 , 13.7 ,
13-Sep-2024, -   ,0.116, 0.006 , 0.072 , 0.136 , 0.007 , 0.085 , 0.058 , 1.863 ,2.803," 5,419 ", 737 , 13.5 ,
14-Sep-2024, 1.00 ,0.417, 0.006 , 0.069 , 0.155 , 0.007 , 0.355 , 0.086 , 2.995 ,4.458," 5,540 ", 810 , 13.3 ,
15-Sep-2024, 1.00 ,0.202, 0.005 , 0.059 , 0.185 , 0.006 , 0.096 , 0.063 , 3.534 ,5.051," 5,325 ", 678 , 11.0 ,
16-Sep-2024, -   ,0.075, 0.006 , 0.062 , 0.201 , 0.007 , 0.083 , 0.019 , 2.396 ,3.105," 6,124 ", 866 , 13.3 ,
17-Sep-2024, -   ,0.001, 0.006 , 0.069 , 0.131 , 0.007 , 0.093 , 0.007 , 1.646 ,2.379," 6,184 ", 840 , 13.8 ,
18-Sep-2024, -   ,0.004, 0.005 , 0.058 , 0.137 , 0.006 , 0.003 , 0.003 , 2.324 ,2.769," 6,400 ", 883 , 16.0 ,
19-Sep-2024, -   ,0.01, 0.005 , 0.063 , 0.127 , 0.006 , 0.011 , 0.008 , 2.525 ,3.28," 6,309 ", 864 , 16.0 ,
20-Sep-2024, -   ,0.089, 0.006 , 0.065 , 0.155 , 0.006 , 0.039 , 0.011 , 2.115 ,2.683," 6,373 ", 878 , 15.3 ,
21-Sep-2024, 1.00 ,0.005, 0.006 , 0.065 , 0.137 , 0.006 , 0.262 , 0.121 , 2.037 ,2.582," 6,137 ", 867 , 15.5 ,
22-Sep-2024, 1.00 ,0, 0.007 , 0.074 , 0.143 , 0.007 , 0.072 , 0.052 , 1.771 ,2.489," 6,247 ", 867 , 16.2 ,
23-Sep-2024, -   ,0.001, 0.007 , 0.077 , 0.166 , 0.007 , 0.507 , 0.189 , 1.503 ,1.923," 5,940 ", 876 , 18.3 ,
24-Sep-2024, -   ,0.455, 0.007 , 0.081 , 0.162 , 0.008 , 0.833 , 0.443 , 2.001 ,2.684," 3,996 ", 679 , 18.8 ,
25-Sep-2024, -   ,7.073, 0.009 , 0.098 , 0.146 , 0.011 , 0.749 , 0.299 , 2.160 ,4.216," 3,992 ", 696 , 18.1 ,
26-Sep-2024, -   ,10.635, 0.008 , 0.091 , 0.154 , 0.008 , 0.718 , 0.372 , 3.767 ,4.458," 2,654 ", 400 , 12.7 ,
27-Sep-2024, -   ,2.199, 0.007 , 0.084 , 0.177 , 0.007 , 0.659 , 0.315 , 3.018 ,4.088," 3,919 ", 600 , 13.6 ,
28-Sep-2024, 1.00 ,1.593, 0.008 , 0.094 , 0.179 , 0.009 , 0.469 , 0.198 , 2.353 ,3.301," 4,903 ", 696 , 15.6 ,
29-Sep-2024, 1.00 ,4.422, 0.010 , 0.111 , 0.179 , 0.010 , 0.686 , 0.293 , 2.018 ,3.388," 4,720 ", 648 , 16.9 ,
30-Sep-2024, -   ,0.434, 0.008 , 0.092 , 0.172 , 0.009 , 0.084 , 0.057 , 2.252 ,3.682," 5,996 ", 788 , 15.3 ,
01-Oct-2024, -   ,0.163, 0.008 , 0.090 , 0.155 , 0.009 , 0.198 , 0.102 , 2.051 ,3," 6,294 ", 912 , 16.5 ,
02-Oct-2024, -   ,0.657, 0.008 , 0.095 , 0.161 , 0.008 , 0.213 , 0.099 , 2.206 ,2.921," 5,904 ", 774 , 16.0 ,
03-Oct-2024, -   ,0.026, 0.008 , 0.086 , 0.171 , 0.008 , 0.208 , 0.132 , 1.873 ,2.499," 6,562 ", 908 , 16.0 ,
04-Oct-2024, -   ,1, 0.009 , 0.097 , 0.169 , 0.010 , 0.683 , 0.258 , 2.280 ,2.758," 5,760 ", 772 , 18.4 ,
05-Oct-2024, 1.00 ,0.112, 0.008 , 0.093 , 0.164 , 0.008 , 0.556 , 0.332 , 2.108 ,2.6," 5,746 ", 896 , 18.6 ,
06-Oct-2024, 1.00 ,0.009, 0.007 , 0.087 , 0.133 , 0.008 , 0.162 , 0.154 , 1.890 ,2.576," 6,955 ", 910 , 18.7 ,
07-Oct-2024, -   ,0.208, 0.008 , 0.095 , 0.151 , 0.009 , 0.537 , 0.251 , 2.089 ,2.884," 5,790 ", 887 , 19.8 ,
08-Oct-2024, -   ,1.522, 0.007 , 0.089 , 0.151 , 0.008 , 0.597 , 0.280 , 2.934 ,3.569," 3,780 ", 547 , 14.8 ,
09-Oct-2024, -   ,2.763, 0.007 , 0.089 , 0.160 , 0.008 , 0.330 , 0.194 , 2.170 ,2.772," 5,026 ", 732 , 14.7 ,
10-Oct-2024, -   ,0.152, 0.009 , 0.104 , 0.182 , 0.010 , 0.215 , 0.067 , 1.666 ,2.494," 7,002 ", 919 , 18.2 ,
11-Oct-2024, -   ,0.631, 0.009 , 0.101 , 0.190 , 0.010 , 0.528 , 0.287 , 2.475 ,3.949," 5,983 ", 899 , 18.7 ,
12-Oct-2024, 1.00 ,1.153, 0.007 , 0.082 , 0.190 , 0.008 , 0.155 , 0.063 , 2.691 ,3.784," 6,584 ", 792 , 15.6 ,
13-Oct-2024, 1.00 ,0.073, 0.007 , 0.082 , 0.150 , 0.008 , 0.679 , 0.226 , 2.305 ,2.851," 6,555 ", 959 , 17.3 ,
14-Oct-2024, -   ,9.395, 0.010 , 0.116 , 0.138 , 0.011 , 0.692 , 0.350 , 2.314 ,3.447," 3,590 ", 563 , 17.0 ,
15-Oct-2024, -   ,1.302, 0.007 , 0.093 , 0.108 , 0.009 , 0.726 , 0.345 , 2.271 ,3.378," 4,686 ", 615 , 15.7 ,
16-Oct-2024, -   ,0.953, 0.008 , 0.094 , 0.127 , 0.009 , 0.309 , 0.209 , 1.534 ,2.003," 5,946 ", 768 , 16.4 ,
17-Oct-2024, -   ,1.204, 0.010 , 0.119 , 0.150 , 0.012 , 0.579 , 0.184 , 2.111 ,3.012," 6,740 ", 944 , 20.1 ,
18-Oct-2024, -   ,6.656, 0.012 , 0.132 , 0.168 , 0.013 , 0.360 , 0.233 , 2.487 ,3.153," 5,639 ", 710 , 20.6 ,
19-Oct-2024, 1.00 ,0.755, 0.010 , 0.115 , 0.155 , 0.011 , 0.208 , 0.112 , 2.412 ,3.162," 6,111 ", 783 , 18.9 ,
20-Oct-2024, 1.00 ,0.211, 0.009 , 0.100 , 0.155 , 0.009 , 0.338 , 0.138 , 3.563 ,4.042," 6,800 ", 973 , 18.2 ,
21-Oct-2024, -   ,0.023, 0.008 , 0.093 , 0.146 , 0.008 , 0.184 , 0.091 , 2.751 ,3.897," 6,920 ", 839 , 17.1 ,
22-Oct-2024, -   ,0.017, 0.007 , 0.084 , 0.142 , 0.008 , 0.302 , 0.142 , 1.680 ,2.358," 7,666 "," 1,008 ", 19.7 ,
23-Oct-2024, -   ,0.127, 0.009 , 0.102 , 0.137 , 0.010 , 0.420 , 0.270 , 1.861 ,2.888," 6,486 ", 867 , 21.0 ,
24-Oct-2024, -   ,4.58, 0.008 , 0.090 , 0.147 , 0.008 , 0.280 , 0.098 , 2.503 ,3.748," 6,886 ", 896 , 16.1 ,
25-Oct-2024, -   ,0.028, 0.006 , 0.067 , 0.156 , 0.006 , 0.040 , 0.015 , 2.932 ,4.17," 8,031 "," 1,017 ", 15.3 ,
26-Oct-2024, 1.00 ,0.038, 0.006 , 0.072 , 0.135 , 0.007 , 0.536 , 0.173 , 1.921 ,2.789," 7,549 "," 1,006 ", 16.4 ,
27-Oct-2024, 1.00 ,0.095, 0.007 , 0.076 , 0.115 , 0.009 , 0.174 , 0.121 , 1.877 ,2.173," 7,577 ", 953 , 19.8 ,
28-Oct-2024, -   ,0.745, 0.008 , 0.091 , 0.142 , 0.009 , 0.294 , 0.104 , 2.344 ,3.643," 7,440 ", 929 , 19.1 ,
29-Oct-2024, -   ,0.055, 0.008 , 0.095 , 0.157 , 0.009 , 0.031 , 0.006 , 1.767 ,2.974," 8,016 "," 1,000 ", 19.0 ,
30-Oct-2024, -   ,0.056, 0.009 , 0.094 , 0.164 , 0.010 , 0.298 , 0.158 , 1.875 ,2.681," 7,938 "," 1,014 ", 20.9 ,
31-Oct-2024, -   ,3.166, 0.009 , 0.100 , 0.166 , 0.011 , 0.408 , 0.240 , 2.097 ,2.975," 6,922 ", 967 , 19.8 ,
01-Nov-2024, -   ,2.217, 0.009 , 0.099 , 0.108 , 0.009 , 0.396 , 0.153 , 2.614 ,3.066," 6,724 ", 905 , 17.9 ,
02-Nov-2024, 1.00 ,0.317, 0.010 , 0.112 , 0.104 , 0.010 , 0.444 , 0.279 , 2.735 ,3.064," 6,078 ", 768 , 19.6 ,
03-Nov-2024, 1.00 ,0.196, 0.010 , 0.120 , 0.119 , 0.011 , 0.893 , 0.441 , 1.837 ,2.921," 4,938 ", 802 , 23.6 ,
04-Nov-2024, -   ,1.998, 0.011 , 0.126 , 0.130 , 0.011 , 0.434 , 0.286 , 2.135 ,2.983," 4,913 ", 737 , 20.4 ,
05-Nov-2024, -   ,0.675, 0.011 , 0.126 , 0.129 , 0.012 , 0.434 , 0.115 , 2.151 ,2.88," 7,135 ", 852 , 21.4 ,
06-Nov-2024, -   ,0.193, 0.011 , 0.124 , 0.128 , 0.012 , 0.609 , 0.278 , 1.921 ,2.35," 7,154 ", 990 , 25.7 ,
07-Nov-2024, -   ,4.825, 0.011 , 0.118 , 0.146 , 0.013 , 0.564 , 0.277 , 1.919 ,2.604," 5,743 ", 857 , 22.3 ,
08-Nov-2024, -   ,0.074, 0.008 , 0.096 , 0.141 , 0.009 , 0.040 , 0.028 , 1.884 ,2.245," 8,482 "," 1,045 ", 20.9 ,
09-Nov-2024, 1.00 ,0.642, 0.009 , 0.106 , 0.135 , 0.010 , 0.676 , 0.250 , 1.885 ,3.3," 7,516 ", 940 , 20.9 ,
10-Nov-2024, 1.00 ,1.323, 0.010 , 0.117 , 0.132 , 0.011 , 0.801 , 0.409 , 2.688 ,3.873," 6,960 ", 984 , 20.3 ,
11-Nov-2024, -   ,4.392, 0.012 , 0.137 , 0.132 , 0.012 , 0.735 , 0.374 , 1.624 ,2.048," 5,125 ", 788 , 20.1 ,
12-Nov-2024, -   ,2.286, 0.011 , 0.131 , 0.141 , 0.012 , 0.318 , 0.168 , 1.559 ,1.837," 6,658 ", 793 , 20.4 ,
13-Nov-2024, -   ,3.956, 0.012 , 0.134 , 0.135 , 0.012 , 0.350 , 0.191 , 1.736 ,3.018," 6,200 ", 869 , 20.5 ,
14-Nov-2024, -   ,0.717, 0.010 , 0.120 , 0.115 , 0.010 , 0.464 , 0.251 , 2.354 ,3.027," 6,449 ", 786 , 19.3 ,
15-Nov-2024, -   ,2.097, 0.011 , 0.129 , 0.125 , 0.012 , 0.445 , 0.266 , 2.351 ,2.848," 6,638 ", 792 , 20.2 ,
16-Nov-2024, 1.00 ,0.43, 0.012 , 0.141 , 0.140 , 0.013 , 0.507 , 0.203 , 3.123 ,3.766," 7,907 ", 993 , 22.6 ,
17-Nov-2024, 1.00 ,19.819, 0.012 , 0.134 , 0.151 , 0.014 , 0.856 , 0.415 , 2.594 ,3.722," 6,778 ", 898 , 22.4 ,
18-Nov-2024, -   ,2.983, 0.009 , 0.097 , 0.151 , 0.010 , 0.225 , 0.113 , 2.259 ,3.415," 8,114 "," 1,036 ", 19.9 ,
19-Nov-2024, -   ,0.957, 0.010 , 0.111 , 0.141 , 0.010 , 0.276 , 0.142 , 1.912 ,2.621," 6,938 ", 810 , 19.0 ,
20-Nov-2024, -   ,0.336, 0.010 , 0.111 , 0.134 , 0.010 , 0.276 , 0.179 , 2.133 ,2.779," 8,078 ", 988 , 20.2 ,
21-Nov-2024, -   ,0.605, 0.010 , 0.112 , 0.120 , 0.010 , 0.147 , 0.104 , 2.317 ,3.084," 8,493 "," 1,017 ", 20.9 ,
22-Nov-2024, -   ,0.44, 0.010 , 0.114 , 0.098 , 0.011 , 0.108 , 0.058 , 2.001 ,2.572," 8,478 "," 1,013 ", 22.6 ,
23-Nov-2024, 1.00 ,0.044, 0.010 , 0.116 , 0.104 , 0.011 , 0.737 , 0.373 , 2.119 ,2.872," 8,612 "," 1,055 ", 24.1 ,
24-Nov-2024, 1.00 ,0.164, 0.012 , 0.130 , 0.117 , 0.013 , 0.764 , 0.376 , 2.288 ,2.934," 7,669 ", 923 , 24.0 ,
25-Nov-2024, -   ,0.151, 0.012 , 0.138 , 0.120 , 0.013 , 0.824 , 0.403 , 2.402 ,3.442," 8,082 ", 991 , 24.4 ,
26-Nov-2024, -   ,0.524, 0.012 , 0.137 , 0.127 , 0.014 , 0.610 , 0.316 , 2.043 ,2.845," 7,855 ", 984 , 25.8 ,
27-Nov-2024, -   ,4.839, 0.013 , 0.144 , 0.126 , 0.014 , 0.765 , 0.392 , 1.686 ,2.67," 6,374 ", 922 , 25.3 ,
28-Nov-2024, -   ,9.784, 0.014 , 0.163 , 0.116 , 0.015 , 0.788 , 0.393 , 1.196 ,1.74," 4,450 ", 637 , 23.5 ,
29-Nov-2024, -   ,22.261, 0.015 , 0.173 , 0.126 , 0.015 , 0.939 , 0.469 , 2.091 ,3.028," 3,575 ", 553 , 21.7 ,
30-Nov-2024, 1.00 ,12.308, 0.015 , 0.180 , 0.132 , 0.016 , 0.879 , 0.457 , 2.356 ,3.069," 3,184 ", 460 , 21.5 ,
01-Dec-2024, 1.00 ,2.842, 0.013 , 0.150 , 0.110 , 0.014 , 0.452 , 0.231 , 1.555 ,1.901," 6,706 ", 894 , 22.9 ,
02-Dec-2024, -   ,0.603, 0.013 , 0.143 , 0.116 , 0.014 , 0.514 , 0.241 , 1.998 ,2.331," 7,649 "," 1,075 ", 25.6 ,
03-Dec-2024, -   ,6.029, 0.014 , 0.162 , 0.112 , 0.016 , 0.650 , 0.332 , 1.969 ,2.653," 4,669 ", 805 , 23.3 ,
04-Dec-2024, -   ,1.487, 0.012 , 0.147 , 0.108 , 0.013 , 0.152 , 0.077 , 1.708 ,2.457," 8,072 ", 968 , 22.2 ,
05-Dec-2024, -   ,0.687, 0.014 , 0.168 , 0.116 , 0.015 , 0.285 , 0.116 , 1.327 ,2.001," 8,248 "," 1,019 ", 24.6 ,
06-Dec-2024, -   ,6.856, 0.016 , 0.183 , 0.123 , 0.017 , 0.584 , 0.203 , 1.603 ,2.297," 6,939 ", 986 , 25.6 ,
07-Dec-2024, 1.00 ,6.84, 0.016 , 0.190 , 0.102 , 0.018 , 0.167 , 0.104 , 1.746 ,2.625," 7,298 ", 891 , 25.9 ,
08-Dec-2024, 1.00 ,1.933, 0.012 , 0.144 , 0.096 , 0.013 , 0.350 , 0.147 , 2.245 ,3.491," 8,074 "," 1,044 ", 21.9 ,
09-Dec-2024, -   ,0.878, 0.012 , 0.131 , 0.102 , 0.013 , 0.266 , 0.163 , 1.912 ,2.985," 7,440 ", 874 , 21.7 ,
10-Dec-2024, -   ,1.606, 0.011 , 0.123 , 0.110 , 0.011 , 0.288 , 0.058 , 2.283 ,3.518," 8,638 "," 1,057 ", 21.2 ,
11-Dec-2024, -   ,0.056, 0.010 , 0.115 , 0.124 , 0.011 , 0.048 , 0.034 , 1.899 ,3.004," 8,670 ", 957 , 21.7 ,
12-Dec-2024, -   ,0.001, 0.011 , 0.117 , 0.123 , 0.013 , 0.011 , 0.005 , 1.470 ,2.608," 9,291 "," 1,101 ", 23.9 ,
13-Dec-2024, -   ,0.2, 0.012 , 0.136 , 0.121 , 0.014 , 0.212 , 0.075 , 1.837 ,2.488," 8,849 "," 1,080 ", 24.9 ,
14-Dec-2024, 1.00 ,0.249, 0.013 , 0.151 , 0.106 , 0.014 , 0.361 , 0.119 , 1.402 ,2.362," 8,764 "," 1,045 ", 25.1 ,
15-Dec-2024, 1.00 ,0.081, 0.014 , 0.156 , 0.106 , 0.015 , 0.136 , 0.030 , 1.747 ,2.731," 8,992 "," 1,065 ", 25.4 ,
16-Dec-2024, -   ,0.295, 0.014 , 0.157 , 0.108 , 0.014 , 0.061 , 0.035 , 2.550 ,3.174," 9,028 "," 1,073 ", 26.2 ,
17-Dec-2024, -   ,2.755, 0.012 , 0.138 , 0.109 , 0.015 , 0.462 , 0.175 , 3.332 ,4.469," 7,434 "," 1,022 ", 24.2 ,
18-Dec-2024, -   ,0.879, 0.009 , 0.105 , 0.113 , 0.009 , 0.262 , 0.100 , 3.707 ,4.837," 8,313 "," 1,000 ", 20.1 ,
19-Dec-2024, -   ,0.023, 0.008 , 0.097 , 0.120 , 0.009 , 0.099 , 0.044 , 2.659 ,3.456," 9,097 "," 1,095 ", 20.3 ,
20-Dec-2024, -   ,0.002, 0.009 , 0.106 , 0.108 , 0.010 , 0.026 , 0.010 , 1.729 ,2.81," 9,249 "," 1,087 ", 22.2 ,
21-Dec-2024, 1.00 ,0.115, 0.011 , 0.119 , 0.108 , 0.012 , 0.178 , 0.055 , 2.016 ,3.337," 8,691 "," 1,074 ", 23.5 ,
22-Dec-2024, 1.00 ,1.184, 0.011 , 0.111 , 0.117 , 0.013 , 0.081 , 0.034 , 2.552 ,3.809," 8,915 "," 1,037 ", 23.2 ,
23-Dec-2024, -   ,0.145, 0.007 , 0.078 , 0.109 , 0.007 , 0.021 , 0.015 , 2.556 ,3.886," 9,495 "," 1,111 ", 19.9 ,
24-Dec-2024, -   ,0.032, 0.008 , 0.089 , 0.120 , 0.009 , 0.039 , 0.010 , 2.322 ,3.792," 9,429 "," 1,117 ", 20.5 ,
25-Dec-2024, -   ,0.002, 0.010 , 0.113 , 0.120 , 0.011 , 0.013 , 0.003 , 1.695 ,2.925," 9,340 "," 1,098 ", 23.4 ,
26-Dec-2024, -   ,0.947, 0.011 , 0.126 , 0.120 , 0.012 , 0.116 , 0.080 , 3.092 ,3.885," 9,054 "," 1,097 ", 26.1 ,
27-Dec-2024, -   ,2.741, 0.012 , 0.134 , 0.113 , 0.014 , 0.345 , 0.177 , 2.555 ,3.374," 7,901 "," 1,052 ", 24.2 ,
28-Dec-2024, 1.00 ,0.123, 0.009 , 0.101 , 0.111 , 0.011 , 0.168 , 0.158 , 1.997 ,3.046," 8,321 "," 1,007 ", 22.2 ,
29-Dec-2024, 1.00 ,0.039, 0.010 , 0.111 , 0.108 , 0.011 , 0.121 , 0.025 , 2.099 ,3.387," 9,214 "," 1,099 ", 22.8 ,
30-Dec-2024, -   ,0.157, 0.011 , 0.131 , 0.113 , 0.012 , 0.407 , 0.194 , 2.004 ,2.951," 7,964 "," 1,066 ", 23.8 ,
31-Dec-2024, -   ,0.951, 0.012 , 0.137 , 0.106 , 0.013 , 0.270 , 0.171 , 1.881 ,2.714," 7,790 ", 868 , 23.6 ,
